Date,Month,Quarter,Product,Category,Region,Customer Segment,Units Sold,Revenue,Cost,Profit,Discount,Acquisition Channel
2024-01-01 00:00:00,Jan,Q1,Eco Basics,Essentials,North,Value Seekers,97,2240.744850118992,1379.8176036398877,860.9272464791043,0.08619221345251732,Organic Search
2024-01-01 00:00:00,Jan,Q1,Eco Basics,Essentials,North,Value Seekers,95,2053.8342225866227,1293.435128939555,760.3990936470677,0.08414657607627049,Email
2024-01-01 00:00:00,Jan,Q1,Eco Basics,Essentials,North,Value Seekers,75,1365.5752892983578,804.257586338284,561.3177029600738,0.16604905678915086,Paid Social
2024-01-01 00:00:00,Jan,Q1,Eco Basics,Essentials,North,Value Seekers,90,1782.263393454008,1059.6955545695541,722.567838884454,0.12594281176897568,Paid Search
2024-01-01 00:00:00,Jan,Q1,Eco Basics,Essentials,North,Mainstream,89,1924.5853459626912,1174.384116240973,750.2012297217182,0.0516882051171981,Organic Search
2024-01-01 00:00:00,Jan,Q1,Eco Basics,Essentials,North,Mainstream,85,1851.7782621889621,1138.3797839456522,713.3984782433099,0.07277306474274665,Email
2024-01-01 00:00:00,Jan,Q1,Eco Basics,Essentials,North,Mainstream,80,1550.9292365081255,984.538887780431,566.3903487276946,0.13966256938155167,Paid Social
2024-01-01 00:00:00,Jan,Q1,Eco Basics,Essentials,North,Mainstream,73,1483.049233154972,924.7457128441682,558.3035203108037,0.08947890875072444,Paid Search
2024-01-01 00:00:00,Jan,Q1,Eco Basics,Essentials,North,Premium,63,1425.5877482105593,845.9246728618482,579.6630753487111,0.04710879294029399,Organic Search
2024-01-01 00:00:00,Jan,Q1,Eco Basics,Essentials,North,Premium,64,1473.6342731005593,866.8878741620357,606.7463989385236,0.05200389479013229,Email
2024-01-01 00:00:00,Jan,Q1,Eco Basics,Essentials,North,Premium,42,880.2908212283164,562.1167386557474,318.174082572569,0.12307694999235104,Paid Social
2024-01-01 00:00:00,Jan,Q1,Eco Basics,Essentials,North,Premium,59,1148.0433841672343,705.3970921805101,442.64629198672424,0.14328200297790497,Paid Search
2024-01-01 00:00:00,Jan,Q1,Eco Basics,Essentials,South,Value Seekers,92,2066.375156499264,1240.002741138602,826.372415360662,0.058020644053867754,Organic Search
2024-01-01 00:00:00,Jan,Q1,Eco Basics,Essentials,South,Value Seekers,80,1800.0696415071402,1148.558901601911,651.5107399052292,0.06009483439798324,Email
2024-01-01 00:00:00,Jan,Q1,Eco Basics,Essentials,South,Value Seekers,56,1147.5133818446006,710.7183012763035,436.7950805682972,0.16903489013771036,Paid Social
2024-01-01 00:00:00,Jan,Q1,Eco Basics,Essentials,South,Value Seekers,70,1348.7043882654789,828.9378152620519,519.766573003427,0.17911609139535015,Paid Search
2024-01-01 00:00:00,Jan,Q1,Eco Basics,Essentials,South,Mainstream,67,1555.6345664025207,1005.8765662762089,549.7580001263118,0.0445082028040622,Organic Search
2024-01-01 00:00:00,Jan,Q1,Eco Basics,Essentials,South,Mainstream,59,1297.443485279319,792.696935540126,504.74654973919303,0.05704324454315882,Email
2024-01-01 00:00:00,Jan,Q1,Eco Basics,Essentials,South,Mainstream,75,1486.0410436678471,907.1750297642714,578.8660139035758,0.16288505294255187,Paid Social
2024-01-01 00:00:00,Jan,Q1,Eco Basics,Essentials,South,Mainstream,74,1464.6918292399907,899.4703008890804,565.2215283509104,0.1328316858278339,Paid Search
2024-01-01 00:00:00,Jan,Q1,Eco Basics,Essentials,South,Premium,43,981.6481421664618,608.7122012170424,372.9359409494193,0.0574030069266144,Organic Search
2024-01-01 00:00:00,Jan,Q1,Eco Basics,Essentials,South,Premium,43,954.227421124072,577.8410116434801,376.38640948059185,0.06413532166562133,Email
2024-01-01 00:00:00,Jan,Q1,Eco Basics,Essentials,South,Premium,54,1033.3872674647855,645.4907931292297,387.8964743355558,0.18715464753026329,Paid Social
2024-01-01 00:00:00,Jan,Q1,Eco Basics,Essentials,South,Premium,60,1154.9837595362628,715.5387151926511,439.4450443436117,0.11813885210584582,Paid Search
2024-01-01 00:00:00,Jan,Q1,Eco Basics,Essentials,East,Value Seekers,86,2081.6326676278004,1283.40460630047,798.2280613273304,0.07150575524852566,Organic Search
2024-01-01 00:00:00,Jan,Q1,Eco Basics,Essentials,East,Value Seekers,73,1644.3548157683688,1041.7559904381972,602.5988253301716,0.09753868355834032,Email
2024-01-01 00:00:00,Jan,Q1,Eco Basics,Essentials,East,Value Seekers,70,1253.7848495541277,790.5908723186418,463.19397723548593,0.1950698577734025,Paid Social
2024-01-01 00:00:00,Jan,Q1,Eco Basics,Essentials,East,Value Seekers,65,1182.3067256496583,720.9784928430573,461.328232806601,0.19476139064524944,Paid Search
2024-01-01 00:00:00,Jan,Q1,Eco Basics,Essentials,East,Mainstream,87,2069.498927355137,1243.517479830717,825.9814475244198,0.011233414223346685,Organic Search
2024-01-01 00:00:00,Jan,Q1,Eco Basics,Essentials,East,Mainstream,80,1714.5405495269404,1053.0757651851213,661.464784341819,0.08183981076587954,Email
2024-01-01 00:00:00,Jan,Q1,Eco Basics,Essentials,nORTH,Mainstream,83,1560.5367568506117,973.9220618432696,586.6146950073421,0.16033793043424177,Paid Social
2024-01-01 00:00:00,Jan,Q1,Eco Basics,Essentials,East,Mainstream,72,1440.5521520612353,913.4149534464169,527.1371986148184,0.15267856885706071,Paid Search
2024-01-01 00:00:00,Jan,Q1,Eco Basics,Essentials,East,Premium,52,1181.4698297125567,737.8383898361476,443.6314398764091,0.06304853914042244,Organic Search
2024-01-01 00:00:00,Jan,Q1,Eco Basics,Essentials,East,Premium,54,1206.303141636175,732.3969093380741,473.9062322981009,0.0786612052374244,Email
2024-01-01 00:00:00,Jan,Q1,Eco Basics,Essentials,East,Premium,48,1022.3694782500706,615.9323502833399,406.4371279667307,0.1102174125699338,Paid Social
2024-01-01 00:00:00,Jan,Q1,Eco Basics,Essentials,East,Premium,45,936.4659573376941,587.5668886958283,348.8990686418658,0.1396771150935613,Paid Search
2024-01-01 00:00:00,Jan,Q1,Eco Basics,Essentials,West,Value Seekers,92,2012.4567657188686,1215.5012267678185,796.9555389510501,0.06386529709992825,Organic Search
2024-01-01 00:00:00,Jan,Q1,Eco Basics,Essentials,West,Value Seekers,93,2077.5872236147698,1342.4612675413903,735.1259560733795,0.06960474287586405,Email
2024-01-01 00:00:00,Jan,Q1,Eco Basics,Essentials,West,Value Seekers,75,1403.3456354478162,843.0233123402644,560.3223231075518,0.17564168369412517,Paid Social
2024-01-01 00:00:00,Jan,Q1,Eco Basics,Essentials,West,Value Seekers,93,1830.8507647971785,1158.657584486384,672.1931803107946,0.15206181038107963,Paid Search
2024-01-01 00:00:00,Jan,Q1,Eco Basics,Essentials,West,Mainstream,76,1677.4940491317102,1026.5638393127267,650.9302098189835,0.028830157048289878,Organic Search
2024-01-01 00:00:00,Jan,Q1,Eco Basics,Essentials,West,Mainstream,62,1360.1767769454127,852.743397236047,507.4333797093657,0.09140996985808682,Email
2024-01-01 00:00:00,Jan,Q1,Eco Basics,Essentials,West,Mainstream,67,1292.1801180735,809.4735360492908,482.70658202420907,0.14145521796115001,Paid Social
2024-01-01 00:00:00,Jan,Q1,Eco Basics,Essentials,West,Mainstream,73,1407.939734050232,849.1554146400363,558.7843194101956,0.13401961315920585,Paid Search
2024-01-01 00:00:00,Jan,Q1,Eco Basics,Essentials,West,Premium,60,1531.4267981108528,965.2216013122576,566.2051967985952,0.0628761921576512,Organic Search
2024-01-01 00:00:00,Jan,Q1,Eco Basics,Essentials,West,Premium,53,1134.194194874628,718.6951335337651,415.4990613408629,0.09838914100451499,Email
2024-01-01 00:00:00,Jan,Q1,Eco Basics,Essentials,West,Premium,42,859.5895794008906,568.759354136656,290.8302252642345,0.12786591130427244,Paid Social
2024-01-01 00:00:00,Jan,Q1,Eco Basics,Essentials,West,Premium,42,895.699408128196,572.8903363328028,322.80907179539315,0.07331837018520629,Paid Search
2024-01-01 00:00:00,Jan,Q1,Daily Care,Essentials,North,Value Seekers,78,2422.190418089179,1421.4706838268355,1000.7197342623433,0.052117407268500796,Organic Search
2024-01-01 00:00:00,Jan,Q1,Daily Care,Essentials,North,Value Seekers,63,1960.4936509824133,1198.666486522294,761.8271644601193,0.09541146473954938,Email
2024-01-01 00:00:00,Jan,Q1,Daily Care,Essentials,North,Value Seekers,77,2119.1565941143645,1241.263396589822,877.8931975245425,0.1434553383807903,Paid Social
2024-01-01 00:00:00,Jan,Q1,Daily Care,Essentials,North,Value Seekers,89,2295.3556007778316,1363.3929733339155,931.9626274439161,0.1371315889633275,Paid Search
2024-01-01 00:00:00,Jan,Q1,Daily Care,Essentials,North,Mainstream,71,2087.2947638873097,1205.0038017688305,882.2909621184792,0.09413635600702742,Organic Search
2024-01-01 00:00:00,Jan,Q1,Daily Care,Essentials,North,Mainstream,76,2088.64588507273,1234.982447976964,853.6634370957659,0.09294654867636941,Email
2024-01-01 00:00:00,Jan,Q1,Daily Care,Essentials,North,Mainstream,64,1741.0502081701818,1015.5811400731035,725.4690680970783,0.15109548570365572,Paid Social
2024-01-01 00:00:00,Jan,Q1,Daily Care,Essentials,North,Mainstream,70,1908.1518017139108,1102.0338059456847,806.1179957682261,0.11851186609845499,Paid Search
2024-01-01 00:00:00,Jan,Q1,Daily Care,Essentials,North,Premium,53,1637.3159858688794,1024.8663478528154,612.449638016064,0.03899888783257541,Organic Search
2024-01-01 00:00:00,Jan,Q1,Daily Care,Essentials,North,Premium,50,1492.3444799282674,907.8198041984648,584.5246757298027,0.03410344622051402,Email
2024-01-01 00:00:00,Jan,Q1,Daily Care,Essentials,North,Premium,34,898.1587193148998,540.7304502706959,357.42826904420394,0.1417450521247505,Paid Social
2024-01-01 00:00:00,Jan,Q1,Daily Care,Essentials,North,Premium,45,1302.7833340741092,735.8933463108539,566.8899877632554,0.13655326686302616,Paid Search
2024-01-01 00:00:00,Jan,Q1,Daily Care,Essentials,South,Value Seekers,90,2600.2351749598183,1550.400102646617,1049.8350723132014,0.07702479669337582,Organic Search
2024-01-01 00:00:00,Jan,Q1,Daily Care,Essentials,South,Value Seekers,76,2196.8244281499756,1351.6903364269635,845.134091723012,0.0776749766335292,Email
2024-01-01 00:00:00,Jan,Q1,Daily Care,Essentials,South,Value Seekers,50,1289.0322404599806,792.2798428841649,496.75239757581573,0.18248999688583128,Paid Social
2024-01-01 00:00:00,Jan,Q1,Daily Care,Essentials,South,Value Seekers,58,1567.7308790978964,957.8626610891959,609.8682180087005,0.15574072104809028,Paid Search
2024-01-01 00:00:00,Jan,Q1,Daily Care,Essentials,South,Mainstream,62,1844.517759704835,1099.4833526073835,745.0344070974515,0.06367743452925095,Organic Search
2024-01-01 00:00:00,Jan,Q1,Daily Care,Essentials,South,Mainstream,65,1963.0390784490519,1178.565611584039,784.4734668650128,0.09746942129967975,Email
2024-01-01 00:00:00,Jan,Q1,Daily Care,Essentials,South,Mainstream,50,1322.9041016110189,796.0521554453258,526.8519461656931,0.14810415881221106,Paid Social
2024-01-01 00:00:00,Jan,Q1,Daily Care,Essentials,South,Mainstream,59,1536.4414561764015,888.2853387403619,648.1561174360396,0.13487892563592283,Paid Search
2024-01-01 00:00:00,Jan,Q1,Daily Care,Essentials,South,Premium,48,1466.79759395786,879.7552127096951,587.0423812481649,0.06560299542630388,Organic Search
2024-01-01 00:00:00,Jan,Q1,Daily Care,Essentials,South,Premium,27,850.9856291262577,508.33879054607996,342.6468385801777,0.047568640712854215,Email
2024-01-01 00:00:00,Jan,Q1,Daily Care,Essentials,South,Premium,34,883.5533537877785,517.0554516876693,366.4979021001092,0.15032328635689063,Paid Social
2024-01-01 00:00:00,Jan,Q1,Daily Care,Essentials,South,Premium,28,750.8594425633039,453.651929496984,297.2075130663199,0.1260921802872978,Paid Search
2024-01-01 00:00:00,Jan,Q1,Daily Care,Essentials,East,Value Seekers,80,2408.650802187485,1458.6701009435992,949.980701243886,0.052038894468689104,Organic Search
2024-01-01 00:00:00,Jan,Q1,Daily Care,Essentials,East,Value Seekers,74,2066.1628257137036,1202.4126951400037,863.7501305736998,0.1268839054237388,Email
2024-01-01 00:00:00,Jan,Q1,Daily Care,Essentials,East,Value Seekers,52,1310.64779075911,798.6409209629815,512.0068697961285,0.16806796400845225,Paid Social
2024-01-01 00:00:00,Jan,Q1,Daily Care,electronic,East,Value Seekers,94,2468.037063857553,1462.9981523974639,1005.0389114600894,0.17831847282506444,Paid Search
2024-01-01 00:00:00,Jan,Q1,Daily Care,Essentials,East,Mainstream,59,1823.6852961530687,1141.8469043744033,681.8383917786655,0.05061275435647357,Organic Search
2024-01-01 00:00:00,Jan,Q1,Daily Care,Essentials,East,Mainstream,67,2001.8100771606764,1207.6923320401759,794.1177451205006,0.09398177065213018,Email
2024-01-01 00:00:00,Jan,Q1,Daily Care,Essentials,East,Mainstream,43,1049.766998316108,613.9929779913061,435.77402032480177,0.19474507333044183,Paid Social
2024-01-01 00:00:00,Jan,Q1,Daily Care,Essentials,East,Mainstream,63,1712.4413125059216,1032.1005170994617,680.3407954064598,0.10501518386389944,Paid Search
2024-01-01 00:00:00,Jan,Q1,Daily Care,Essentials,East,Premium,55,1597.2653357899346,932.5290824631837,664.7362533267509,0.07376059595465126,Organic Search
2024-01-01 00:00:00,Jan,Q1,Daily Care,Essentials,East,Premium,57,1596.5411750471665,1010.5566929698755,585.984482077291,0.08229797928766265,Email
2024-01-01 00:00:00,Jan,Q1,Daily Care,Essentials,East,Premium,54,1376.2726913166453,783.3242899490784,592.9484013675668,0.16948600301803218,Paid Social
2024-01-01 00:00:00,Jan,Q1,Daily Care,Essentials,East,Premium,51,1271.263206169728,749.0425822610279,522.2206239087001,0.1538468093541353,Paid Search
2024-01-01 00:00:00,Jan,Q1,Daily Care,Essentials,West,Value Seekers,90,2741.5383902094377,1650.8593457908905,1090.6790444185472,0.043309489265435146,Organic Search
2024-01-01 00:00:00,Jan,Q1,Daily Care,Essentials,West,Value Seekers,65,1765.853543433709,1100.1235486398523,665.7299947938568,0.10286097085146874,Email
2024-01-01 00:00:00,Jan,Q1,Daily Care,Essentials,West,Value Seekers,55,1380.461999270354,857.580748634252,522.881250636102,0.1987787993880631,Paid Social
2024-01-01 00:00:00,Jan,Q1,Daily Care,Essentials,West,Value Seekers,70,1858.2191094374634,1147.4285163927568,710.7905930447066,0.14168796203525272,Paid Search
2024-01-01 00:00:00,Jan,Q1,Daily Care,Essentials,West,Mainstream,60,1878.9114794757727,1094.7127838812735,784.1986955944992,0.06613439873962869,Organic Search
2024-01-01 00:00:00,Jan,Q1,Daily Care,Essentials,West,Mainstream,54,1635.8372298844781,929.7161303986278,706.1210994858503,0.08715128649996098,Email
2024-01-01 00:00:00,Jan,Q1,Daily Care,Essentials,West,Mainstream,57,1580.112560922164,990.7976150354231,589.3149458867409,0.13326482913888607,Paid Social
2024-01-01 00:00:00,Jan,Q1,Daily Care,Essentials,West,Mainstream,59,1520.1213865208465,910.552925501342,609.5684610195045,0.12185236951049437,Paid Search
2024-01-01 00:00:00,Jan,Q1,Daily Care,Essentials,West,Premium,48,1544.6672198393626,936.9932331883529,607.6739866510097,0.017388262487378674,Organic Search
2024-01-01 00:00:00,Jan,Q1,Daily Care,Essentials,West,Premium,37,1126.4638078037112,695.24508327846,431.2187245252512,0.046503005341816124,Email
2024-01-01 00:00:00,Jan,Q1,Daily Care,Essentials,West,Premium,43,1139.0493838575298,681.2351987344327,457.8141851230971,0.126743559540689,Paid Social
2024-01-01 00:00:00,Jan,Q1,Daily Care,Essentials,West,Premium,35,1057.2463497278982,635.0188905455487,422.22745918234943,0.09411894193951564,Paid Search
2024-01-01 00:00:00,Jan,Q1,Home Comfort,Home,North,Value Seekers,70,3757.911324655039,2183.5531670051178,1574.3581576499214,0.06719179875772927,Organic Search
2024-01-01 00:00:00,Jan,Q1,Home Comfort,Home,North,Value Seekers,53,2712.7564930581357,1433.869272492538,1278.8872205655978,0.10893769275118265,Email
2024-01-01 00:00:00,Jan,Q1,Home Comfort,Home,North,Value Seekers,59,2642.176783638428,1533.4613442740622,1108.7154393643657,0.2011241928375321,Paid Social
2024-01-01 00:00:00,Jan,Q1,Home Comfort,Home,North,Value Seekers,58,2782.6778662715324,1538.2650815558225,1244.41278471571,0.1477812538635884,Paid Search
2024-01-01 00:00:00,Jan,Q1,Home Comfort,Home,North,Mainstream,61,3257.357262000131,1818.7834995018789,1438.573762498252,0.03109123136789242,Organic Search
2024-01-01 00:00:00,Jan,Q1,Home Comfort,Home,North,Mainstream,57,3163.087060586646,1887.221083344442,1275.8659772422043,0.042961299909640135,Email
2024-01-01 00:00:00,Jan,Q1,Home Comfort,Home,North,Mainstream,38,1799.5422964341894,992.140879090053,807.4014173441365,0.17807810193174145,Paid Social
2024-01-01 00:00:00,Jan,Q1,Home Comfort,Home,North,Mainstream,47,2427.7838113318307,1467.2784870179214,960.5053243139093,0.1152415330479098,Paid Search
2024-01-01 00:00:00,Jan,Q1,Home Comfort,Home,North,Premium,43,2368.7807960138502,1324.9465294024728,1043.8342666113774,0.033733935771954326,Organic Search
2024-01-01 00:00:00,Jan,Q1,Home Comfort,Home,North,Premium,31,1713.8820626824104,951.2780667379606,762.6039959444498,0.048400230758004606,Email
2024-01-01 00:00:00,Jan,Q1,Home Comfort,Home,North,Premium,33,1564.703852061576,875.6366218665172,689.0672301950589,0.13402629882833977,Paid Social
2024-01-01 00:00:00,Jan,Q1,Home Comfort,Home,North,Premium,29,1417.0955528339714,826.9106374331272,590.1849154008441,0.1388847806456439,Paid Search
2024-01-01 00:00:00,Jan,Q1,Home Comfort,Home,South,Value Seekers,55,3079.847422179886,1713.200039219347,1366.647382960539,0.05343440602635384,Organic Search
2024-01-01 00:00:00,Jan,Q1,Home Comfort,Home,South,Value Seekers,49,2739.1320667999785,1516.7185100814388,1222.4135567185397,0.04487794748338703,Email
2024-01-01 00:00:00,Jan,Q1,Home Comfort,Home,South,Value Seekers,41,1868.7005190016423,1043.2337393177656,825.4667796838767,0.1583480050338171,Paid Social
2024-01-01 00:00:00,Jan,Q1,Home Comfort,Home,South,Value Seekers,43,2161.889343513452,1209.8277508711978,952.061592642254,0.14118496678291034,Paid Search
2024-01-01 00:00:00,Jan,Q1,Home Comfort,Home,South,Mainstream,43,2454.142816733935,1289.677570819211,1164.465245914724,0.06324510444788208,Organic Search
2024-01-01 00:00:00,Jan,Q1,Home Comfort,Home,South,Mainstream,41,2288.2589727508544,1279.4302730555876,1008.8286996952668,0.05007761861323809,Email
2024-01-01 00:00:00,Jan,Q1,Home Comfort,Home,South,Mainstream,53,2557.0519874158845,1511.269062776499,1045.7829246393856,0.1421647446868225,Paid Social
2024-01-01 00:00:00,Jan,Q1,Home Comfort,Home,South,Mainstream,33,1602.5185365003422,900.9582805514681,701.5602559488741,0.12636052108253032,Paid Search
2024-01-01 00:00:00,Jan,Q1,Home Comfort,Home,South,Premium,26,1524.944613399723,893.1299342715986,631.8146791281245,0.057244371422410324,Organic Search
2024-01-01 00:00:00,Jan,Q1,Home Comfort,Home,South,Premium,28,1414.8746255353726,780.8048532051636,634.069772330209,0.06184941169580398,Email
2024-01-01 00:00:00,Jan,Q1,Home Comfort,Home,South,Premium,27,1389.3927117579656,800.1299948889181,589.2627168690475,0.14046045947973881,Paid Social
2024-01-01 00:00:00,Jan,Q1,Home Comfort,Home,South,Premium,26,1312.65386348678,766.4265273371623,546.2273361496177,0.11452248677977839,Paid Search
2024-01-01 00:00:00,Jan,Q1,Home Comfort,Home,East,Value Seekers,64,3371.0267046352988,1959.8814638814788,1411.14524075382,-0.05,Organic Search
2024-01-01 00:00:00,Jan,Q1,Home Comfort,Home,East,Value Seekers,67,3262.3541940666128,1809.6370104434766,1452.7171836231362,1.25,Email
2024-01-01 00:00:00,Jan,Q1,Home Comfort,Home,East,Value Seekers,46,2143.9852851966343,1240.5562751315952,903.4290100650392,0.16178915593048482,Paid Social
2024-01-01 00:00:00,Jan,Q1,Home Comfort,Home,East,Value Seekers,50,2385.318593410924,1317.6076590276195,1067.7109343833047,0.1483415526321737,Paid Search
2024-01-01 00:00:00,Jan,Q1,Home Comfort,Home,East,Mainstream,62,3240.082655064514,1897.5638244393365,1342.5188306251773,0.0689247154161338,Organic Search
2024-01-01 00:00:00,Jan,Q1,Home Comfort,Home,East,Mainstream,54,2730.603101715734,1495.2679240962782,1235.3351776194556,0.10389094647012379,Email
2024-01-01 00:00:00,Jan,Q1,Home Comfort,Home,East,Mainstream,39,2099.207637371544,1221.2740422039176,877.9335951676264,0.09553199377739305,Paid Social
2024-01-01 00:00:00,Jan,Q1,Home Comfort,Home,East,Mainstream,39,2110.257773335542,1207.7553508686296,902.5024224669123,0.11861038322723862,Paid Search
2024-01-01 00:00:00,Jan,Q1,Home Comfort,Home,East,Premium,49,2686.6127519753513,1493.1426910879677,1193.4700608873836,0.06202523079341783,Organic Search
2024-01-01 00:00:00,Jan,Q1,Home Comfort,Home,East,Premium,35,1967.9109697695205,1103.6007678924193,864.3102018771012,0.0817867089283999,Email
2024-01-01 00:00:00,Jan,Q1,Home Comfort,Home,East,Premium,30,1512.4105623952694,815.9993956810038,696.4111667142656,0.1413931228072174,Paid Social
2024-01-01 00:00:00,Jan,Q1,Home Comfort,Home,East,Premium,20,918.307514626526,496.08127162384454,422.22624300268143,0.15823875798651535,Paid Search
2024-01-01 00:00:00,Jan,Q1,Home Comfort,Home,West,Value Seekers,59,3143.5601843813756,1772.8292356955515,1370.7309486858242,0.03775097750647366,Organic Search
2024-01-01 00:00:00,Jan,Q1,Home Comfort,Home,West,Value Seekers,47,2346.5583198175086,1326.0189305871488,1020.5393892303598,0.13172553813223484,Email
2024-01-01 00:00:00,Jan,Q1,Home Comfort,Home,West,Value Seekers,49,2400.702619435395,1448.2987804045888,952.403839030806,0.15422663674478304,Paid Social
2024-01-01 00:00:00,Jan,Q1,Home Comfort,Home,West,Value Seekers,42,2153.6393328719455,1229.8700524140531,923.7692804578924,0.16816412573869394,Paid Search
2024-01-01 00:00:00,Jan,Q1,Home Comfort,Home,West,Mainstream,45,2434.436742355173,1356.3921397727686,1078.0446025824044,0.049181168244600046,Organic Search
2024-01-01 00:00:00,Jan,Q1,Home Comfort,Home,West,Mainstream,54,2634.9423682727192,1553.6861876044782,1081.256180668241,0.07266075569229742,Email
2024-01-01 00:00:00,Jan,Q1,Home Comfort,Home,West,Mainstream,42,2036.1149037926814,1109.000095462034,927.1148083306473,0.1314328101479913,Paid Social
2024-01-01 00:00:00,Jan,Q1,Home Comfort,Home,West,Mainstream,48,2521.409212841085,1494.9132444801776,1026.4959683609072,0.10055458281022811,Paid Search
2024-01-01 00:00:00,Jan,Q1,Home Comfort,Home,West,Premium,30,1704.5202025904514,934.0799677492865,770.4402348411649,0.03688699334300566,Organic Search
2024-01-01 00:00:00,Jan,Q1,Home Comfort,Home,West,Premium,24,1301.3435459556779,752.172326670667,549.1712192850109,0.0878249607543097,Email
2024-01-01 00:00:00,Jan,Q1,Home Comfort,Home,West,Premium,36,1844.7378841655814,1071.1946884493511,773.5431957162302,0.11297341681000259,Paid Social
2024-01-01 00:00:00,Jan,Q1,Home Comfort,Home,West,Premium,25,1269.3663876249118,694.9526535688351,574.4137340560767,0.11226133901715024,Paid Search
2024-01-01 00:00:00,Jan,Q1,Smart Kitchen,Home,North,Value Seekers,45,3783.6723915292523,1995.2129874568159,1788.4594040724364,0.05693192448702402,Organic Search
2024-01-01 00:00:00,Jan,Q1,Smart Kitchen,Home,North,Value Seekers,44,3416.391407001485,1952.7625075397784,1463.6288994617064,0.054788467590911015,Email
2024-01-01 00:00:00,Jan,Q1,Smart Kitchen,Home,North,Value Seekers,40,2790.1894303605527,1479.3345978192094,1310.8548325413433,0.16527543668006547,Paid Social
2024-01-01 00:00:00,Jan,Q1,Smart Kitchen,Home,North,Value Seekers,48,3434.8446390438994,1864.108842676437,1570.7357963674624,0.14997840285880176,Paid Search
2024-01-01 00:00:00,Jan,Q1,Smart Kitchen,Home,North,Mainstream,40,3047.5044296208707,1571.6975731705566,1475.8068564503142,0.057695044222301484,Organic Search
2024-01-01 00:00:00,Jan,Q1,Smart Kitchen,Home,North,Mainstream,30,2352.9765985595714,1285.3286923606304,1067.647906198941,0.08858160235056789,Email
2024-01-01 00:00:00,Jan,Q1,Smart Kitchen,Home,North,Mainstream,28,1938.866080700318,1061.2355371455017,877.6305435548163,0.14489613137744206,Paid Social
2024-01-01 00:00:00,Jan,Q1,Smart Kitchen,Home,North,Mainstream,38,2965.909137944379,1654.0532335330367,1311.8559044113422,0.07743540989405398,Paid Search
2024-01-01 00:00:00,Jan,Q1,Smart Kitchen,Home,North,Premium,30,2454.650245681075,1297.9043333133382,1156.7459123677368,0.003978144216708869,Organic Search
2024-01-01 00:00:00,Jan,Q1,Smart Kitchen,Home,North,Premium,20,1608.9270751406982,846.9442116406533,761.9828635000449,0.07065227625527085,Email
2024-01-01 00:00:00,Jan,Q1,Smart Kitchen,Home,North,Premium,20,1410.865456972459,737.0844812309647,673.7809757414943,0.1169191688472274,Paid Social
2024-01-01 00:00:00,Jan,Q1,Smart Kitchen,Home,North,Premium,25,1820.3800173268826,989.0617051054942,831.3183122213884,0.14634104491519598,Paid Search
2024-01-01 00:00:00,Jan,Q1,Smart Kitchen,Home,South,Value Seekers,41,3344.1423872187606,1959.9400590453156,1384.202328173445,0.05560905434405566,Organic Search
2024-01-01 00:00:00,Jan,Q1,Smart Kitchen,Home,South,Value Seekers,31,2429.483605761225,1389.3595071513262,1040.124098609899,0.08759850250688377,Email
2024-01-01 00:00:00,Jan,Q1,Smart Kitchen,Home,South,Value Seekers,34,2298.1618189803894,1267.1681380080624,1030.993680972327,0.17769379838638688,Paid Social
2024-01-01 00:00:00,Jan,Q1,Smart Kitchen,Home,South,Value Seekers,28,1912.0907980430811,1024.010025046384,888.0807729966971,0.16431386124066824,Paid Search
2024-01-01 00:00:00,Jan,Q1,Smart Kitchen,Home,South,Mainstream,43,3596.447768240604,1953.5854574778957,1642.8623107627084,0.04813916427249885,Organic Search
2024-01-01 00:00:00,Jan,Q1,Smart Kitchen,Home,South,Mainstream,37,3125.5476986852027,1748.6003280617397,1376.947370623463,0.036616391032247474,Email
2024-01-01 00:00:00,Jan,Q1,Smart Kitchen,Home,South,Mainstream,23,1649.7450629674292,898.9269792280629,750.8180837393663,0.15074045547831466,Paid Social
2024-01-01 00:00:00,Jan,Q1,Smart Kitchen,Home,South,Mainstream,38,2795.705710553998,1562.6785817298417,1233.0271288241563,0.08808128560449226,Paid Search
2024-01-01 00:00:00,Jan,Q1,Smart Kitchen,Home,South,Premium,32,2615.172472420157,1456.3610667595938,1158.8114056605634,0.05070795940326153,Organic Search
2024-01-01 00:00:00,Jan,Q1,Smart Kitchen,Home,South,Premium,17,1389.2390006121236,738.2173277098711,651.0216729022525,0.05709888179456566,Email
2024-01-01 00:00:00,Jan,Q1,Smart Kitchen,Home,South,Premium,17,1213.5767919084576,686.939805649984,526.6369862584736,0.13532820889596603,Paid Social
2024-01-01 00:00:00,Jan,Q1,Smart Kitchen,Home,South,Premium,17,1259.0505931878965,700.0489435785265,559.00164960937,0.12491386941278937,Paid Search
2024-01-01 00:00:00,Jan,Q1,Smart Kitchen,Home,East,Value Seekers,37,3062.8263788697,1625.4076798015012,1437.4186990681987,0.07205709973188561,Organic Search
2024-01-01 00:00:00,Jan,Q1,Smart Kitchen,Home,East,Value Seekers,38,2814.1612158779617,1593.268104664846,1220.8931112131156,0.12523368600463952,Email
2024-01-01 00:00:00,Jan,Q1,Smart Kitchen,Home,East,Value Seekers,34,2400.790217851429,1238.3273322047955,1162.4628856466336,0.14949532957260359,Paid Social
2024-01-01 00:00:00,Jan,Q1,Smart Kitchen,Home,East,Value Seekers,33,2440.2459081804936,1328.0205381862077,1112.225369994286,0.11703370133789504,Paid Search
2024-01-01 00:00:00,Jan,Q1,Smart Kitchen,Home,East,Mainstream,35,2764.567958342584,1490.4052733424896,1274.1626850000944,0.0746080599619146,Organic Search
2024-01-01 00:00:00,Jan,Q1,Smart Kitchen,Home,East,Mainstream,36,2843.518870346318,1560.705490301807,1282.8133800445112,0.0868704873041651,Email
2024-01-01 00:00:00,Jan,Q1,Smart Kitchen,Home,East,Mainstream,33,2378.7337776247236,1257.8351023859088,1120.8986752388148,0.12405650039371711,Paid Social
2024-01-01 00:00:00,Jan,Q1,Smart Kitchen,Home,East,Mainstream,38,2989.797323801636,1583.7750715036898,1406.0222522979464,0.10611307202099363,Paid Search
2024-01-01 00:00:00,Jan,Q1,Smart Kitchen,Home,East,Premium,29,2456.9800332699447,1335.7436185551746,1121.23641471477,0.036194423892975724,Organic Search
2024-01-01 00:00:00,Jan,Q1,Smart Kitchen,Home,East,Premium,25,2036.3393986101967,1085.4124199443013,950.9269786658954,0.03210639712506921,Email
2024-01-01 00:00:00,Jan,Q1,Smart Kitchen,Home,East,Premium,27,2044.0869874796656,1097.296453785578,946.7905336940876,0.15646360681682078,Paid Social
2024-01-01 00:00:00,Jan,Q1,Smart Kitchen,Home,East,Premium,20,1507.4787458421483,862.7331638286254,644.745582013523,0.10004256888653865,Paid Search
2024-01-01 00:00:00,Jan,Q1,Smart Kitchen,Home,West,Value Seekers,29,2370.11288457744,1279.1603235553039,1090.9525610221363,0.05705971752409572,Organic Search
2024-01-01 00:00:00,Jan,Q1,Smart Kitchen,Home,West,Value Seekers,36,2678.6915923433016,1496.83918918964,1181.8524031536617,0.11970983183620211,Email
2024-01-01 00:00:00,Jan,Q1,Smart Kitchen,Home,West,Value Seekers,37,2528.565573444559,1392.3085801322534,1136.2569933123057,0.1745982046331491,Paid Social
2024-01-01 00:00:00,Jan,Q1,Smart Kitchen,Home,West,Value Seekers,38,2780.1886744012922,1533.7655300607776,1246.4231443405147,0.1677175895145727,Paid Search
2024-01-01 00:00:00,Jan,Q1,Smart Kitchen,Home,West,Mainstream,29,2391.939623629729,1343.5935356186596,1048.3460880110692,0.045822047992078646,Organic Search
2024-01-01 00:00:00,Jan,Q1,Smart Kitchen,Home,West,Mainstream,26,2127.2847478082895,1197.687124482845,929.5976233254444,0.049576608225319105,Email
2024-01-01 00:00:00,Jan,Q1,Smart Kitchen,Home,West,Mainstream,32,2435.688375052728,1301.7779888870264,1133.9103861657018,0.1561371045285269,Paid Social
2024-01-01 00:00:00,Jan,Q1,Smart Kitchen,Home,West,Mainstream,36,2631.025080937322,1433.9675710897707,1197.0575098475513,0.12547875819159848,Paid Search
2024-01-01 00:00:00,Jan,Q1,Smart Kitchen,Home,West,Premium,27,2066.561213947484,1120.8892750136583,945.6719389338255,0.0768407937464943,Organic Search
2024-01-01 00:00:00,Jan,Q1,Smart Kitchen,Home,West,Premium,20,1597.8244707081426,873.6741447455533,724.1503259625892,0.052496979626520675,Email
2024-01-01 00:00:00,Jan,Q1,Smart Kitchen,Home,West,Premium,24,1648.1010303987582,873.5041079989701,774.5969223997881,0.17913810073085853,Paid Social
2024-01-01 00:00:00,Jan,Q1,Smart Kitchen,Home,West,Premium,20,1418.4053406885887,753.1207888953718,665.2845517932169,0.16702892673601474,Paid Search
2024-01-01 00:00:00,Jan,Q1,Activewear,Lifestyle,North,Value Seekers,61,3977.6787262251096,2135.83257443172,1841.8461517933897,0.07609501784427998,Organic Search
2024-01-01 00:00:00,Jan,Q1,Activewear,Lifestyle,North,Value Seekers,68,4447.531837626042,2482.6782484602923,1964.8535891657498,0.11181143320700362,Email
2024-01-01 00:00:00,Jan,Q1,Activewear,Lifestyle,North,Value Seekers,46,2767.0125130829388,1547.2565399282553,1219.7559731546835,0.12186187072688154,Paid Social
2024-01-01 00:00:00,Jan,Q1,Activewear,Lifestyle,North,Value Seekers,59,3381.82798261436,1981.7098139545774,1400.1181686597824,0.14608348623306727,Paid Search
2024-01-01 00:00:00,Jan,Q1,Activewear,Lifestyle,North,Mainstream,60,4132.001970368637,2356.2981348487156,1775.703835519921,0.058568133659442606,Organic Search
2024-01-01 00:00:00,Jan,Q1,Activewear,Lifestyle,North,Mainstream,52,3463.6757272029895,1983.8620711354652,1479.8136560675243,0.08119271400043288,Email
2024-01-01 00:00:00,Jan,Q1,Activewear,Lifestyle,North,Mainstream,49,3206.526485522923,1793.3370163106197,1413.1894692123033,0.12309019244851827,Paid Social
2024-01-01 00:00:00,Jan,Q1,Activewear,Lifestyle,North,Mainstream,31,2051.5333890689053,1124.7588599657613,926.774529103144,0.08423062244704879,Paid Search
2024-01-01 00:00:00,Jan,Q1,Activewear,Lifestyle,North,Premium,0,1963.6117681836113,1043.6395261534176,919.9722420301937,0.038692342018773085,Organic Search
2024-01-01 00:00:00,Jan,Q1,Activewear,Lifestyle,North,Premium,36,-25.0,1275.6076176423342,1005.7617890557246,0.08901036640360745,Email
2024-01-01 00:00:00,Jan,Q1,Activewear,Lifestyle,North,Premium,22,1309.1407766442828,727.9119171383157,581.2288595059671,0.17758495754417877,Paid Social
2024-01-01 00:00:00,Jan,Q1,Activewear,Lifestyle,North,Premium,27,1652.2592356995722,904.9825060893526,747.2767296102196,0.12067214597486327,Paid Search
2024-01-01 00:00:00,Jan,Q1,Activewear,Lifestyle,South,Value Seekers,26,1770.2461754556898,1048.620116834011,721.6260586216788,0.04495949975262711,Organic Search
2024-01-01 00:00:00,Jan,Q1,Activewear,Lifestyle,South,Value Seekers,48,3240.9114441387833,1868.8502146403064,1372.061229498477,0.10602107153167525,Email
2024-01-01 00:00:00,Jan,Q1,Activewear,Lifestyle,South,Value Seekers,42,2354.34694718552,1374.2631389638884,980.0838082216317,0.18623881788298338,Paid Social
2024-01-01 00:00:00,Jan,Q1,Activewear,Lifestyle,South,Value Seekers,38,2419.5462057262466,1363.5652523402866,1055.98095338596,0.14493999011730999,Paid Search
2024-01-01 00:00:00,Jan,Q1,Activewear,Lifestyle,South,Mainstream,30,2051.8281410192444,1137.1924017774254,914.635739241819,0.03371454990963879,Organic Search
2024-01-01 00:00:00,Jan,Q1,Activewear,Lifestyle,South,Mainstream,31,2050.342315344748,1227.2546728021312,823.0876425426168,0.08060414866004792,Email
2024-01-01 00:00:00,Jan,Q1,Activewear,Lifestyle,South,Mainstream,35,2119.552830256102,1210.3564925426645,909.1963377134375,0.14095008695420502,Paid Social
2024-01-01 00:00:00,Jan,Q1,Activewear,Lifestyle,South,Mainstream,24,1511.9602081975017,801.2867275633712,710.6734806341306,0.09443018587003986,Paid Search
2024-01-01 00:00:00,Jan,Q1,Activewear,Lifestyle,South,Premium,34,2484.9162914008098,1336.7264720066376,1148.1898193941722,0.037920338442515654,Organic Search
2024-01-01 00:00:00,Jan,Q1,Activewear,Lifestyle,South,Premium,32,2358.3257443520115,1301.1828425626938,1057.1429017893176,0.0333906279947545,Email
2024-01-01 00:00:00,Jan,Q1,Activewear,Lifestyle,South,Premium,23,1438.6850068557176,822.5563724456442,616.1286344100733,0.13568431750147952,Paid Social
2024-01-01 00:00:00,Jan,Q1,Activewear,Lifestyle,South,Premium,32,2172.097854563859,1270.3332810057857,901.7645735580734,0.08059019607539375,Paid Search
2024-01-01 00:00:00,Jan,Q1,Activewear,Lifestyle,East,Value Seekers,57,3800.3922085033914,2090.574879220378,1709.8173292830134,0.08235075465706848,Organic Search
2024-01-01 00:00:00,Jan,Q1,Activewear,Lifestyle,East,Value Seekers,69,4600.177574895983,2673.205153186631,1926.9724217093517,0.07320941580154872,Email
2024-01-01 00:00:00,Jan,Q1,Activewear,Lifestyle,East,Value Seekers,38,1971.0464749545554,1144.5428964913594,826.5035784631959,0.1792924677662086,Paid Social
2024-01-01 00:00:00,Jan,Q1,Activewear,Lifestyle,East,Value Seekers,37,2240.3928342753616,1301.4327314872016,938.9601027881599,0.09650715553054749,Paid Search
2024-01-01 00:00:00,Jan,Q1,Activewear,Lifestyle,East,Mainstream,52,3620.6509514944973,2032.5711473902513,1588.079804104246,0.0488269855280204,Organic Search
2024-01-01 00:00:00,Jan,Q1,Activewear,Lifestyle,East,Mainstream,39,2554.3270143333525,1410.7392978504613,1143.5877164828912,0.037925194395285765,Email
2024-01-01 00:00:00,Jan,Q1,Activewear,Lifestyle,East,Mainstream,41,2469.775068029602,1368.7754459475573,1100.9996220820449,0.13128369663980352,Paid Social
2024-01-01 00:00:00,Jan,Q1,Activewear,Lifestyle,East,Mainstream,47,2830.6933286562366,1597.3551638769047,1233.338164779332,0.171918699589021,Paid Search
2024-01-01 00:00:00,Jan,Q1,Activewear,Lifestyle,East,Premium,26,1779.4297125207975,1019.7864203454474,759.6432921753501,0.048209968514648406,Organic Search
2024-01-01 00:00:00,Jan,Q1,Activewear,Lifestyle,East,Premium,15,1028.7167258899287,574.5867455701022,454.1299803198266,0.0712986471451825,Email
2024-01-01 00:00:00,Jan,Q1,Activewear,Lifestyle,East,Premium,23,1367.9590344403844,790.6313243190316,577.3277101213528,0.16290819186756206,Paid Social
2024-01-01 00:00:00,Jan,Q1,Activewear,Lifestyle,East,Premium,27,1875.207921114913,1015.0157188526688,860.1922022622442,0.04759361554515776,Paid Search
2024-01-01 00:00:00,Jan,Q1,Activewear,Lifestyle,West,Value Seekers,42,3051.036431147045,1698.1083803152094,1352.9280508318354,0.054405775982604876,Organic Search
2024-01-01 00:00:00,Jan,Q1,Activewear,Lifestyle,West,Value Seekers,49,3208.103548148577,1817.612975328263,1390.490572820314,0.09543582182949309,Email
2024-01-01 00:00:00,Jan,Q1,Activewear,Lifestyle,West,Value Seekers,41,2491.591219550952,1444.872419684325,1046.7187998666268,0.1650274761678742,Paid Social
2024-01-01 00:00:00,Jan,Q1,Activewear,Lifestyle,West,Value Seekers,37,2279.9820455837694,1229.744301072746,1050.2377445110233,0.1696757576390095,Paid Search
2024-01-01 00:00:00,Jan,Q1,Activewear,Lifestyle,West,Mainstream,34,2356.3303787667837,1333.1750399550237,1023.15533881176,0.04839654133517519,Organic Search
2024-01-01 00:00:00,Jan,Q1,Activewear,Lifestyle,West,Mainstream,41,2691.0279103319576,1553.67456838732,1137.3533419446376,0.08054801885588213,Email
2024-01-01 00:00:00,Jan,Q1,Activewear,Lifestyle,West,Mainstream,34,2066.5004554990855,1146.1717830052883,920.3286724937973,0.15493500174624647,Paid Social
2024-01-01 00:00:00,Jan,Q1,Activewear,Lifestyle,West,Mainstream,45,2655.0922778658573,1487.5962241656214,1167.496053700236,0.15439267033279047,Paid Search
2024-01-01 00:00:00,Jan,Q1,Activewear,Lifestyle,West,Premium,27,1716.8583398478488,930.803226296738,786.0551135511108,0.08986262658062431,Organic Search
2024-01-01 00:00:00,Jan,Q1,Activewear,Lifestyle,West,Premium,23,1722.8630834355065,996.1193052403966,726.7437781951099,0.016165247159907137,Email
2024-01-01 00:00:00,Jan,Q1,Activewear,Lifestyle,West,Premium,27,1565.5198130750957,806.259450306195,759.2603627689007,0.16454413717478988,Paid Social
2024-01-01 00:00:00,Jan,Q1,Activewear,Lifestyle,West,Premium,24,1435.7390252583214,867.0651134961456,568.6739117621757,0.17727356431476854,Paid Search
2024-01-01 00:00:00,Jan,Q1,Premium Audio,Electronics,North,Value Seekers,35,4783.013386209502,2409.0159401169453,2373.9974460925564,0.08486885854163216,Organic Search
2024-01-01 00:00:00,Jan,Q1,Premium Audio,Electronics,North,Value Seekers,28,3448.8322815064553,1683.8229941082245,1765.0092873982308,0.0970297855992344,Email
2024-01-01 00:00:00,Jan,Q1,Premium Audio,Electronics,North,Value Seekers,25,3096.8490708318336,1568.6460274120973,1528.2030434197363,0.16449735377883695,Paid Social
2024-01-01 00:00:00,Jan,Q1,Premium Audio,Electronics,North,Value Seekers,33,4051.1294980621365,1968.6731304069267,2082.4563676552098,0.10073748490942055,Paid Search
2024-01-01 00:00:00,Jan,Q1,Premium Audio,Electronics,North,Mainstream,24,3142.90028759606,1506.0004471818152,1636.8998404142449,0.052634387653649,Organic Search
2024-01-01 00:00:00,Jan,Q1,Premium Audio,Electronics,North,Mainstream,28,3740.769248679805,1870.1782056234917,1870.5910430563133,0.07799454835356343,Email
2024-01-01 00:00:00,Jan,Q1,Premium Audio,Electronics,North,Mainstream,30,3579.5782335764325,1761.8732570902039,1817.7049764862286,0.1431306125661977,Paid Social
2024-01-01 00:00:00,Jan,Q1,Premium Audio,Electronics,North,Mainstream,21,2446.0088643310455,1275.5749875301408,1170.4338768009047,0.13358245072590968,Paid Search
2024-01-01 00:00:00,Jan,Q1,Premium Audio,Electronics,North,Premium,18,2605.5081177691586,1262.8660896466686,1342.64202812249,0.032039818360770064,Organic Search
2024-01-01 00:00:00,Jan,Q1,Premium Audio,Electronics,North,Premium,21,2656.8474922081855,1404.4432846316824,1252.404207576503,0.10119355181684335,Email
2024-01-01 00:00:00,Jan,Q1,Premium Audio,Electronics,North,Premium,18,2179.2767115462902,1060.577313218958,1118.6993983273323,0.15584442202330248,Paid Social
2024-01-01 00:00:00,Jan,Q1,Premium Audio,Electronics,North,Premium,19,2326.214988102442,1082.4891321770003,1243.7258559254417,0.11675448250666434,Paid Search
2024-01-01 00:00:00,Jan,Q1,Premium Audio,Electronics,South,Value Seekers,28,4078.6669386711624,2121.7168911292642,1956.9500475418981,0.04990813580075673,Organic Search
2024-01-01 00:00:00,Jan,Q1,Premium Audio,Electronics,South,Value Seekers,18,2459.2396835938816,1277.1105616931054,1182.1291219007762,0.07616029395730015,Email
2024-01-01 00:00:00,Jan,Q1,Premium Audio,Electronics,South,Value Seekers,19,2213.881912492146,1058.9285084833907,1154.9534040087553,0.14545797715128392,Paid Social
2024-01-01 00:00:00,Jan,Q1,Premium Audio,Electronics,South,Value Seekers,14,1777.1405391341345,821.0280500801722,956.1124890539623,0.10940149333094357,Paid Search
2024-01-01 00:00:00,Jan,Q1,Premium Audio,Electronics,South,Mainstream,31,4553.135276492137,2331.6516594358895,2221.483617056247,0.00015660893571361328,Organic Search
2024-01-01 00:00:00,Jan,Q1,Premium Audio,Electronics,South,Mainstream,23,3123.383176834113,1527.3223690677298,1596.060807766383,0.03975897453271987,Email
2024-01-01 00:00:00,Jan,Q1,Premium Audio,Electronics,South,Mainstream,15,1724.964454685579,841.7790847552325,883.1853699303466,0.14423402060090196,Paid Social
2024-01-01 00:00:00,Jan,Q1,Premium Audio,Electronics,South,Mainstream,24,3179.4893026698037,1592.8112248151133,1586.6780778546904,0.09740230896338026,Paid Search
2024-01-01 00:00:00,Jan,Q1,Premium Audio,Electronics,South,Premium,24,3363.367185082493,1721.491594625784,1641.875590456709,0.022692180883185527,Organic Search
2024-01-01 00:00:00,Jan,Q1,Premium Audio,Electronics,South,Premium,15,2028.5887034769305,982.7212016915772,1045.8675017853534,0.07354292284099763,Email
2024-01-01 00:00:00,Jan,Q1,Premium Audio,Electronics,South,Premium,9,1107.6040340229815,527.0558049224143,580.5482291005673,0.15770271691721477,Paid Social
2024-01-01 00:00:00,Jan,Q1,Premium Audio,Electronics,South,Premium,15,1861.9339835947712,840.1939291178028,1021.7400544769685,0.08671917616105554,Paid Search
2024-01-01 00:00:00,Jan,Q1,Premium Audio,Electronics,East,Value Seekers,32,4442.563831423082,2183.3998560726855,2259.1639753503964,0.06984822721150268,Organic Search
2024-01-01 00:00:00,Jan,Q1,Premium Audio,Electronics,East,Value Seekers,26,3472.21457487595,1721.491210294045,1750.723364581905,0.08752775867022144,Email
2024-01-01 00:00:00,Jan,Q1,Premium Audio,Electronics,East,Value Seekers,30,3486.474560134639,1742.0420370416336,1744.4325230930053,0.1556260060826148,Paid Social
2024-01-01 00:00:00,Jan,Q1,Premium Audio,Electronics,East,Value Seekers,29,3614.8135118237333,1824.4679288151683,1790.345583008565,0.11753830045522405,Paid Search
2024-01-01 00:00:00,Jan,Q1,Premium Audio,Electronics,East,Mainstream,29,3810.2956275954093,1793.9936947222025,2016.3019328732069,0.05025881549608452,Organic Search
2024-01-01 00:00:00,Jan,Q1,Premium Audio,Electronics,East,Mainstream,23,3133.1981570079975,1565.1404794450766,1568.0576775629208,0.062369382391133314,Email
2024-01-01 00:00:00,Jan,Q1,Premium Audio,Electronics,East,Mainstream,36,4066.7041155325164,1923.9250325965875,2142.779082935929,0.14161186037025303,Paid Social
2024-01-01 00:00:00,Jan,Q1,Premium Audio,Electronics,East,Mainstream,26,3421.9111827749643,1751.8053861300589,1670.1057966449055,0.11639781110695961,Paid Search
2024-01-01 00:00:00,Jan,Q1,Premium Audio,Electronics,East,Premium,13,1894.7664254913793,933.5059704072312,961.2604550841481,0.0446639282267448,Organic Search
2024-01-01 00:00:00,Jan,Q1,Premium Audio,Electronics,East,Premium,12,1597.8071466276456,774.2263137667851,823.5808328608605,0.06157285072204902,Email
2024-01-01 00:00:00,Jan,Q1,Premium Audio,Electronics,East,Premium,18,2178.501710889263,1084.5995082419533,1093.9022026473097,0.14401434952624662,Paid Social
2024-01-01 00:00:00,Jan,Q1,Premium Audio,Electronics,East,Premium,14,1532.4022224745358,776.6486593652575,755.7535631092784,0.14976615686965852,Paid Search
2024-01-01 00:00:00,Jan,Q1,Premium Audio,Electronics,West,Value Seekers,28,3648.938831296912,1823.5437860791226,1825.3950452177896,0.04074717434851602,Organic Search
2024-01-01 00:00:00,Jan,Q1,Premium Audio,Electronics,West,Value Seekers,31,3924.324769771813,1739.8934911495573,2184.4312786222554,0.10897887900756618,Email
2024-01-01 00:00:00,Jan,Q1,Premium Audio,Electronics,West,Value Seekers,28,3493.77545415242,1710.987167380233,1782.7882867721871,0.12302721078064678,Paid Social
2024-01-01 00:00:00,Jan,Q1,Premium Audio,Electronics,West,Value Seekers,18,2241.74151902452,1092.0564624567546,1149.6850565677655,0.15448228749002718,Paid Search
2024-01-01 00:00:00,Jan,Q1,Premium Audio,Electronics,West,Mainstream,18,2430.743049012415,1183.4971202218505,1247.2459287905647,0.03891794372021225,Organic Search
2024-01-01 00:00:00,Jan,Q1,Premium Audio,Electronics,West,Mainstream,22,2975.920517226777,1446.988302180724,1528.932215046053,0.11279271200355859,Email
2024-01-01 00:00:00,Jan,Q1,Premium Audio,Electronics,West,Mainstream,26,3422.383890989423,1718.7303130492342,1703.6535779401888,0.12485961150657841,Paid Social
2024-01-01 00:00:00,Jan,Q1,Premium Audio,Electronics,West,Mainstream,22,2847.0330877487027,1410.3839388248937,1436.649148923809,0.10780221479635743,Paid Search
2024-01-01 00:00:00,Jan,Q1,Premium Audio,Electronics,West,Premium,19,2546.087938182456,1268.6634211600735,1277.4245170223826,0.05080010372664417,Organic Search
2024-01-01 00:00:00,Jan,Q1,Premium Audio,Electronics,West,Premium,16,2168.8172735953785,1069.930145135884,1098.8871284594945,0.05305711575619736,Email
2024-01-01 00:00:00,Jan,Q1,Premium Audio,Electronics,West,Premium,8,976.3779348481773,499.5222258188395,476.85570902933785,0.1063218427617576,Paid Social
2024-01-01 00:00:00,Jan,Q1,Premium Audio,Electronics,West,Premium,17,2243.847540168435,1128.523283799905,1115.32425636853,0.1035776430257151,Paid Search
2024-01-01 00:00:00,Jan,Q1,Pro Camera,Electronics,North,Value Seekers,17,3295.406401258845,1431.5489530730038,1863.8574481858413,0.09490119214514542,Organic Search
2024-01-01 00:00:00,Jan,Q1,Pro Camera,Electronics,North,Value Seekers,15,3012.981963346421,1416.1381008836852,1596.8438624627356,0.1275333412988872,Email
2024-01-01 00:00:00,Jan,Q1,Pro Camera,Electronics,North,Value Seekers,19,3602.2892213551463,1660.749841598633,1941.5393797565132,0.14391204424049642,Paid Social
2024-01-01 00:00:00,Jan,Q1,Pro Camera,Electronics,North,Value Seekers,19,3543.0823678026836,1698.217562240139,1844.8648055625447,0.1467148069715814,Paid Search
2024-01-01 00:00:00,Jan,Q1,Pro Camera,Electronics,North,Mainstream,13,2599.571872728925,1292.017709406261,1307.554163322664,0.023879770149474164,Organic Search
2024-01-01 00:00:00,Jan,Q1,Pro Camera,Electronics,North,Mainstream,25,5225.90654274095,2377.878201830707,2848.0283409102426,0.04241979085695793,Email
2024-01-01 00:00:00,Jan,Q1,Pro Camera,Electronics,North,Mainstream,21,3699.8906209747643,1690.8197085431993,2009.070912431565,0.16151183720899365,Paid Social
2024-01-01 00:00:00,Jan,Q1,Pro Camera,Electronics,North,Mainstream,19,3618.783708127712,1712.5090534119445,1906.2746547157676,0.1270644987622075,Paid Search
2024-01-01 00:00:00,Jan,Q1,Pro Camera,Electronics,North,Premium,16,3177.011935630356,1484.2821314683881,1692.729804161968,0.05452553896759268,Organic Search
2024-01-01 00:00:00,Jan,Q1,Pro Camera,Electronics,North,Premium,15,3258.0760740268097,1499.962473526303,1758.1136005005067,0.05371607765520428,Email
2024-01-01 00:00:00,Jan,Q1,Pro Camera,Electronics,North,Premium,13,2598.1674864802753,1221.6042417232022,1376.563244757073,0.14601882948721423,Paid Social
2024-01-01 00:00:00,Jan,Q1,Pro Camera,Electronics,North,Premium,12,2366.8993320670575,1036.6134605518114,1330.285871515246,0.07598093102110455,Paid Search
2024-01-01 00:00:00,Jan,Q1,Pro Camera,Electronics,South,Value Seekers,10,16965.877041152104,1039.283567471653,1081.45106267236,0.05548691375488194,Organic Search
2024-01-01 00:00:00,Jan,Q1,Pro Camera,Electronics,South,Value Seekers,17,3507.4942335674823,5261.241350351223,1932.5454664977492,0.09986678824557454,Email
2024-01-01 00:00:00,Jan,Q1,Pro Camera,Electronics,South,Value Seekers,15,2828.591548894772,1294.9940800934794,1533.5974688012927,0.14037754217294401,Paid Social
2024-01-01 00:00:00,Jan,Q1,Pro Camera,Electronics,South,Value Seekers,12,2241.9287443200255,1016.2416458980323,1225.6870984219931,0.1504883110976757,Paid Search
2024-01-01 00:00:00,Jan,Q1,Pro Camera,Electronics,South,Mainstream,14,3003.6411958324998,1304.9902386514434,1698.6509571810564,0.05561711814379715,Organic Search
2024-01-01 00:00:00,Jan,Q1,Pro Camera,Electronics,South,Mainstream,16,3245.4734991812575,1566.6761080902666,1678.797391090991,0.025979779700480606,Email
2024-01-01 00:00:00,Jan,Q1,Pro Camera,Electronics,South,Mainstream,16,3267.379125997997,1469.809403095621,1797.569722902376,0.12620354635268885,Paid Social
2024-01-01 00:00:00,Jan,Q1,Pro Camera,Electronics,South,Mainstream,14,2818.458536059106,1357.7940686986033,1460.6644673605026,0.12461378257992592,Paid Search
2024-01-01 00:00:00,Jan,Q1,Pro Camera,Electronics,South,Premium,8,1707.7990257178724,780.3560114444971,927.4430142733753,0.029545027914442322,Organic Search
2024-01-01 00:00:00,Jan,Q1,Pro Camera,Electronics,South,Premium,9,1962.5634983121495,925.0633529790769,1037.5001453330726,0.058669298766818125,Email
2024-01-01 00:00:00,Jan,Q1,Pro Camera,Electronics,South,Premium,12,2209.6997189441577,995.469759719702,1214.2299592244558,0.10472938754780313,Paid Social
2024-01-01 00:00:00,Jan,Q1,Pro Camera,Electronics,South,Premium,11,2045.4749127160874,926.9843310133818,1118.4905817027056,0.1392859747978956,Paid Search
2024-01-01 00:00:00,Jan,Q1,Pro Camera,Electronics,East,Value Seekers,19,3896.6384180162026,1817.337654630631,2079.3007633855714,0.09250442467281167,Organic Search
2024-01-01 00:00:00,Jan,Q1,Pro Camera,Electronics,East,Value Seekers,12,2505.4776268971546,1157.999413949903,1347.4782129472514,0.06255344104126942,Email
2024-01-01 00:00:00,Jan,Q1,Pro Camera,Electronics,East,Value Seekers,8,1436.9933802840558,670.1999234340722,766.7934568499836,0.1355906182179157,Paid Social
2024-01-01 00:00:00,Jan,Q1,Pro Camera,Electronics,East,Value Seekers,13,2387.8587364445116,1165.8144479715866,1222.044288472925,0.13447217261778743,Paid Search
2024-01-01 00:00:00,Jan,Q1,Pro Camera,Electronics,East,Mainstream,21,4447.578586413373,2054.0234269826155,2393.5551594307576,0.036848049194701034,Organic Search
2024-01-01 00:00:00,Jan,Q1,Pro Camera,Electronics,East,Mainstream,14,2977.0126481189045,1374.105560086476,1602.9070880324284,0.04172434021270143,Email
2024-01-01 00:00:00,Jan,Q1,Pro Camera,Electronics,East,Mainstream,6,1043.6655997642201,459.22623188400155,584.4393678802186,0.16211516974656734,Paid Social
2024-01-01 00:00:00,Jan,Q1,Pro Camera,Electronics,East,Mainstream,15,2793.5870313287514,1302.5443426755585,1491.042688653193,0.13417638793470257,Paid Search
2024-01-01 00:00:00,Jan,Q1,Pro Camera,Electronics,East,Premium,10,2073.391290601529,977.3827865682618,1096.008504033267,0.03933107207794115,Organic Search
2024-01-01 00:00:00,Jan,Q1,Pro Camera,Electronics,East,Premium,11,2254.2379227447555,1043.1298417872695,1211.108080957486,0.05876059904436798,Email
2024-01-01 00:00:00,Jan,Q1,Pro Camera,Electronics,East,Premium,12,2155.9322441233126,984.6312102718839,1171.3010338514287,0.14051984269188522,Paid Social
2024-01-01 00:00:00,Jan,Q1,Pro Camera,Electronics,East,Premium,7,1248.2575169628417,552.7784649778033,695.4790519850384,0.15437191047870463,Paid Search
2024-01-01 00:00:00,Jan,Q1,Pro Camera,Electronics,West,Value Seekers,22,4422.69641285884,2011.2096821743041,2411.4867306845354,0.07807698182790074,Organic Search
2024-01-01 00:00:00,Jan,Q1,Pro Camera,Electronics,West,Value Seekers,16,3319.6578835032296,1717.8430711999458,1601.8148123032838,0.05092022978258358,Email
2024-01-01 00:00:00,Jan,Q1,Pro Camera,Electronics,West,Value Seekers,9,1708.2061802833769,789.2576488061825,918.9485314771944,0.14934106009486142,Paid Social
2024-01-01 00:00:00,Jan,Q1,Pro Camera,Electronics,West,Value Seekers,13,2662.1830276922524,1276.359334071909,1385.8236936203434,0.10404305054206581,Paid Search
2024-01-01 00:00:00,Jan,Q1,Pro Camera,Electronics,West,Mainstream,20,4297.073900748971,2014.1467836291138,2282.927117119857,0.05169638776318509,Organic Search
2024-01-01 00:00:00,Jan,Q1,Pro Camera,Electronics,West,Mainstream,18,3722.4556673068932,1685.283463788463,2037.1722035184303,0.04884108362522817,Email
2024-01-01 00:00:00,Jan,Q1,Pro Camera,Electronics,West,Mainstream,10,1924.0272732278152,956.4829212188396,967.5443520089756,0.11612193551626619,Paid Social
2024-01-01 00:00:00,Jan,Q1,Pro Camera,Electronics,West,Mainstream,8,1557.1960495044882,755.8940596306595,801.3019898738287,0.09331167714364318,Paid Search
2024-01-01 00:00:00,Jan,Q1,Pro Camera,Electronics,West,Premium,20,4361.276484566947,1991.4958010214496,2369.7806835454976,0.023440161796328008,Organic Search
2024-01-01 00:00:00,Jan,Q1,Pro Camera,Electronics,West,Premium,6,1244.7362786692572,630.5985167884405,614.1377618808167,0.09464324989199659,Email
2024-01-01 00:00:00,Jan,Q1,Pro Camera,Electronics,West,Premium,13,2305.8462311034436,1019.2129951583156,1286.633235945128,0.17242486366402776,Paid Social
2024-01-01 00:00:00,Jan,Q1,Pro Camera,Electronics,West,Premium,10,1907.7646202050455,919.6424799745821,988.1221402304634,0.10738062696929455,Paid Search
2024-01-01 00:00:00,Jan,Q1,Luxury Set,Lifestyle,North,Value Seekers,10,1556.6479749358937,658.0928543168973,898.5551206189964,0.09986685360820055,Organic Search
2024-01-01 00:00:00,Jan,Q1,Luxury Set,Lifestyle,North,Value Seekers,18,3045.8707583550568,1365.2379427024605,1680.6328156525963,0.10310661694107923,Email
2024-01-01 00:00:00,Jan,Q1,Luxury Set,Lifestyle,North,Value Seekers,13,1772.1681767707291,785.1147898025185,987.0533869682106,0.1857170652674098,Paid Social
2024-01-01 00:00:00,Jan,Q1,Luxury Set,Lifestyle,North,Value Seekers,15,2241.2115728801227,989.9585537885592,1251.2530190915636,0.15668651954098278,Paid Search
2024-01-01 00:00:00,Jan,Q1,Luxury Set,Lifestyle,North,Mainstream,14,2302.0584600128777,995.7206526781105,1306.3378073347671,0.007378036146691906,Organic Search
2024-01-01 00:00:00,Jan,Q1,Luxury Set,Lifestyle,North,Mainstream,7,1128.3012021263373,493.73368457861903,634.5675175477184,0.09751494016903275,Email
2024-01-01 00:00:00,Jan,Q1,Luxury Set,Lifestyle,North,Mainstream,15,2276.0261977765854,1015.0984197891964,1260.927777987389,0.14489937584661508,Paid Social
2024-01-01 00:00:00,Jan,Q1,Luxury Set,Lifestyle,North,Mainstream,9,1427.5243290406063,597.2420838349007,830.2822452057056,0.10683111418362523,Paid Search
2024-01-01 00:00:00,Jan,Q1,Luxury Set,Lifestyle,North,Premium,4,631.7211311858836,259.6586843147213,372.06244687116225,0.06999854754855125,Organic Search
2024-01-01 00:00:00,Jan,Q1,Luxury Set,Lifestyle,North,Premium,8,1413.0471907039157,591.0946478520701,821.9525428518456,0.04330492696052018,Email
2024-01-01 00:00:00,Jan,Q1,Luxury Set,Lifestyle,North,Premium,6,937.7514196682218,419.69398376947544,518.0574358987465,0.11681617164523567,Paid Social
2024-01-01 00:00:00,Jan,Q1,Luxury Set,Lifestyle,North,Premium,14,2059.355772394707,886.6410234828088,1172.7147489118981,0.13252735424849613,Paid Search
2024-01-01 00:00:00,Jan,Q1,Luxury Set,Lifestyle,South,Value Seekers,11,1829.533117896664,835.4076720805134,994.1254458161505,0.08060585649279747,Organic Search
2024-01-01 00:00:00,Jan,Q1,Luxury Set,Lifestyle,South,Value Seekers,11,1765.005083317945,753.0951581648517,1011.9099251530934,0.10527859136623857,Email
2024-01-01 00:00:00,Jan,Q1,Luxury Set,Lifestyle,South,Value Seekers,8,1264.9539718513213,545.8072927685012,719.1466790828201,0.12238199064922495,Paid Social
2024-01-01 00:00:00,Jan,Q1,Luxury Set,Lifestyle,South,Value Seekers,7,1089.3567019600932,453.6747826584984,635.6819193015949,0.10356121251337672,Paid Search
2024-01-01 00:00:00,Jan,Q1,Luxury Set,Lifestyle,South,Mainstream,14,2522.2495054493274,1077.2971797835755,1444.952325665752,0.003120688258856384,Organic Search
2024-01-01 00:00:00,Jan,Q1,Luxury Set,Lifestyle,South,Mainstream,9,1442.7298669545069,581.0639854337322,861.6658815207746,0.08678350191126165,Email
2024-01-01 00:00:00,Jan,Q1,Luxury Set,Lifestyle,South,Mainstream,9,1384.5218481410902,635.5231790098497,748.9986691312405,0.12792347370791401,Paid Social
2024-01-01 00:00:00,Jan,Q1,Luxury Set,Lifestyle,South,Mainstream,7,1045.2445384005518,437.22574185630157,608.0187965442503,0.1424209828966383,Paid Search
2024-01-01 00:00:00,Jan,Q1,Luxury Set,Lifestyle,South,Premium,6,1047.523673992983,457.62925200034715,589.8944219926359,0.05516810118112486,Organic Search
2024-01-01 00:00:00,Jan,Q1,Luxury Set,Lifestyle,South,Premium,4,657.3758151511329,280.20900271845505,377.16681243267783,0.08591490814554574,Email
2024-01-01 00:00:00,Jan,Q1,Luxury Set,Lifestyle,South,Premium,4,654.4701101183598,291.49986146041357,362.97024865794623,0.09101524434773142,Paid Social
2024-01-01 00:00:00,Jan,Q1,Luxury Set,Lifestyle,South,Premium,12,1835.0895305713302,731.3316692224168,1103.7578613489134,0.1521831097538035,Paid Search
2024-01-01 00:00:00,Jan,Q1,Luxury Set,Lifestyle,East,Value Seekers,12,2030.0601107631062,833.0607538492287,1196.9993569138774,0.09581365510854144,Organic Search
2024-01-01 00:00:00,Jan,Q1,Luxury Set,Lifestyle,East,Value Seekers,12,1966.3532751018222,873.1274930335015,1093.2257820683208,0.0797296428011354,Email
2024-01-01 00:00:00,Jan,Q1,Luxury Set,Lifestyle,East,Value Seekers,7,1040.1404902861734,436.73520374086394,603.4052865453095,0.1927577186529902,Paid Social
2024-01-01 00:00:00,Jan,Q1,Luxury Set,Lifestyle,East,Value Seekers,11,1726.7342106348897,792.7099889406297,934.02422169426,0.1347694531563868,Paid Search
2024-01-01 00:00:00,Jan,Q1,Luxury Set,Lifestyle,East,Mainstream,11,1900.7643116657457,789.629075425482,1111.1352362402636,0.049339856076026825,Organic Search
2024-01-01 00:00:00,Jan,Q1,Luxury Set,Lifestyle,East,Mainstream,11,1855.215104540952,797.9569594078658,1057.2581451330861,0.08060152611160225,Email
2024-01-01 00:00:00,Jan,Q1,Luxury Set,Lifestyle,East,Mainstream,9,1344.2226295525288,571.7538992778155,772.4687302747133,0.13779092601986664,Paid Social
2024-01-01 00:00:00,Jan,Q1,Luxury Set,Lifestyle,East,Mainstream,9,1381.3123539728658,603.1549560877235,778.1573978851424,0.1599661792626179,Paid Search
2024-01-01 00:00:00,Jan,Q1,Luxury Set,Lifestyle,East,Premium,11,1932.7321055276109,803.6684562854037,1129.0636492422072,0.004973556646181529,Organic Search
2024-01-01 00:00:00,Jan,Q1,Luxury Set,Lifestyle,East,Premium,7,1277.8407292709735,528.3246262006394,749.5161030703341,0.054478810043722105,Email
2024-01-01 00:00:00,Jan,Q1,Luxury Set,Lifestyle,East,Premium,9,1187.988676079912,516.2610479158644,671.7276281640476,0.2061085836754259,Paid Social
2024-01-01 00:00:00,Jan,Q1,Luxury Set,Lifestyle,East,Premium,9,1389.5936214997573,596.7933156985075,792.8003058012498,0.13169232929413582,Paid Search
2024-01-01 00:00:00,Jan,Q1,Luxury Set,Lifestyle,West,Value Seekers,13,2380.6203077413456,984.8550475701834,1395.7652601711623,0.025674188294827968,Organic Search
2024-01-01 00:00:00,Jan,Q1,Luxury Set,Lifestyle,West,Value Seekers,15,2314.173325936969,1125.7978214345849,1188.375504502384,0.07365584153377952,Email
2024-01-01 00:00:00,Jan,Q1,Luxury Set,Lifestyle,West,Value Seekers,14,2036.1159255050527,868.297377761741,1167.8185477433117,0.17389011165008622,Paid Social
2024-01-01 00:00:00,Jan,Q1,Luxury Set,Lifestyle,West,Value Seekers,15,2321.1448929115013,875.2410788264773,1445.903814085024,0.1362181679086622,Paid Search
2024-01-01 00:00:00,Jan,Q1,Luxury Set,Lifestyle,West,Mainstream,14,2477.4919007883454,1021.9906269158838,1455.5012738724618,0.030678058304409773,Organic Search
2024-01-01 00:00:00,Jan,Q1,Luxury Set,Lifestyle,West,Mainstream,14,2511.596441073866,1103.1824129332608,1408.4140281406053,0.035509545880276744,Email
2024-01-01 00:00:00,Jan,Q1,Luxury Set,Lifestyle,West,Mainstream,11,1610.2264585099679,687.6710318419657,922.5554266680022,0.1393369685187735,Paid Social
2024-01-01 00:00:00,Jan,Q1,Luxury Set,Lifestyle,West,Mainstream,9,1380.0084255153838,585.7538118701583,794.2546136452255,0.10137743387983877,Paid Search
2024-01-01 00:00:00,Jan,Q1,Luxury Set,Lifestyle,West,Premium,7,1214.8318191803237,487.22521450703175,727.6066046732919,0.06648114171081013,Organic Search
2024-01-01 00:00:00,Jan,Q1,Luxury Set,Lifestyle,West,Premium,8,1370.4319316379867,589.8565114141734,780.5754202238134,0.050931880535844645,Email
2024-01-01 00:00:00,Jan,Q1,Luxury Set,Lifestyle,West,Premium,8,1179.4308417212483,524.290277043572,655.1405646776763,0.14524148538186565,Paid Social
2024-01-01 00:00:00,Jan,Q1,Luxury Set,Lifestyle,West,Premium,8,1284.5892111770481,530.4648736694072,754.1243375076409,0.09566134500738828,Paid Search
2024-02-01 00:00:00,Feb,Q1,Eco Basics,Essentials,North,Value Seekers,105,2384.3326828694608,1519.2770786093324,865.0556042601283,0.05434524919446084,Organic Search
2024-02-01 00:00:00,Feb,Q1,Eco Basics,Essentials,North,Value Seekers,108,2402.474929460784,1455.910131367404,946.5647980933802,0.06417826928532366,Email
2024-02-01 00:00:00,Feb,Q1,Eco Basics,Essentials,North,Value Seekers,86,1600.6584583939884,987.8100292688932,612.8484291250952,0.18568553838346935,Paid Social
2024-02-01 00:00:00,Feb,Q1,Eco Basics,Essentials,North,Value Seekers,112,2186.944704986731,1433.9150243443714,753.0296806423594,0.16362429163471828,Paid Search
2024-02-01 00:00:00,Feb,Q1,Eco Basics,Essentials,North,Mainstream,95,2075.191115819602,1293.771934772162,781.4191810474401,0.06305609203120024,Organic Search
2024-02-01 00:00:00,Feb,Q1,Eco Basics,Essentials,North,Mainstream,96,2154.000574365692,1324.4426225044126,829.5579518612794,0.07170926573275653,Email
2024-02-01 00:00:00,Feb,Q1,Eco Basics,Essentials,North,Mainstream,87,1722.4592557711858,980.1045466450781,742.3547091261077,0.15019812543785716,Paid Social
2024-02-01 00:00:00,Feb,Q1,Eco Basics,Essentials,North,Mainstream,84,1643.9057989632493,977.3069991797669,666.5987997834824,0.12042226790606209,Paid Search
2024-02-01 00:00:00,Feb,Q1,Eco Basics,Essentials,North,Premium,65,1522.75960632362,933.953190898265,588.8064154253549,0.04008344600445206,Organic Search
2024-02-01 00:00:00,Feb,Q1,Eco Basics,Essentials,North,Premium,72,1567.6790108217215,1017.1737242419636,550.5052865797579,0.12259515230318525,Email
2024-02-01 00:00:00,Feb,Q1,Eco Basics,Essentials,North,Premium,52,1036.2446963762604,662.5263282514223,373.7183681248381,0.17186479688233788,Paid Social
2024-02-01 00:00:00,Feb,Q1,Eco Basics,Essentials,North,Premium,56,1206.0535432386557,744.535431727212,461.51811151144375,0.08578238641100829,Paid Search
2024-02-01 00:00:00,Feb,Q1,Eco Basics,Essentials,South,Value Seekers,82,1924.018857140729,1140.0663229574657,783.9525341832634,0.02640379708417756,Organic Search
2024-02-01 00:00:00,Feb,Q1,Eco Basics,Essentials,South,Value Seekers,79,1827.608835360782,1053.8394856078405,773.7693497529415,0.06165461012282793,Email
2024-02-01 00:00:00,Feb,Q1,Eco Basics,Essentials,South,Value Seekers,76,1467.7893952473034,963.3429754315192,504.4464198157842,0.17345154300454524,Paid Social
2024-02-01 00:00:00,Feb,Q1,Eco Basics,Essentials,South,Value Seekers,72,1445.9021014042496,936.7367302151433,509.1653711891063,0.14540792203921252,Paid Search
2024-02-01 00:00:00,Feb,Q1,,Essentials,South,Mainstream,88,1903.8339900349574,1106.302537208155,797.5314528268025,0.07452133622843689,Organic Search
2024-02-01 00:00:00,Feb,Q1,Eco Basics,Essentials,South,Mainstream,69,1582.4251571178786,942.6094854298663,639.8156716880123,0.07638934134280922,
2024-02-01 00:00:00,Feb,Q1,Eco Basics,Essentials,South,Mainstream,73,1514.8190356645148,928.3948406175076,586.4241950470072,0.08316259352211741,Paid Social
2024-02-01 00:00:00,Feb,Q1,Eco Basics,Essentials,South,Mainstream,61,1336.3818128673367,825.9694027605159,510.41241010682086,0.11550939999411906,Paid Search
2024-02-01 00:00:00,Feb,Q1,Eco Basics,Essentials,South,Premium,53,1193.4731361615384,735.5337980657862,457.9393380957522,0.06342727082652859,Organic Search
2024-02-01 00:00:00,Feb,Q1,Eco Basics,Essentials,South,Premium,43,988.1106269260104,594.9461102352776,393.16451669073274,0.05374958328323867,Email
2024-02-01 00:00:00,Feb,Q1,Eco Basics,Essentials,South,Premium,51,1003.4562139231525,598.6958098255166,404.76040409763596,0.14814268394533,Paid Social
2024-02-01 00:00:00,Feb,Q1,Eco Basics,Essentials,South,Premium,50,1005.4184244373529,619.0744958676884,386.3439285696645,0.15945267019778786,Paid Search
2024-02-01 00:00:00,Feb,Q1,Eco Basics,Essentials,East,Value Seekers,95,2147.185298895218,1289.1626626502252,858.0226362449926,0.07825162502031555,Organic Search
2024-02-01 00:00:00,Feb,Q1,Eco Basics,Essentials,East,Value Seekers,116,2544.623838470241,1503.1761019045384,1041.4477365657026,0.08610446314177245,Email
2024-02-01 00:00:00,Feb,Q1,Eco Basics,Essentials,East,Value Seekers,89,1668.700044098304,1100.3035932993473,568.3964507989567,0.18103820855099398,Paid Social
2024-02-01 00:00:00,Feb,Q1,Eco Basics,Essentials,East,Value Seekers,86,1813.1452371269606,1083.9370930769226,729.2081440500381,0.09263817327907586,Paid Search
2024-02-01 00:00:00,Feb,Q1,Eco Basics,Essentials,East,Mainstream,81,1848.7379921375787,1147.8135817774896,700.924410360089,0.06119654369379485,Organic Search
2024-02-01 00:00:00,Feb,Q1,Eco Basics,Essentials,East,Mainstream,76,1639.019699601263,1020.8256937039517,618.1940058973113,0.0782960965814629,Email
2024-02-01 00:00:00,Feb,Q1,Eco Basics,Essentials,East,Mainstream,67,1374.238800820047,849.92819662558,524.3106041944669,0.1406670264277634,Paid Social
2024-02-01 00:00:00,Feb,Q1,Eco Basics,Essentials,East,Mainstream,84,1878.1035234545618,1204.1556447673258,673.947878687236,0.08891690178984753,Paid Search
2024-02-01 00:00:00,Feb,Q1,Eco Basics,Essentials,East,Premium,52,1250.6363431720915,789.3176056024101,461.3187375696814,0.04984121108067829,Organic Search
2024-02-01 00:00:00,Feb,Q1,Eco Basics,Essentials,East,Premium,50,1094.8998486789835,657.4704483615205,437.429400317463,0.06481306193290319,Email
2024-02-01 00:00:00,Feb,Q1,Eco Basics,Essentials,East,Premium,60,1175.7839741185728,728.5680919352503,447.2158821833225,0.13615434932004084,Paid Social
2024-02-01 00:00:00,Feb,Q1,Eco Basics,Essentials,East,Premium,57,1158.3994526369404,685.5474045154378,472.85204812150255,0.10783550273315481,Paid Search
2024-02-01 00:00:00,Feb,Q1,Eco Basics,Essentials,West,Value Seekers,92,2050.515118377759,1275.0294969170259,775.485621460733,0.07618779791440512,Organic Search
2024-02-01 00:00:00,Feb,Q1,Eco Basics,Essentials,West,Value Seekers,84,1830.616661903049,1082.932261969253,747.6843999337959,0.10469329131199857,Email
2024-02-01 00:00:00,Feb,Q1,Eco Basics,Essentials,West,Value Seekers,77,1513.1660522593388,896.5919261426046,616.5741261167342,0.14224797202398906,Paid Social
2024-02-01 00:00:00,Feb,Q1,Eco Basics,Essentials,West,Value Seekers,59,1195.0722383579994,736.8702534263601,458.20198493163923,0.14081438943521404,Paid Search
2024-02-01 00:00:00,Feb,Q1,Eco Basics,Essentials,West,Mainstream,80,2029.683505569169,1278.469537844265,751.213967724904,0.011493809199223083,Organic Search
2024-02-01 00:00:00,Feb,Q1,Eco Basics,Essentials,West,Mainstream,86,1832.2409344825423,1126.4061146073198,705.8348198752226,0.13585555109124897,Email
2024-02-01 00:00:00,Feb,Q1,Eco Basics,Essentials,West,Mainstream,70,1250.5082296457647,784.5219754328749,465.9862542128898,0.13097771451438484,Paid Social
2024-02-01 00:00:00,Feb,Q1,Eco Basics,Essentials,West,Mainstream,65,1371.079674050497,861.0241108158598,510.05556323463725,0.08686225220793983,Paid Search
2024-02-01 00:00:00,Feb,Q1,Eco Basics,Essentials,West,Premium,44,1027.815482109574,660.6606042711571,367.15487783841695,0.05027853907621894,Organic Search
2024-02-01 00:00:00,Feb,Q1,Eco Basics,Essentials,West,Premium,62,1448.2859334379125,917.2438507922176,531.0420826456949,0.06078010158305412,Email
2024-02-01 00:00:00,Feb,Q1,Eco Basics,Essentials,West,Premium,52,1081.5448166451656,659.4052232172784,422.13959342788723,0.14273676510118224,Paid Social
2024-02-01 00:00:00,Feb,Q1,Eco Basics,Essentials,West,Premium,32,706.8156166775425,405.6763772630728,301.13923941446967,0.0783347427212521,Paid Search
2024-02-01 00:00:00,Feb,Q1,Daily Care,Essentials,North,Value Seekers,91,2710.1761831776225,1685.4930532924477,1024.6831298851748,0.044251633227356334,Organic Search
2024-02-01 00:00:00,Feb,Q1,Daily Care,Essentials,North,Value Seekers,103,2822.7427345517594,1632.7616177521218,1189.9811167996377,0.11051388547515933,Email
2024-02-01 00:00:00,Feb,Q1,Daily Care,Essentials,North,Value Seekers,90,2296.0082341634875,1437.9329557837366,858.0752783797509,0.14849341496041693,Paid Social
2024-02-01 00:00:00,Feb,Q1,Daily Care,Essentials,North,Value Seekers,91,2725.518841572109,1654.1059481751502,1071.412893396959,0.09699743622630452,Paid Search
2024-02-01 00:00:00,Feb,Q1,Daily Care,Essentials,North,Mainstream,79,2374.3915058570556,1356.7454426960269,1017.6460631610287,0.06421200563186497,Organic Search
2024-02-01 00:00:00,Feb,Q1,Daily Care,Essentials,North,Mainstream,87,2536.8875082936634,1478.4696675457308,1058.4178407479326,0.08982337133732768,Email
2024-02-01 00:00:00,Feb,Q1,Daily Care,Essentials,North,Mainstream,75,2017.0203438808992,1239.8408458183937,777.1794980625054,0.16704855149352124,Paid Social
2024-02-01 00:00:00,Feb,Q1,Daily Care,Essentials,North,Mainstream,82,2222.7653390115443,1360.7297385629245,862.0356004486198,0.11814472553626522,Paid Search
2024-02-01 00:00:00,Feb,Q1,Daily Care,Essentials,North,Premium,68,2046.4193136493948,1266.831224286343,779.5880893630517,0.017522083892473325,Organic Search
2024-02-01 00:00:00,Feb,Q1,Daily Care,Essentials,North,Premium,57,1515.1725997504925,907.0614603911761,608.1111393593164,0.09343900305511912,Email
2024-02-01 00:00:00,Feb,Q1,Daily Care,Essentials,North,Premium,43,1237.2099792309969,740.9833649864236,496.2266142445733,0.12218764517979408,Paid Social
2024-02-01 00:00:00,Feb,Q1,Daily Care,Essentials,North,Premium,46,1255.0881742419856,782.8657681311875,472.22240611079815,0.1313698792410595,Paid Search
2024-02-01 00:00:00,Feb,Q1,Daily Care,Essentials,South,Value Seekers,106,3004.483600942117,1789.822005818093,1214.661595124024,0.11548057958249304,Organic Search
2024-02-01 00:00:00,Feb,Q1,Daily Care,Essentials,South,Value Seekers,81,2259.6378701951608,1344.3993092788119,915.2385609163489,0.09672560170343834,Email
2024-02-01 00:00:00,Feb,Q1,Daily Care,Essentials,South,Value Seekers,77,2011.2499338141804,1220.3828806229528,790.8670531912276,0.13207146682808724,Paid Social
2024-02-01 00:00:00,Feb,Q1,Daily Care,Essentials,South,Value Seekers,77,2095.9123267478744,1330.5369307622175,765.375395985657,0.16024644604092564,Paid Search
2024-02-01 00:00:00,Feb,Q1,Daily Care,Essentials,South,Mainstream,53,1589.9333850180533,989.7272561108636,600.2061289071897,0.02493820170985263,Organic Search
2024-02-01 00:00:00,Feb,Q1,Daily Care,Essentials,South,Mainstream,61,1843.9871305744894,1101.3618847897717,742.6252457847177,0.032122616426108745,Email
2024-02-01 00:00:00,Feb,Q1,Daily Care,Essentials,South,Mainstream,67,1663.7928926980592,985.3309592132046,678.4619334848546,0.1853335987995694,Paid Social
2024-02-01 00:00:00,Feb,Q1,Daily Care,Essentials,South,Mainstream,59,1706.437790651043,1059.0822372825662,647.3555533684769,0.11591697981790254,Paid Search
2024-02-01 00:00:00,Feb,Q1,Daily Care,Essentials,South,Premium,51,1462.5955572934897,869.8103054813434,592.7852518121463,0.08800848093273758,Organic Search
2024-02-01 00:00:00,Feb,Q1,Daily Care,Essentials,South,Premium,40,1151.168702421579,692.3065572178166,458.86214520376234,0.056799075053676124,Email
2024-02-01 00:00:00,Feb,Q1,Daily Care,Essentials,South,Premium,60,1506.0431396087897,886.2015196875697,619.8416199212201,0.17783994936631947,Paid Social
2024-02-01 00:00:00,Feb,Q1,Daily Care,Essentials,South,Premium,39,989.4740379123638,581.8798781264488,407.59415978591494,0.16253802676051837,Paid Search
2024-02-01 00:00:00,Feb,Q1,Daily Care,Essentials,East,Value Seekers,91,2520.3308023460368,1516.1715508988023,1004.1592514472345,0.09371115874653839,Organic Search
2024-02-01 00:00:00,Feb,Q1,Daily Care,Essentials,East,Value Seekers,67,1924.1857715936876,1160.942989659475,763.2427819342126,0.09989839189066935,Email
2024-02-01 00:00:00,Feb,Q1,Daily Care,Essentials,East,Value Seekers,62,1620.2212386362783,1006.835298104066,613.3859405322122,0.1974645643002967,Paid Social
2024-02-01 00:00:00,Feb,Q1,Daily Care,Essentials,East,Value Seekers,82,2184.388049197323,1250.2182807261258,934.1697684711974,0.16534189351359657,Paid Search
2024-02-01 00:00:00,Feb,Q1,Daily Care,Essentials,East,Mainstream,68,2099.030943888007,1322.3007219421033,776.7302219459038,0.04462724112124805,Organic Search
2024-02-01 00:00:00,Feb,Q1,Daily Care,Essentials,East,Mainstream,79,2308.7697483840307,1374.6296400394858,934.1401083445448,0.08811809644735648,Email
2024-02-01 00:00:00,Feb,Q1,Daily Care,Essentials,East,Mainstream,62,1697.9511819069764,1006.9921917679295,690.9589901390469,0.13725576240459644,Paid Social
2024-02-01 00:00:00,Feb,Q1,Daily Care,Essentials,East,Mainstream,58,1525.8247693662192,911.6242981783332,614.200471187886,0.13051131193118895,Paid Search
2024-02-01 00:00:00,Feb,Q1,Daily Care,Essentials,East,Premium,54,1542.0886225364807,925.6919529325404,616.3966696039403,0.09193657325781515,Organic Search
2024-02-01 00:00:00,Feb,Q1,Daily Care,Essentials,East,Premium,53,1625.6419971717162,946.9066138982565,678.7353832734597,0.0678311062362764,Email
2024-02-01 00:00:00,Feb,Q1,Daily Care,Essentials,East,Premium,35,947.7871762310933,556.7539890588985,391.03318717219486,0.148979576229802,Paid Social
2024-02-01 00:00:00,Feb,Q1,Daily Care,Essentials,East,Premium,42,1252.1868911218226,744.5322193145404,507.65467180728217,0.09823707235380777,Paid Search
2024-02-01 00:00:00,Feb,Q1,Daily Care,Essentials,West,Value Seekers,90,2690.9898444322716,1546.7606399930637,1144.229204439208,0.08019691955938305,Organic Search
2024-02-01 00:00:00,Feb,Q1,Daily Care,Essentials,West,Value Seekers,82,2387.100898364674,1505.8187417442216,881.2821566204523,0.09516936949586043,Email
2024-02-01 00:00:00,Feb,Q1,Daily Care,Essentials,West,Value Seekers,57,1526.9078733876388,868.9322840971114,657.9755892905274,0.16384579790195644,Paid Social
2024-02-01 00:00:00,Feb,Q1,Daily Care,Essentials,West,Value Seekers,72,1990.1351836551785,1217.0499766438916,773.0852070112869,0.14712171608726043,Paid Search
2024-02-01 00:00:00,Feb,Q1,Daily Care,Essentials,West,Mainstream,76,2179.4263355193066,1244.2855019739004,935.1408335454062,0.07076774626240223,Organic Search
2024-02-01 00:00:00,Feb,Q1,Daily Care,Essentials,West,Mainstream,66,2021.5779852101443,1213.0957291418665,808.4822560682778,0.01911172892955318,Email
2024-02-01 00:00:00,Feb,Q1,Daily Care,Essentials,West,Mainstream,65,1708.5086038163963,1078.8993250902251,629.6092787261712,0.14630150856763197,Paid Social
2024-02-01 00:00:00,Feb,Q1,Daily Care,Essentials,West,Mainstream,61,1755.9971274275258,1020.7620499365323,735.2350774909935,0.0945437588917943,Paid Search
2024-02-01 00:00:00,Feb,Q1,Daily Care,Essentials,West,Premium,57,1709.2112198470847,1028.5911828871913,680.6200369598935,0.02480465253156422,Organic Search
2024-02-01 00:00:00,Feb,Q1,Daily Care,Essentials,West,Premium,49,1579.2288647341913,934.2679175751455,644.9609471590459,0.028506110363048433,Email
2024-02-01 00:00:00,Feb,Q1,Daily Care,Essentials,West,Premium,50,1320.1256147504077,808.8904102898676,511.2352044605401,0.11136154455002702,Paid Social
2024-02-01 00:00:00,Feb,Q1,Daily Care,Essentials,West,Premium,55,1565.9595278562758,879.2474613034403,686.7120665528355,0.12022595466280768,Paid Search
2024-02-01 00:00:00,Feb,Q1,Home Comfort,Home,North,Value Seekers,74,4063.7444242399506,2329.121787015357,1734.6226372245937,0.08044184246209467,Organic Search
2024-02-01 00:00:00,Feb,Q1,Home Comfort,Home,North,Value Seekers,74,3737.951043133351,2154.7880901535523,1583.1629529797988,0.09411637888396424,Email
2024-02-01 00:00:00,Feb,Q1,Home Comfort,Home,North,Value Seekers,66,3316.0311765358174,1896.8291536022675,1419.2020229335499,0.13407456076530583,Paid Social
2024-02-01 00:00:00,Feb,Q1,Home Comfort,Home,North,Value Seekers,55,2514.1840313537946,1452.316872291711,1061.8671590620836,0.18361597933146703,Paid Search
2024-02-01 00:00:00,Feb,Q1,Home Comfort,Home,North,Mainstream,62,3224.5961856104914,1755.7370606435377,1468.8591249669537,0.05264373698610882,Organic Search
2024-02-01 00:00:00,Feb,Q1,Home Comfort,Home,North,Mainstream,44,2274.856485965748,1268.0668851886003,1006.7896007771478,0.08499648249589113,Email
2024-02-01 00:00:00,Feb,Q1,Home Comfort,Home,North,Mainstream,56,2403.730828710666,1417.1115309631582,986.619297747508,0.17354251907354984,Paid Social
2024-02-01 00:00:00,Feb,Q1,Home Comfort,Home,North,Mainstream,49,2449.3845141765805,1385.513555594364,1063.8709585822164,0.14638047128327605,Paid Search
2024-02-01 00:00:00,Feb,Q1,Home Comfort,Home,North,Premium,47,2489.982122204871,1404.2424545028132,1085.7396677020577,0.05629591876559047,Organic Search
2024-02-01 00:00:00,Feb,Q1,Home Comfort,Home,North,Premium,33,1787.7108178463022,977.663744820613,810.0470730256892,0.05026386599397531,Email
2024-02-01 00:00:00,Feb,Q1,Home Comfort,Home,North,Premium,47,2486.5320399419593,1415.2778311675286,1071.2542087744307,0.0728802988220627,Paid Social
2024-02-01 00:00:00,Feb,Q1,Home Comfort,Home,North,Premium,40,1955.774297739777,1144.3005883123637,811.4737094274133,0.10087520128109681,Paid Search
2024-02-01 00:00:00,Feb,Q1,Home Comfort,Home,South,Value Seekers,60,3242.9080418371177,1726.7036214386699,1516.2044203984478,0.07903605092368314,Organic Search
2024-02-01 00:00:00,Feb,Q1,Home Comfort,Home,South,Value Seekers,61,3273.9079023530803,1848.5891884886423,1425.318713864438,0.08532826007874003,Email
2024-02-01 00:00:00,Feb,Q1,Home Comfort,Home,South,Value Seekers,59,2749.1510592565573,1553.373058213498,1195.7780010430592,0.15538538341886712,Paid Social
2024-02-01 00:00:00,Feb,Q1,Home Comfort,Home,South,Value Seekers,37,1738.3335046809473,970.0953033940143,768.238201286933,0.16351740359556705,Paid Search
2024-02-01 00:00:00,Feb,Q1,Home Comfort,Home,South,Mainstream,60,3317.8228726109774,1816.2512911705696,1501.5715814404077,0.023053204715570253,Organic Search
2024-02-01 00:00:00,Feb,Q1,Home Comfort,Home,South,Mainstream,35,2083.557625691799,1177.0199592369174,906.5376664548814,0.03322728107031005,Email
2024-02-01 00:00:00,Feb,Q1,Home Comfort,Home,South,Mainstream,47,2469.4741936631285,1419.536769882517,1049.9374237806114,0.13477614611939967,Paid Social
2024-02-01 00:00:00,Feb,Q1,Home Comfort,Home,South,Mainstream,33,1648.4468474168475,951.9181559766101,696.5286914402374,0.1578252316500997,Paid Search
2024-02-01 00:00:00,Feb,Q1,Home Comfort,Home,South,Premium,40,2274.919617903497,1340.6930521306201,2284.919617903497,0.021393464215207297,Organic Search
2024-02-01 00:00:00,Feb,Q1,Home Comfort,Home,South,Premium,37,1924.0063721648182,1092.601404009323,831.4049681554952,0.10815465793404155,Email
2024-02-01 00:00:00,Feb,Q1,Home Comfort,Home,South,Premium,34,1633.3961509047915,985.8578910482491,647.5382598565424,0.15960318977161753,Paid Social
2024-02-01 00:00:00,Feb,Q1,Home Comfort,Home,South,Premium,24,1116.6850843172424,655.2687796550568,461.41630466218555,0.1477482398970084,Paid Search
2024-02-01 00:00:00,Feb,Q1,Home Comfort,Home,East,Value Seekers,59,3169.1888503925256,1854.9631806020018,1314.2256697905239,0.05104786683282002,Organic Search
2024-02-01 00:00:00,Feb,Q1,Home Comfort,Home,East,Value Seekers,62,3312.0174498526503,1859.2736495259157,1452.7438003267346,0.0860814481054431,Email
2024-02-01 00:00:00,Feb,Q1,Home Comfort,Home,East,Value Seekers,54,2532.30580905905,1485.6503843567436,1046.6554247023062,0.18770844216592877,Paid Social
2024-02-01 00:00:00,Feb,Q1,Home Comfort,Home,East,Value Seekers,53,2527.4801000795346,1490.9379991165465,1036.5421009629881,0.11253622897984011,Paid Search
2024-02-01 00:00:00,Feb,Q1,Home Comfort,Home,East,Mainstream,55,3187.6682664334717,1729.4160725229738,1458.252193910498,0.024667104110056855,Organic Search
2024-02-01 00:00:00,Feb,Q1,Home Comfort,Home,East,Mainstream,58,3153.2921977918545,1840.4878479562112,1312.8043498356433,0.08544687001161422,Email
2024-02-01 00:00:00,Feb,Q1,Home Comfort,Home,East,Mainstream,43,2256.846053804741,1267.712467654074,989.133586150667,0.11626439183185591,Paid Social
2024-02-01 00:00:00,Feb,Q1,Home Comfort,Home,East,Mainstream,47,2316.0375686239186,1340.633154448866,975.4044141750526,0.1183403095602507,Paid Search
2024-02-01 00:00:00,Feb,Q1,Home Comfort,Home,East,Premium,42,2486.833547484243,1447.5195016151033,1039.3140458691396,0.019116404571349877,Organic Search
2024-02-01 00:00:00,Feb,Q1,Home Comfort,Home,East,Premium,44,2332.791418172939,1334.9552287481386,997.8361894248003,0.06269350595245576,Email
2024-02-01 00:00:00,Feb,Q1,Home Comfort,Home,East,Premium,31,1507.9499092653416,856.8894254375743,651.0604838277673,0.14921502072800508,Paid Social
2024-02-01 00:00:00,Feb,Q1,Home Comfort,Home,East,Premium,28,1473.426521826388,824.0045948631291,649.4219269632588,0.10740526039740157,Paid Search
2024-02-01 00:00:00,Feb,Q1,Home Comfort,Home,West,Value Seekers,66,3763.9980573845614,2235.9212108794227,1528.0768465051387,0.039967416255804154,Organic Search
2024-02-01 00:00:00,Feb,Q1,Home Comfort,Home,West,Value Seekers,61,3270.9335699066382,1883.8952397773999,1387.0383301292384,0.10574374695996687,Email
2024-02-01 00:00:00,Feb,Q1,Home Comfort,Home,West,Value Seekers,56,2476.6699305065986,1351.3396424195168,1125.3302880870817,0.20421929458148552,Paid Social
2024-02-01 00:00:00,Feb,Q1,Home Comfort,Home,West,Value Seekers,58,2845.3617309346287,1650.562088447823,1194.7996424868056,0.12617019541412783,Paid Search
2024-02-01 00:00:00,Feb,Q1,Home Comfort,Home,West,Mainstream,58,3161.371868837731,1841.349191205461,1320.0226776322702,0.07796144112119693,Organic Search
2024-02-01 00:00:00,Feb,Q1,Home Comfort,Home,West,Mainstream,37,1989.6034006071668,1176.0151189665587,813.5882816406081,0.10993431974881288,Email
2024-02-01 00:00:00,Feb,Q1,Home Comfort,Home,West,Mainstream,45,2090.604204689787,1233.525549194808,857.0786554949789,0.14003449127519965,Paid Social
2024-02-01 00:00:00,Feb,Q1,Home Comfort,Home,West,Mainstream,53,2592.9064045216423,1430.2587526877592,1162.6476518338832,0.1469412827382286,Paid Search
2024-02-01 00:00:00,Feb,Q1,Home Comfort,Home,West,Premium,41,2428.1501844938366,1425.6805405803618,1002.4696439134748,0.040057397152327055,Organic Search
2024-02-01 00:00:00,Feb,Q1,Home Comfort,Home,West,Premium,29,1572.6146396520805,934.0632864046879,638.5513532473926,0.08184232841830569,Email
2024-02-01 00:00:00,Feb,Q1,Home Comfort,Home,West,Premium,36,1993.65375346049,1096.794079464991,896.859673995499,0.11549347059256226,Paid Social
2024-02-01 00:00:00,Feb,Q1,Home Comfort,Home,West,Premium,35,1766.4986258964389,1031.237692743411,735.260933153028,0.11218643157249589,Paid Search
2024-02-01 00:00:00,Feb,Q1,Smart Kitchen,Home,North,Value Seekers,53,4308.360585879741,2398.758525239683,1909.602060640058,0.049814114963259645,Organic Search
2024-02-01 00:00:00,Feb,Q1,Smart Kitchen,Home,North,Value Seekers,56,4416.403426996072,2357.7413886016307,2058.6620383944414,0.0965316671032975,Email
2024-02-01 00:00:00,Feb,Q1,Smart Kitchen,Home,North,Value Seekers,52,3891.2693884958926,2121.503613474545,1769.7657750213475,0.13761109766134164,Paid Social
2024-02-01 00:00:00,Feb,Q1,Smart Kitchen,Home,North,Value Seekers,43,3074.278181729957,1633.2923126966862,1440.9858690332708,0.1418694066980492,Paid Search
2024-02-01 00:00:00,Feb,Q1,Smart Kitchen,Home,North,Mainstream,59,4874.313668286289,2574.2574305192293,2300.0562377670594,0.03334289498725233,Organic Search
2024-02-01 00:00:00,Feb,Q1,Smart Kitchen,Home,North,Mainstream,41,3142.2471294239017,1670.6363871755589,1471.6107422483428,0.05237828865461275,Email
2024-02-01 00:00:00,Feb,Q1,Smart Kitchen,Home,North,Mainstream,44,3179.472068379457,1695.0801007334087,1484.3919676460484,0.11462662984225896,Paid Social
2024-02-01 00:00:00,Feb,Q1,Smart Kitchen,Home,North,Mainstream,37,2738.300977539774,1495.0498306065679,1243.2511469332062,0.1054964087124306,Paid Search
2024-02-01 00:00:00,Feb,Q1,Smart Kitchen,Home,North,Premium,28,2390.4447147612714,1349.0152338227595,1041.429480938512,0.0020475099874051883,Organic Search
2024-02-01 00:00:00,Feb,Q1,Smart Kitchen,Home,North,Premium,21,1598.8346884458676,863.8899528068816,734.944735638986,0.07705468518576068,Email
2024-02-01 00:00:00,Feb,Q1,Smart Kitchen,Home,North,Premium,28,2067.016515552935,1046.0265138187137,1020.9900017342211,0.11883384377834096,Paid Social
2024-02-01 00:00:00,Feb,Q1,Smart Kitchen,Home,North,Premium,32,2288.5332691713106,1140.1582241607618,1148.3750450105488,0.11015495328891232,Paid Search
2024-02-01 00:00:00,Feb,Q1,Smart Kitchen,Home,South,Value Seekers,45,3573.0877351938548,1902.8329342154145,1670.2548009784402,0.09823683973359866,Organic Search
2024-02-01 00:00:00,Feb,Q1,Smart Kitchen,Home,South,Value Seekers,38,2787.4929829415128,1480.1896666823538,1307.303316259159,0.11014725571369566,Email
2024-02-01 00:00:00,Feb,Q1,Smart Kitchen,Home,South,Value Seekers,34,2496.4168359130617,1328.992275399939,1167.4245605131227,0.07688110700222259,Paid Social
2024-02-01 00:00:00,Feb,Q1,Smart Kitchen,Home,South,Value Seekers,43,2952.0215923966525,1489.716248984582,1462.3053434120704,0.1658956309604392,Paid Search
2024-02-01 00:00:00,Feb,Q1,Smart Kitchen,Home,South,Mainstream,41,3180.475227623342,1697.351148158904,1483.1240794644382,0.056548758733532836,Organic Search
2024-02-01 00:00:00,Feb,Q1,Smart Kitchen,Home,South,Mainstream,36,2475.442806137229,1375.227925960464,1100.214880176765,0.13711685595160183,Email
2024-02-01 00:00:00,Feb,Q1,Smart Kitchen,Home,South,Mainstream,33,2494.140002676408,1306.042182526316,1188.097820150092,0.10771185995579498,Paid Social
2024-02-01 00:00:00,Feb,Q1,Smart Kitchen,Home,South,Mainstream,28,2113.013516635882,1157.9558261241234,955.0576905117584,0.10212379542583436,Paid Search
2024-02-01 00:00:00,Feb,Q1,Smart Kitchen,Home,South,Premium,18,1553.5772090399319,842.180402284617,711.3968067553149,0.03669219335175525,Organic Search
2024-02-01 00:00:00,Feb,Q1,Smart Kitchen,Home,South,Premium,17,1357.3297946078103,716.421840785481,640.9079538223293,0.048877538664738165,Email
2024-02-01 00:00:00,Feb,Q1,Smart Kitchen,Home,South,Premium,27,1955.5822797083058,1103.676556184222,851.9057235240839,0.14740462011827535,Paid Social
2024-02-01 00:00:00,Feb,Q1,Smart Kitchen,Home,South,Premium,16,1128.554447466688,604.1031301070606,524.4513173596275,0.13722227331229075,Paid Search
2024-02-01 00:00:00,Feb,Q1,Smart Kitchen,Home,East,Value Seekers,46,3647.940066165147,1965.318927280176,1682.621138884971,0.053595101127788924,Organic Search
2024-02-01 00:00:00,Feb,Q1,Smart Kitchen,Home,East,Value Seekers,42,3201.5326230553237,1658.8710849043696,1542.6615381509541,0.11224968905542751,Email
2024-02-01 00:00:00,Feb,Q1,Smart Kitchen,Home,East,Value Seekers,38,2550.1300627296964,1349.5579086124046,1200.5721541172918,0.18929155779451376,Paid Social
2024-02-01 00:00:00,Feb,Q1,Smart Kitchen,Home,East,Value Seekers,40,2979.731497332423,1656.6150467059426,1323.1164506264802,0.11224991070285181,Paid Search
2024-02-01 00:00:00,Feb,Q1,Smart Kitchen,Home,East,Mainstream,41,3284.7792635626347,1844.7106354770428,1440.0686280855919,0.051408407170303025,Organic Search
2024-02-01 00:00:00,Feb,Q1,Smart Kitchen,Home,East,Mainstream,31,2358.38295728362,1260.7279645448705,1097.6549927387493,0.0645336397126024,Email
2024-02-01 00:00:00,Feb,Q1,Smart Kitchen,Home,East,Mainstream,26,1882.58854506778,1057.9813310970674,824.6072139707126,0.11963513017073904,Paid Social
2024-02-01 00:00:00,Feb,Q1,Smart Kitchen,Home,East,Mainstream,34,2572.4466886560035,1368.4583730608372,1203.9883155951663,0.10782104943385734,Paid Search
2024-02-01 00:00:00,Feb,Q1,Smart Kitchen,Home,East,Premium,24,1930.1303123902703,1020.0355517963563,910.094760593914,0.06857148698943079,Organic Search
2024-02-01 00:00:00,Feb,Q1,Smart Kitchen,Home,East,Premium,26,2037.3974352679377,1056.0147129597533,981.3827223081844,0.06584446288224624,Email
2024-02-01 00:00:00,Feb,Q1,Smart Kitchen,Home,East,Premium,20,1551.2316429459931,846.9168648388155,704.3147781071776,0.11069348867771252,Paid Social
2024-02-01 00:00:00,Feb,Q1,Smart Kitchen,Home,East,Premium,21,1579.0124781767638,882.1797411462661,696.8327370304977,0.13333502128093905,Paid Search
2024-02-01 00:00:00,Feb,Q1,Smart Kitchen,Home,West,Value Seekers,40,3118.7730715540606,1638.0944384821528,1480.6786330719078,0.0672851757321889,Organic Search
2024-02-01 00:00:00,Feb,Q1,Smart Kitchen,Home,West,Value Seekers,34,2646.7946292939,1443.4851746832085,1203.3094546106915,0.058715543839315196,Email
2024-02-01 00:00:00,Feb,Q1,Smart Kitchen,Home,West,Value Seekers,37,2413.210841353275,1338.9591327237697,1074.2517086295054,0.21189093855414595,Paid Social
2024-02-01 00:00:00,Feb,Q1,Smart Kitchen,Home,West,Value Seekers,40,2871.811613370896,1586.912108993724,1284.899504377172,0.16040017121936057,Paid Search
2024-02-01 00:00:00,Feb,Q1,Smart Kitchen,Home,West,Mainstream,26,2006.9911083877732,1022.0944999782268,984.8966084095464,0.06588615070785894,Organic Search
2024-02-01 00:00:00,Feb,Q1,Smart Kitchen,Home,West,Mainstream,44,3631.4239330057208,1999.7913194641071,1631.6326135416136,0.03116041141462983,Email
2024-02-01 00:00:00,Feb,Q1,Smart Kitchen,Home,West,Mainstream,36,2588.474814386431,1358.8200455512733,1229.6547688351575,0.12744312063730287,Paid Social
2024-02-01 00:00:00,Feb,Q1,Smart Kitchen,Home,West,Mainstream,41,3212.8795583763813,1834.0016730509108,1378.8778853254705,0.07288034102459315,Paid Search
2024-02-01 00:00:00,Feb,Q1,Smart Kitchen,Home,West,Premium,23,1735.8459382952492,899.580252628522,836.2656856667272,0.06950857029041116,Organic Search
2024-02-01 00:00:00,Feb,Q1,Smart Kitchen,Home,West,Premium,17,1355.089763935189,749.1924390038004,605.8973249313887,0.06404154569216074,Email
2024-02-01 00:00:00,Feb,Q1,Smart Kitchen,Home,West,Premium,26,1821.0137379576686,976.2431754326917,844.7705625249769,0.18773546630733737,Paid Social
2024-02-01 00:00:00,Feb,Q1,Smart Kitchen,Home,West,Premium,21,1536.4139809588235,843.6673571855744,692.7466237732491,0.14148284477807432,Paid Search
2024-02-01 00:00:00,Feb,Q1,Activewear,Lifestyle,North,Value Seekers,50,3428.833848249961,1929.3375373713138,1499.4963108786474,0.044297589804451754,Organic Search
2024-02-01 00:00:00,Feb,Q1,Activewear,Lifestyle,North,Value Seekers,62,4199.37919351298,2508.9349991591503,1690.44419435383,0.07301397692670719,Email
2024-02-01 00:00:00,Feb,Q1,Activewear,Lifestyle,North,Value Seekers,41,2595.0280891792095,1450.1340220414347,1144.8940671377748,0.11639173201804356,Paid Social
2024-02-01 00:00:00,Feb,Q1,Activewear,Lifestyle,North,Value Seekers,51,3052.408740493265,1692.7761164306535,1359.6326240626117,0.15126638888336635,Paid Search
2024-02-01 00:00:00,Feb,Q1,Activewear,Lifestyle,North,Mainstream,55,3991.438700303831,2101.1739117252478,1890.2647885785832,0.014589159295095154,Organic Search
2024-02-01 00:00:00,Feb,Q1,Activewear,Lifestyle,North,Mainstream,58,3490.23143783521,1933.8856195806393,1556.3458182545705,0.09571635948639726,Email
2024-02-01 00:00:00,Feb,Q1,Activewear,Lifestyle,North,Mainstream,44,2678.567854863942,1496.7060463100588,1181.8618085538833,0.11304844625090715,Paid Social
2024-02-01 00:00:00,Feb,Q1,Activewear,Lifestyle,North,Mainstream,48,2977.9138358901064,1597.876548009885,1380.0372878802214,0.09871573874217972,Paid Search
2024-02-01 00:00:00,Feb,Q1,Activewear,Lifestyle,North,Premium,36,2419.8571742974373,1369.758413688595,1050.0987606088422,0.06026905473939711,Organic Search
2024-02-01 00:00:00,Feb,Q1,Activewear,Lifestyle,North,Premium,33,2105.189308475517,1180.9260125606143,924.2632959149028,0.11892936334099097,Email
2024-02-01 00:00:00,Feb,Q1,Activewear,Lifestyle,North,Premium,33,1950.621699582647,1101.711350001304,848.9103495813429,0.13662997821231976,Paid Social
2024-02-01 00:00:00,Feb,Q1,Activewear,Lifestyle,North,Premium,44,2767.0603744279674,1518.1610780892502,1248.8992963387172,0.09732479604043351,Paid Search
2024-02-01 00:00:00,Feb,Q1,Activewear,Lifestyle,South,Value Seekers,51,3428.493272842971,1823.6006851565614,1604.8925876864093,0.08008250975613204,Organic Search
2024-02-01 00:00:00,Feb,Q1,Activewear,Lifestyle,South,Value Seekers,40,2427.086186273118,1281.1009809101622,1145.9852053629559,0.12449596749350145,Email
2024-02-01 00:00:00,Feb,Q1,Activewear,Lifestyle,South,Value Seekers,45,2603.2241696295073,1440.1379860985771,1163.0861835309302,0.15586179621616683,Paid Social
2024-02-01 00:00:00,Feb,Q1,Activewear,Lifestyle,South,Value Seekers,50,2921.223980445863,1620.5180560619149,1300.7059243839483,0.13125962524911125,Paid Search
2024-02-01 00:00:00,Feb,Q1,Activewear,Lifestyle,South,Mainstream,54,3488.5074116075766,1975.764528640522,1512.7428829670546,0.0503561041003428,Organic Search
2024-02-01 00:00:00,Feb,Q1,Activewear,Lifestyle,South,Mainstream,43,3047.6844453482768,1675.895518719052,1371.7889266292248,0.06360173595825618,Email
2024-02-01 00:00:00,Feb,Q1,Activewear,Lifestyle,South,Mainstream,38,2147.223022013471,1190.9041241202608,956.3188978932103,0.18065951014171583,Paid Social
2024-02-01 00:00:00,Feb,Q1,Activewear,Lifestyle,South,Mainstream,45,2735.8689824804874,1589.4388427024676,1146.4301397780198,0.12685068381680215,Paid Search
2024-02-01 00:00:00,Feb,Q1,Activewear,Lifestyle,South,Premium,28,1851.0269457874772,1114.8803863922062,736.146559395271,0.06636691543705783,Organic Search
2024-02-01 00:00:00,Feb,Q1,Activewear,Lifestyle,South,Premium,24,1708.5377277133807,954.1483638076297,754.389363905751,0.0033916919731388356,Email
2024-02-01 00:00:00,Feb,Q1,Activewear,Lifestyle,South,Premium,22,1239.2087258226165,723.1330824892899,516.0756433333266,0.1776908389728421,Paid Social
2024-02-01 00:00:00,Feb,Q1,Activewear,Lifestyle,South,Premium,25,1600.2229422506045,886.4357922884673,713.7871499621373,0.09052958399438008,Paid Search
not-a-date,Feb,Q1,Activewear,Lifestyle,East,Value Seekers,60,3809.6617236173224,2084.378719266386,1725.2830043509366,0.08108754301461313,Organic Search
2024-02-01 00:00:00,Feb,Q1,Activewear,Lifestyle,East,Value Seekers,53,3529.716777573013,1955.1352145932326,1574.5815629797805,0.06428558686234687,Email
2024-02-01 00:00:00,Feb,Q1,Activewear,Lifestyle,East,Value Seekers,46,2758.5084867913347,1488.524163141238,1269.9843236500967,0.13898822660785173,Paid Social
2024-02-01 00:00:00,Feb,Q1,Activewear,Lifestyle,East,Value Seekers,43,2536.3981677179495,1397.2234129474666,1139.1747547704829,0.1486088942321989,Paid Search
2024-02-01 00:00:00,Feb,Q1,Activewear,Lifestyle,East,Mainstream,49,3283.3747678304735,1817.4865355866914,1465.888232243782,0.052087028137996275,Organic Search
2024-02-01 00:00:00,Feb,Q1,Activewear,Lifestyle,East,Mainstream,48,3144.836162612652,1817.9752930309396,1326.8608695817124,0.06796192932951628,Email
2024-02-01 00:00:00,Feb,Q1,Activewear,Lifestyle,East,Mainstream,43,2760.35123675306,1533.7850421170397,1226.5661946360206,0.11451234494039533,Paid Social
2024-02-01 00:00:00,Feb,Q1,Activewear,Lifestyle,East,Mainstream,45,2833.457710851351,1573.0158719366143,1260.4418389147365,0.1395017574347766,Paid Search
2024-02-01 00:00:00,Feb,Q1,Activewear,Lifestyle,East,Premium,40,2638.5631712690406,1383.2976180343007,1255.2655532347399,0.06589153991877401,Organic Search
2024-02-01 00:00:00,Feb,Q1,Activewear,Lifestyle,East,Premium,39,2717.189788617465,1483.7198118898125,1233.4699767276527,0.05474942556254111,Email
2024-02-01 00:00:00,Feb,Q1,Activewear,Lifestyle,East,Premium,17,1058.3431557914948,605.4954512499761,452.84770454151874,0.09169582093684878,Paid Social
2024-02-01 00:00:00,Feb,Q1,Activewear,Lifestyle,East,Premium,24,1616.1582472028542,925.8287623418151,690.3294848610391,0.06074368799835469,Paid Search
2024-02-01 00:00:00,Feb,Q1,Activewear,Lifestyle,West,Value Seekers,45,2933.531406809834,1732.4429475169052,1201.088459292929,0.04984093257159247,Organic Search
2024-02-01 00:00:00,Feb,Q1,Activewear,Lifestyle,West,Value Seekers,35,2476.5244966728565,1348.539405874584,1127.9850907982725,0.06837321432072181,Email
2024-02-01 00:00:00,Feb,Q1,Activewear,Lifestyle,West,Value Seekers,39,2238.129503768505,1240.7623925973348,997.3671111711701,0.17308487542255038,Paid Social
2024-02-01 00:00:00,Feb,Q1,Activewear,Lifestyle,West,Value Seekers,41,2496.1430000526016,1346.3541087735273,1149.7888912790743,0.15525057924461125,Paid Search
2024-02-01 00:00:00,Feb,Q1,Activewear,Lifestyle,West,Mainstream,56,4028.3270484156665,2290.797229266318,1737.5298191493484,0.040612652841194564,Organic Search
2024-02-01 00:00:00,Feb,Q1,Activewear,Lifestyle,West,Mainstream,41,2759.8412474404,1535.2619686768726,1224.5792787635273,0.05260346449638062,Email
2024-02-01 00:00:00,Feb,Q1,Activewear,Lifestyle,West,Mainstream,46,2713.2026451021375,1505.7057974969198,1207.4968476052177,0.16631978892256785,Paid Social
2024-02-01 00:00:00,Feb,Q1,Activewear,Lifestyle,West,Mainstream,44,2675.4105450482416,1460.4508835174263,1214.9596615308153,0.07435039395930923,Paid Search
2024-02-01 00:00:00,Feb,Q1,Activewear,Lifestyle,West,Premium,34,2311.9086245599183,1355.8245595208452,956.084065039073,0.07320112677514232,Organic Search
2024-02-01 00:00:00,Feb,Q1,Activewear,Lifestyle,West,Premium,25,1694.7862015967055,936.9959900847944,757.7902115119111,0.07738568216412213,Email
2024-02-01 00:00:00,Feb,Q1,Activewear,Lifestyle,West,Premium,20,1261.653428981694,727.001572262745,534.6518567189491,0.1286723533004822,Paid Social
2024-02-01 00:00:00,Feb,Q1,Activewear,Lifestyle,West,Premium,30,1658.1401146083304,983.1083849623072,675.0317296460231,0.16221105389365328,Paid Search
2024-02-01 00:00:00,Feb,Q1,Premium Audio,Electronics,North,Value Seekers,33,4204.463868924734,2107.005439561259,2097.458429363475,0.08822272888906957,Organic Search
2024-02-01 00:00:00,Feb,Q1,Premium Audio,Electronics,North,Value Seekers,38,5390.509458874655,2672.9265032913804,2717.5829555832747,0.05709324897314753,Email
2024-02-01 00:00:00,Feb,Q1,Premium Audio,Electronics,North,Value Seekers,28,3408.298425003789,1650.6328880420374,1757.6655369617515,0.154774472508716,Paid Social
2024-02-01 00:00:00,Feb,Q1,Premium Audio,Electronics,North,Value Seekers,22,2683.6787676595627,1301.8297522699752,1381.8490153895875,0.13943555147263953,Paid Search
2024-02-01 00:00:00,Feb,Q1,Premium Audio,Electronics,North,Mainstream,32,4335.126016803949,2141.3094453637354,2193.8165714402135,0.036353935350723066,Organic Search
2024-02-01 00:00:00,Feb,Q1,Premium Audio,Electronics,North,Mainstream,31,4058.803843912647,1988.8504175030496,2069.9534264095973,0.07192861964707817,Email
2024-02-01 00:00:00,Feb,Q1,Premium Audio,Electronics,North,Mainstream,19,2248.858680072981,1058.723475019157,1190.135205053824,0.15570955090094057,Paid Social
2024-02-01 00:00:00,Feb,Q1,Premium Audio,Electronics,North,Mainstream,32,4279.805321306938,2115.9646341051516,2163.8406872017863,0.11301079239333642,Paid Search
2024-02-01 00:00:00,Feb,Q1,Premium Audio,Electronics,North,Premium,25,3484.768744085276,1748.4744770138495,1736.2942670714265,0.04710866078629423,Organic Search
2024-02-01 00:00:00,Feb,Q1,Premium Audio,Electronics,North,Premium,22,3182.1007418828012,1487.884467938372,1694.2162739444293,0.04155781358623166,Email
2024-02-01 00:00:00,Feb,Q1,Premium Audio,Electronics,North,Premium,19,2384.845033569757,1234.4737188617983,1150.3713147079588,0.12099526377594785,Paid Social
2024-02-01 00:00:00,Feb,Q1,Premium Audio,Electronics,North,Premium,23,2782.463400915779,1325.4503381349468,1457.0130627808321,0.10357612059003975,Paid Search
2024-02-01 00:00:00,Feb,Q1,Premium Audio,Electronics,South,Value Seekers,30,3915.856222919396,2018.7348049684147,1897.1214179509811,0.07247845848545312,Organic Search
2024-02-01 00:00:00,Feb,Q1,Premium Audio,Electronics,South,Value Seekers,25,3408.6500172664505,1632.2548671682264,1776.3951500982241,0.050279538116994475,Email
2024-02-01 00:00:00,Feb,Q1,Premium Audio,Electronics,South,Value Seekers,17,2040.1596550958134,1038.933497099318,1001.2261579964954,0.15921219188942443,Paid Social
2024-02-01 00:00:00,Feb,Q1,Premium Audio,Electronics,South,Value Seekers,31,3651.481762854627,1681.9205190652215,1969.5612437894056,0.14227970684609453,Paid Search
2024-02-01 00:00:00,Feb,Q1,Premium Audio,Electronics,South,Mainstream,29,4021.076425189096,1903.9608050922686,2117.115620096827,0.03019254019489735,Organic Search
2024-02-01 00:00:00,Feb,Q1,Premium Audio,Electronics,South,Mainstream,25,3462.7856925093747,1747.8587730266293,1714.9269194827455,0.07816560543912836,Email
2024-02-01 00:00:00,Feb,Q1,Premium Audio,Electronics,South,Mainstream,28,3498.3765273796007,1685.2663442950404,1813.1101830845603,0.15862576407282,Paid Social
2024-02-01 00:00:00,Feb,Q1,Premium Audio,Electronics,South,Mainstream,24,3100.809531936099,1505.9926443172506,1594.8168876188486,0.07654720901136533,Paid Search
2024-02-01 00:00:00,Feb,Q1,Premium Audio,Electronics,South,Premium,29,3642.4357562258797,1728.8476759882608,1913.588080237619,0.1138671581475529,Organic Search
2024-02-01 00:00:00,Feb,Q1,Premium Audio,Electronics,South,Premium,8,1120.797544380627,595.1560890755574,525.6414553050696,0.0721321058373338,Email
2024-02-01 00:00:00,Feb,Q1,Premium Audio,Electronics,South,Premium,12,1374.4635149232986,652.7619034079746,721.701611515324,0.189271606767945,Paid Social
2024-02-01 00:00:00,Feb,Q1,Premium Audio,Electronics,South,Premium,20,2492.5001760766795,1282.6176180049335,1209.882558071746,0.09301518857251614,Paid Search
2024-02-01 00:00:00,Feb,Q1,Premium Audio,Electronics,East,Value Seekers,36,4622.622523116194,2096.555657814622,2526.0668653015723,0.08496847539982852,Organic Search
2024-02-01 00:00:00,Feb,Q1,Premium Audio,Electronics,East,Value Seekers,40,5093.1197125407525,2481.3669944484122,2611.7527180923403,0.1102231180569753,Email
2024-02-01 00:00:00,Feb,Q1,Premium Audio,Electronics,East,Value Seekers,33,3620.91353874773,1867.182382853797,1753.731155893933,0.19059275851673227,Paid Social
2024-02-01 00:00:00,Feb,Q1,Premium Audio,Electronics,East,Value Seekers,28,3488.028927251284,1647.679791067869,1840.349136183415,0.12552386659579626,Paid Search
2024-02-01 00:00:00,Feb,Q1,Premium Audio,Electronics,East,Mainstream,46,6256.586018082564,2924.8755738503214,3331.7104442322425,0.045465364922267854,Organic Search
2024-02-01 00:00:00,Feb,Q1,Premium Audio,Electronics,East,Mainstream,27,3520.641448153604,1709.9446284225517,1810.6968197310523,0.07054859520538331,Email
2024-02-01 00:00:00,Feb,Q1,Premium Audio,Electronics,East,Mainstream,32,3566.344548114936,1875.4371284081908,1690.9074197067453,0.17958693193124,Paid Social
2024-02-01 00:00:00,Feb,Q1,Premium Audio,Electronics,East,Mainstream,36,4969.6038990330635,2386.597198964003,2583.0067000690606,0.1005176100119642,Paid Search
2024-02-01 00:00:00,Feb,Q1,Premium Audio,Electronics,East,Premium,21,2918.778195938377,1371.4769762786518,1547.3012196597251,0.02916566103011413,Organic Search
2024-02-01 00:00:00,Feb,Q1,Premium Audio,Electronics,East,Premium,22,3003.776475534476,1435.02719855197,1568.749276982506,0.06103240567377703,Email
2024-02-01 00:00:00,Feb,Q1,Premium Audio,Electronics,East,Premium,18,2380.155228042081,1174.1963184251003,1205.9589096169807,0.09384879373889862,Paid Social
2024-02-01 00:00:00,Feb,Q1,Premium Audio,Electronics,East,Premium,10,1186.4020303091283,598.5048823259825,587.8971479831458,0.15476831218978856,Paid Search
2024-02-01 00:00:00,Feb,Q1,Premium Audio,Electronics,West,Value Seekers,28,3645.503298370079,1736.6673844972142,1908.8359138728647,0.06445778550002333,Organic Search
2024-02-01 00:00:00,Feb,Q1,Premium Audio,Electronics,West,Value Seekers,40,5474.060936099894,2713.539333249047,2760.521602850847,0.09431375479510477,Email
2024-02-01 00:00:00,Feb,Q1,Premium Audio,Electronics,West,Value Seekers,18,2099.293136308416,1001.9482438390692,1097.3448924693466,0.1873790102930058,Paid Social
2024-02-01 00:00:00,Feb,Q1,Premium Audio,Electronics,West,Value Seekers,38,4587.563332460726,2180.7278368950183,2406.835495565708,0.1624662114671225,Paid Search
2024-02-01 00:00:00,Feb,Q1,Premium Audio,Electronics,West,Mainstream,29,4040.877816243605,2080.3446250968937,1960.5331911467115,0.05466905137120601,Organic Search
2024-02-01 00:00:00,Feb,Q1,Premium Audio,Electronics,West,Mainstream,38,5029.747945883858,2541.0140664639,2488.733879419958,0.06791549638903836,Email
2024-02-01 00:00:00,Feb,Q1,Premium Audio,Electronics,West,Mainstream,18,2390.3887922540143,1176.954778756317,1213.4340134976974,0.10838283920609855,Paid Social
2024-02-01 00:00:00,Feb,Q1,Premium Audio,Electronics,West,Mainstream,32,4006.2324307532076,1858.533069222598,2147.6993615306096,0.10526081540018997,Paid Search
2024-02-01 00:00:00,Feb,Q1,Premium Audio,Electronics,West,Premium,24,3143.9166331761116,1612.3422647065072,1531.5743684696045,0.07853660794930628,Organic Search
2024-02-01 00:00:00,Feb,Q1,Premium Audio,Electronics,West,Premium,19,2411.814593674338,1257.6197391952185,1154.1948544791196,0.07532374934179058,Email
2024-02-01 00:00:00,Feb,Q1,Premium Audio,Electronics,West,Premium,26,3342.7481012451817,1704.30914212999,1638.4389591151917,0.1063988842882039,Paid Social
2024-02-01 00:00:00,Feb,Q1,Premium Audio,Electronics,West,Premium,12,1479.989040911291,739.9590668312966,740.0299740799945,0.1683830084149601,Paid Search
2024-02-01 00:00:00,Feb,Q1,Pro Camera,Electronics,North,Value Seekers,23,4820.070446856998,2111.7024339469403,2708.368012910058,0.05518726086967675,Organic Search
2024-02-01 00:00:00,Feb,Q1,Pro Camera,Electronics,North,Value Seekers,16,3161.003544742443,1446.3317602602058,1714.6717844822372,0.08474582730520247,Email
2024-02-01 00:00:00,Feb,Q1,Pro Camera,Electronics,North,Value Seekers,18,3431.459998806606,1566.2561412646676,1865.2038575419385,0.10058917859155342,Paid Social
2024-02-01 00:00:00,Feb,Q1,Pro Camera,Electronics,North,Value Seekers,20,3685.365821144303,1646.5402022573887,2038.8256188869143,0.1447277804150985,Paid Search
2024-02-01 00:00:00,Feb,Q1,Pro Camera,Electronics,North,Mainstream,21,4336.249506361449,2158.8716991108167,2177.377807250632,0.06367402738658226,Organic Search
2024-02-01 00:00:00,Feb,Q1,Pro Camera,Electronics,North,Mainstream,24,4554.74243735462,2104.9869922371204,2449.7554451174997,0.08490992672794134,Email
2024-02-01 00:00:00,Feb,Q1,Pro Camera,Electronics,North,Mainstream,12,2272.5244488225644,999.8122522196983,1272.7121966028662,0.12026632469872595,Paid Social
2024-02-01 00:00:00,Feb,Q1,Pro Camera,Electronics,North,Mainstream,18,3239.281812257865,1519.6558625270268,1719.6259497308383,0.16425419039118183,Paid Search
2024-02-01 00:00:00,Feb,Q1,Pro Camera,Electronics,North,Premium,17,3610.339992784007,1701.096371717111,1909.243621066896,0.015154223904676932,Organic Search
2024-02-01 00:00:00,Feb,Q1,Pro Camera,Electronics,North,Premium,13,2504.2125705810568,1092.7900730751035,1411.4224975059533,0.09600471411981881,Email
2024-02-01 00:00:00,Feb,Q1,Pro Camera,Electronics,North,Premium,9,1719.2815446781724,743.6041872632165,975.6773574149558,0.1275986921865064,Paid Social
2024-02-01 00:00:00,Feb,Q1,Pro Camera,Electronics,North,Premium,15,2910.7540550076696,1422.7323977770452,1488.0216572306244,0.07744664000063244,Paid Search
2024-02-01 00:00:00,Feb,Q1,Pro Camera,Electronics,South,Value Seekers,19,3889.9174523064003,1800.5452261053224,2089.372226201078,0.07849309648436893,Organic Search
2024-02-01 00:00:00,Feb,Q1,Pro Camera,Electronics,South,Value Seekers,11,2052.300229327851,984.844024054038,1067.4562052738129,0.08084395756304552,Email
2024-02-01 00:00:00,Feb,Q1,Pro Camera,Electronics,South,Value Seekers,10,1837.0589470802197,890.2861116723005,946.7728354079192,0.1349734446653892,Paid Social
2024-02-01 00:00:00,Feb,Q1,Pro Camera,Electronics,South,Value Seekers,16,3173.8531056184415,1360.993304402764,1812.8598012156776,0.11078147428767182,Paid Search
2024-02-01 00:00:00,Feb,Q1,Pro Camera,Electronics,South,Mainstream,17,3155.2358684907235,1372.0706815820233,1783.1651869087002,0.11424767588688338,Organic Search
2024-02-01 00:00:00,Feb,Q1,Pro Camera,Electronics,South,Mainstream,18,3803.135193758274,1706.7186171387539,2096.41657661952,0.07846745922097964,Email
2024-02-01 00:00:00,Feb,Q1,Pro Camera,Electronics,South,Mainstream,14,2694.3204060472335,1271.2478549694515,1423.072551077782,0.15537103493257434,Paid Social
2024-02-01 00:00:00,Feb,Q1,Pro Camera,Electronics,South,Mainstream,15,2726.265134319476,1224.053246785532,1502.211887533944,0.14070165190930947,Paid Search
2024-02-01 00:00:00,Feb,Q1,Pro Camera,Electronics,South,Premium,10,2200.778225828408,1012.2891932340193,1188.4890325943884,0.0038147903868021235,Organic Search
2024-02-01 00:00:00,Feb,Q1,Pro Camera,Electronics,South,Premium,8,1650.5255967727956,748.5432208526536,901.982375920142,0.06430280046123345,Email
2024-02-01 00:00:00,Feb,Q1,Pro Camera,Electronics,South,Premium,10,1901.3167779965795,882.2834514396656,1019.033326556914,0.14572686720514258,Paid Social
2024-02-01 00:00:00,Feb,Q1,Pro Camera,Electronics,South,Premium,10,1738.965400697254,858.2306149293669,880.734785767887,0.14260043886903284,Paid Search
2024-02-01 00:00:00,Feb,Q1,Pro Camera,Electronics,East,Value Seekers,22,4696.808839958527,2099.74540267133,2597.063437287197,0.032771339552521796,Organic Search
2024-02-01 00:00:00,Feb,Q1,Pro Camera,Electronics,East,Value Seekers,24,5245.609585388309,2524.6394153166216,2720.9701700716873,0.05092276254598965,Email
2024-02-01 00:00:00,Feb,Q1,Pro Camera,Electronics,East,Value Seekers,23,4012.571899686158,1880.428563840549,2132.143335845609,0.20758231719317902,Paid Social
2024-02-01 00:00:00,Feb,Q1,Pro Camera,Electronics,East,Value Seekers,15,2724.410644217867,1275.3403350564888,1449.070309161378,0.14497374241208272,Paid Search
2024-02-01 00:00:00,Feb,Q1,Pro Camera,Electronics,East,Mainstream,15,3261.2343934857195,1433.6779451948908,1827.5564482908287,0.050004666615874334,Organic Search
2024-02-01 00:00:00,Feb,Q1,Pro Camera,Electronics,East,Mainstream,20,3895.3061364884306,1673.157587272302,2222.1485492161287,0.08897946256763153,Email
2024-02-01 00:00:00,Feb,Q1,Pro Camera,Electronics,East,Mainstream,13,2431.665559477558,1114.3944527688127,1317.2711067087453,0.15900295940640904,Paid Social
2024-02-01 00:00:00,Feb,Q1,Pro Camera,Electronics,East,Mainstream,11,2089.905386115991,1022.3921020023951,1067.513284113596,0.13042323758162042,Paid Search
2024-02-01 00:00:00,Feb,Q1,Pro Camera,Electronics,East,Premium,9,1795.7503512873257,867.7509253554331,927.9994259318926,0.032819336727149755,Organic Search
2024-02-01 00:00:00,Feb,Q1,Pro Camera,Electronics,East,Premium,9,1750.9748872881405,785.3315232672815,965.643364020859,0.08910263240820238,Email
2024-02-01 00:00:00,Feb,Q1,Pro Camera,Electronics,East,Premium,9,1662.8416209088427,764.2179852648654,898.6236356439773,0.1022953036411518,Paid Social
2024-02-01 00:00:00,Feb,Q1,Pro Camera,Electronics,East,Premium,6,1196.0704454466893,537.5554633106733,658.514982136016,0.10178304832635522,Paid Search
2024-02-01 00:00:00,Feb,Q1,Pro Camera,Electronics,West,Value Seekers,26,5480.385364645386,2553.677273351312,2926.708091294074,0.05587545222419811,Organic Search
2024-02-01 00:00:00,Feb,Q1,Pro Camera,Electronics,West,Value Seekers,21,4513.320353593495,2076.8445585432864,2436.475795050209,0.09354414647402699,Email
2024-02-01 00:00:00,Feb,Q1,Pro Camera,Electronics,West,Value Seekers,17,2908.8123566493314,1331.3047003472423,1577.5076563020891,0.18474650351465,Paid Social
2024-02-01 00:00:00,Feb,Q1,Pro Camera,Electronics,West,Value Seekers,19,3569.4365522518992,1614.5531198248968,1954.8834324270024,0.14851635341030353,Paid Search
2024-02-01 00:00:00,Feb,Q1,Pro Camera,Electronics,West,Mainstream,12,2551.0008152313426,1198.8697314774668,1352.1310837538758,0.07113815249713029,Organic Search
2024-02-01 00:00:00,Feb,Q1,Pro Camera,Electronics,West,Mainstream,12,2461.7695121881334,1212.464053158806,1249.3054590293273,0.06081473533012962,Email
2024-02-01 00:00:00,Feb,Q1,Pro Camera,Electronics,West,Mainstream,20,3610.33223040443,1573.3694909818507,2036.9627394225793,0.14847228995546305,Paid Social
2024-02-01 00:00:00,Feb,Q1,Pro Camera,Electronics,West,Mainstream,18,3275.577112181345,1642.0659181754966,1633.5111940058484,0.12529000951471267,Paid Search
2024-02-01 00:00:00,Feb,Q1,Pro Camera,Electronics,West,Premium,14,2984.3717939264193,1320.256835575387,1664.1149583510323,0.061826273205830326,Organic Search
2024-02-01 00:00:00,Feb,Q1,Pro Camera,Electronics,West,Premium,6,1184.182752806325,548.7163251669141,635.4664276394109,0.10516952139470098,Email
2024-02-01 00:00:00,Feb,Q1,Pro Camera,Electronics,West,Premium,11,1920.0672311884477,847.8891391479716,1072.1780920404763,0.16491311584741453,Paid Social
2024-02-01 00:00:00,Feb,Q1,Pro Camera,Electronics,West,Premium,9,1550.203523376738,739.3940855669285,810.8094378098095,0.11242596557814247,Paid Search
2024-02-01 00:00:00,Feb,Q1,Luxury Set,Lifestyle,North,Value Seekers,22,3798.678338967431,1648.1207080735767,2150.5576308938544,0.0415565501047152,Organic Search
2024-02-01 00:00:00,Feb,Q1,Luxury Set,Lifestyle,North,Value Seekers,16,2791.582756029591,1181.1890653057687,1610.3936907238224,0.07595543762924964,Email
2024-02-01 00:00:00,Feb,Q1,Luxury Set,Lifestyle,North,Value Seekers,10,1614.9476359657099,646.3074703550602,968.6401656106497,0.1351149099243813,Paid Social
2024-02-01 00:00:00,Feb,Q1,Luxury Set,Lifestyle,North,Value Seekers,17,2668.289921878534,1067.0478164416204,1601.2421054369138,0.13286240757572212,Paid Search
2024-02-01 00:00:00,Feb,Q1,Luxury Set,Lifestyle,North,Mainstream,21,3670.896702823612,1610.1240771673324,2060.7726256562796,0.01477232680610057,Organic Search
2024-02-01 00:00:00,Feb,Q1,Luxury Set,Lifestyle,North,Mainstream,9,1486.8122874488677,631.6111523968169,855.2011350520507,0.08698939212901603,Email
2024-02-01 00:00:00,Feb,Q1,Luxury Set,Lifestyle,North,Mainstream,19,2760.378373725236,1125.6741397161022,1634.7042340091339,0.14084751960313652,Paid Social
2024-02-01 00:00:00,Feb,Q1,Luxury Set,Lifestyle,North,Mainstream,14,2245.2614130660495,947.1225180017925,1298.138895064257,0.08275906446409725,Paid Search
2024-02-01 00:00:00,Feb,Q1,Luxury Set,Lifestyle,North,Premium,13,2082.822574810474,906.4264736932149,1176.3961011172591,0.05620684832278615,Organic Search
2024-02-01 00:00:00,Feb,Q1,Luxury Set,Lifestyle,North,Premium,5,818.0254673242242,340.12087518144045,477.90459214278377,0.055932699388994186,Email
2024-02-01 00:00:00,Feb,Q1,Luxury Set,Lifestyle,North,Premium,5,726.7203016296999,312.2815089205871,414.43879270911276,0.16300028650013493,Paid Social
2024-02-01 00:00:00,Feb,Q1,Luxury Set,Lifestyle,North,Premium,5,727.8718979365026,306.5324576338475,421.3394403026551,0.14290025799477724,Paid Search
2024-02-01 00:00:00,Feb,Q1,Luxury Set,Lifestyle,South,Value Seekers,16,2773.249118216197,1216.7076501058739,1556.5414681103232,0.047719576298952515,Organic Search
2024-02-01 00:00:00,Feb,Q1,Luxury Set,Lifestyle,South,Value Seekers,12,1976.7230717286682,857.8312626501347,1118.8918090785335,0.07830444542919336,Email
2024-02-01 00:00:00,Feb,Q1,Luxury Set,Lifestyle,South,Value Seekers,15,2113.0471661543656,884.2972435777967,1228.749922576569,0.19924666090649917,Paid Social
2024-02-01 00:00:00,Feb,Q1,Luxury Set,Lifestyle,South,Value Seekers,9,1439.0428409608296,560.9403114696162,878.1025294912134,0.11772775970144853,Paid Search
2024-02-01 00:00:00,Feb,Q1,Luxury Set,Lifestyle,South,Mainstream,8,1342.8711711760768,612.3835830451137,730.4875881309631,0.037189869634397056,Organic Search
2024-02-01 00:00:00,Feb,Q1,Luxury Set,Lifestyle,South,Mainstream,13,2187.686183286207,893.6233659427158,1294.0628173434911,0.07040789004214443,Email
2024-02-01 00:00:00,Feb,Q1,Luxury Set,Lifestyle,South,Mainstream,7,1034.5137536575094,452.3540086819362,582.1597449755732,0.1539326073445122,Paid Social
2024-02-01 00:00:00,Feb,Q1,Luxury Set,Lifestyle,South,Mainstream,9,1470.8032571124018,593.3673234050358,877.435933707366,0.10626600362661395,Paid Search
2024-02-01 00:00:00,Feb,Q1,Luxury Set,Lifestyle,South,Premium,8,1264.4264568430492,521.6236623800235,742.8027944630257,0.07590219127615641,Organic Search
2024-02-01 00:00:00,Feb,Q1,Luxury Set,Lifestyle,South,Premium,6,1057.1771902941819,486.43918223797357,570.7380080562083,0.06006105586270697,Email
2024-02-01 00:00:00,Feb,Q1,Luxury Set,Lifestyle,South,Premium,7,1096.4865626555452,449.58235126403474,646.9042113915104,0.13180145199331603,Paid Social
2024-02-01 00:00:00,Feb,Q1,Luxury Set,Lifestyle,South,Premium,4,588.1756398755132,244.55867089422975,343.61696898128343,0.14867653444601076,Paid Search
2024-02-01 00:00:00,Feb,Q1,Luxury Set,Lifestyle,East,Value Seekers,9,1495.51386008969,633.0608247338025,862.4530353558876,0.06982387536298613,Organic Search
2024-02-01 00:00:00,Feb,Q1,Luxury Set,Lifestyle,East,Value Seekers,20,3378.931443301718,1553.514789526254,1825.416653775464,0.07178845945799144,Email
2024-02-01 00:00:00,Feb,Q1,Luxury Set,Lifestyle,East,Value Seekers,18,2778.6110444346077,1139.9178739505799,1638.6931704840279,0.12524445187116343,Paid Social
2024-02-01 00:00:00,Feb,Q1,Luxury Set,Lifestyle,East,Value Seekers,16,2602.303649523308,1130.3732666459866,1471.9303828773216,0.10307687681170244,Paid Search
2024-02-01 00:00:00,Feb,Q1,Luxury Set,Lifestyle,East,Mainstream,5,883.3751530266206,384.6485730490175,498.72657997760314,0.011682486002751728,Organic Search
2024-02-01 00:00:00,Feb,Q1,Luxury Set,Lifestyle,East,Mainstream,11,1828.6006959207366,803.9502139923806,1024.650481928356,0.07438840573946495,Email
2024-02-01 00:00:00,Feb,Q1,Luxury Set,Lifestyle,East,Mainstream,11,1702.4901076457602,753.3032435847653,949.1868640609949,0.14357621924697384,Paid Social
2024-02-01 00:00:00,Feb,Q1,Luxury Set,Lifestyle,East,Mainstream,10,1497.9452390091267,671.1234660025258,826.8217730066009,0.13456428297022013,Paid Search
2024-02-01 00:00:00,Feb,Q1,Luxury Set,Lifestyle,East,Premium,13,2132.2840618844543,862.562616430653,1269.7214454538014,0.06464760502911623,Organic Search
2024-02-01 00:00:00,Feb,Q1,Luxury Set,Lifestyle,East,Premium,13,2143.5272974307636,908.7377550954421,1234.7895423353216,0.07546335106027365,Email
2024-02-01 00:00:00,Feb,Q1,Luxury Set,Lifestyle,East,Premium,1,149.0915545920944,60.94435691052244,88.14719768157198,0.16400761990703677,Paid Social
2024-02-01 00:00:00,Feb,Q1,Luxury Set,Lifestyle,East,Premium,10,1591.0623518978057,668.4166183804248,922.6457335173809,0.12430635966027594,Paid Search
2024-02-01 00:00:00,Feb,Q1,Luxury Set,Lifestyle,West,Value Seekers,15,2424.9621909268512,1079.9850076488433,1344.977183278008,0.0991145867800487,Organic Search
2024-02-01 00:00:00,Feb,Q1,Luxury Set,Lifestyle,West,Value Seekers,17,2693.9128399751453,1146.1832582440743,1547.729581731071,0.0807653316984079,Email
2024-02-01 00:00:00,Feb,Q1,Luxury Set,Lifestyle,West,Value Seekers,14,2174.504971310337,959.7018473095801,1214.8031240007572,0.1308116446171826,Paid Social
2024-02-01 00:00:00,Feb,Q1,Luxury Set,Lifestyle,West,Value Seekers,13,2042.5502280121611,852.38317369579,1190.1670543163711,0.09308203173293156,Paid Search
2024-02-01 00:00:00,Feb,Q1,Luxury Set,Lifestyle,West,Mainstream,13,2318.0714151742122,1057.6072293748803,1260.464185799332,0.021245698492140308,Organic Search
2024-02-01 00:00:00,Feb,Q1,Luxury Set,Lifestyle,West,Mainstream,13,2352.168374178506,1075.2816742200173,1276.8866999584886,0.03259502114809996,Email
2024-02-01 00:00:00,Feb,Q1,Luxury Set,Lifestyle,West,Mainstream,12,1943.4436276556812,786.275900755987,1157.1677268996941,0.08855083116508114,Paid Social
2024-02-01 00:00:00,Feb,Q1,Luxury Set,Lifestyle,West,Mainstream,14,2147.0433571338435,891.3070144020219,1255.7363427318217,0.12225456593742248,Paid Search
2024-02-01 00:00:00,Feb,Q1,Luxury Set,Lifestyle,West,Premium,10,1779.8212383141915,817.9716806721876,961.8495576420039,0.0,Organic Search
2024-02-01 00:00:00,Feb,Q1,Luxury Set,Lifestyle,West,Premium,8,1293.0251690444793,541.8057160228952,751.2194530215841,0.07901619728589487,Email
2024-02-01 00:00:00,Feb,Q1,Luxury Set,Lifestyle,West,Premium,5,723.39502591545,304.2776378217396,419.1173880937104,0.16943861811923966,Paid Social
2024-02-01 00:00:00,Feb,Q1,Luxury Set,Lifestyle,West,Premium,6,941.7807627823717,400.5615820510459,541.2191807313258,0.08048122956726395,Paid Search
2024-03-01 00:00:00,Mar,Q1,Eco Basics,Essentials,North,Value Seekers,121,2507.3562532818746,1502.6065316777388,1004.7497216041359,0.09155558779717443,Organic Search
2024-03-01 00:00:00,Mar,Q1,Eco Basics,Essentials,North,Value Seekers,116,2780.45292886605,1712.7944862833087,1067.6584425827414,0.01902303351286433,Email
2024-03-01 00:00:00,Mar,Q1,Eco Basics,Essentials,North,Value Seekers,78,1564.6721046570453,924.586711237557,640.0853934194884,0.1651189720600446,Paid Social
2024-03-01 00:00:00,Mar,Q1,Eco Basics,Essentials,North,Value Seekers,98,2002.917980135793,1343.2845435888491,659.6334365469438,0.14749119219593368,Paid Search
2024-03-01 00:00:00,Mar,Q1,Eco Basics,Essentials,North,Mainstream,90,2085.959386401702,1265.5827917445076,820.3765946571943,0.0473914301753277,Organic Search
2024-03-01 00:00:00,Mar,Q1,Eco Basics,Essentials,North,Mainstream,98,2288.0992225758764,1437.098934589141,851.0002879867354,0.07453127906505126,Email
2024-03-01 00:00:00,Mar,Q1,Eco Basics,Essentials,North,Mainstream,86,1709.4839142206122,1030.6198280840977,678.8640861365145,0.15874750598559279,Paid Social
2024-03-01 00:00:00,Mar,Q1,Eco Basics,Essentials,North,Mainstream,86,1766.5159521105047,1104.6914518193037,661.824500291201,0.12796302511997185,Paid Search
2024-03-01 00:00:00,Mar,Q1,Eco Basics,Essentials,North,Premium,76,1664.619505653677,985.9932079174946,678.6262977361823,0.06430015695751183,Organic Search
2024-03-01 00:00:00,Mar,Q1,Eco Basics,Essentials,North,Premium,68,1504.3076313420875,878.3137432783367,625.9938880637508,0.06637738552296422,Email
2024-03-01 00:00:00,Mar,Q1,Eco Basics,Essentials,North,Premium,53,1021.3416373181146,664.0928212469132,357.2488160712014,0.1558415256193515,Paid Social
2024-03-01 00:00:00,Mar,Q1,Eco Basics,Essentials,North,Premium,61,1364.1719509365723,847.7461426122035,516.4258083243689,0.07220898623370606,Paid Search
2024-03-01 00:00:00,Mar,Q1,Eco Basics,Essentials,South,Value Seekers,91,2195.0694856843356,1356.4593188704384,838.6101668138972,0.0425344893705547,Organic Search
2024-03-01 00:00:00,Mar,Q1,Eco Basics,Essentials,South,Value Seekers,82,1817.0779750688655,1107.2944186903046,709.7835563785609,0.09553896184060527,Email
2024-03-01 00:00:00,Mar,Q1,Eco Basics,Essentials,South,Value Seekers,86,1717.7551838247855,1106.7828383353876,610.9723454893979,0.12249445346382659,Paid Social
2024-03-01 00:00:00,Mar,Q1,Eco Basics,Essentials,South,Value Seekers,91,1771.596842505734,1105.7831952845036,665.8136472212304,0.1621547797146199,Paid Search
2024-03-01 00:00:00,Mar,Q1,Eco Basics,Essentials,South,Mainstream,104,2237.1178110173523,1449.7825536994242,787.3352573179282,0.07865075360355163,Organic Search
2024-03-01 00:00:00,Mar,Q1,Eco Basics,Essentials,South,Mainstream,76,1751.106904443301,1026.1133032707694,724.9936011725315,0.031738464756415584,Email
2024-03-01 00:00:00,Mar,Q1,Eco Basics,Essentials,South,Mainstream,61,1243.2441197796265,792.2451925313866,450.99892724823997,0.1248088413656632,Paid Social
2024-03-01 00:00:00,Mar,Q1,Eco Basics,Essentials,South,Mainstream,63,1249.8896815366652,815.3993436791972,434.49033785746803,0.12519008378501564,Paid Search
2024-03-01 00:00:00,Mar,Q1,Eco Basics,Essentials,South,Premium,62,1422.7557985802741,909.5202234094478,513.2355751708263,0.04392347002797834,Organic Search
2024-03-01 00:00:00,Mar,Q1,Eco Basics,Essentials,South,Premium,52,1145.2380279709223,743.8211909820446,401.41683698887766,0.10179731054846641,Email
2024-03-01 00:00:00,Mar,Q1,Eco Basics,Essentials,South,Premium,47,932.0459898255273,569.23209339168,362.8138964338473,0.14970939323075422,Paid Social
2024-03-01 00:00:00,Mar,Q1,Eco Basics,Essentials,South,Premium,59,1210.158869669994,734.0283741043634,476.13049556563055,0.1260882551046586,Paid Search
2024-03-01 00:00:00,Mar,Q1,Eco Basics,Essentials,East,Value Seekers,105,2271.8223785636987,1381.9566320175156,889.8657465461831,0.08316341709180769,Organic Search
2024-03-01 00:00:00,Mar,Q1,Eco Basics,Essentials,East,Value Seekers,92,1974.2695515536714,1252.2569312878509,722.0126202658205,0.09210420575464241,Email
2024-03-01 00:00:00,Mar,Q1,Eco Basics,Essentials,East,Value Seekers,81,1506.886715367456,892.4228293958878,614.4638859715682,0.18465941264764843,Paid Social
2024-03-01 00:00:00,Mar,Q1,Eco Basics,Essentials,East,Value Seekers,83,1667.790905987814,1048.7854773894019,619.0054285984122,0.13598422201186264,Paid Search
2024-03-01 00:00:00,Mar,Q1,Eco Basics,Essentials,East,Mainstream,86,1844.820005421607,1153.0314596955334,691.7885457260736,0.09533519246288558,Organic Search
2024-03-01 00:00:00,Mar,Q1,Eco Basics,Essentials,East,Mainstream,82,1824.2049825306146,1142.8107249067045,681.3942576239101,0.05726966593502164,Email
2024-03-01 00:00:00,Mar,Q1,Eco Basics,Essentials,East,Mainstream,80,1625.8181820785196,1019.5902182528871,606.2279638256325,0.12958436735961346,Paid Social
2024-03-01 00:00:00,Mar,Q1,Eco Basics,Essentials,East,Mainstream,82,1535.8923930164897,938.5442044496639,597.3481885668258,0.1265887702988696,Paid Search
2024-03-01 00:00:00,Mar,Q1,Eco Basics,Essentials,East,Premium,61,1493.2672327746725,932.3749005876109,560.8923321870616,0.0,Organic Search
2024-03-01 00:00:00,Mar,Q1,Eco Basics,Essentials,East,Premium,55,1268.4653229198402,772.148234447345,496.31708847249524,0.04274478983001426,Email
2024-03-01 00:00:00,Mar,Q1,Eco Basics,Essentials,East,Premium,42,749.8353302660728,453.33294434197546,296.5023859240973,0.15235159797438802,Paid Social
2024-03-01 00:00:00,Mar,Q1,Eco Basics,Essentials,East,Premium,44,961.142977799215,563.7410535695046,397.4019242297104,0.09184865097722374,Paid Search
2024-03-01 00:00:00,Mar,Q1,Eco Basics,Essentials,West,Value Seekers,119,2704.6729523628246,1767.2864643323232,937.3864880305014,0.0711372869082688,Organic Search
2024-03-01 00:00:00,Mar,Q1,Eco Basics,Essentials,West,Value Seekers,88,1784.3274798715474,1133.4154119143345,650.9120679572129,0.07795585072266313,Email
2024-03-01 00:00:00,Mar,Q1,Eco Basics,Essentials,West,Value Seekers,97,2020.678046159925,1320.7934139070148,699.8846322529103,0.12566492777575627,Paid Social
2024-03-01 00:00:00,Mar,Q1,Eco Basics,Essentials,West,Value Seekers,92,1789.7192526331285,1125.877837770975,663.8414148621534,0.15049264020893163,Paid Search
2024-03-01 00:00:00,Mar,Q1,Eco Basics,Essentials,West,Mainstream,88,1907.1594894694315,1232.328189540107,674.8312999293246,0.08587718498055588,Organic Search
2024-03-01 00:00:00,Mar,Q1,Eco Basics,Essentials,West,Mainstream,86,1883.8425057625675,1191.6743079064677,692.1681978560998,0.06804423352353706,Email
2024-03-01 00:00:00,Mar,Q1,Eco Basics,Essentials,West,Mainstream,69,1488.1497318145045,935.8583117134693,552.2914201010352,0.14410736913426425,Paid Social
2024-03-01 00:00:00,Mar,Q1,Eco Basics,Essentials,West,Mainstream,81,1682.9297229094434,1010.3481161308064,672.581606778637,0.11856205617486341,Paid Search
2024-03-01 00:00:00,Mar,Q1,Eco Basics,Essentials,West,Premium,72,1761.364459043743,1089.138465438151,672.2259936055921,0.029098446197499385,Organic Search
2024-03-01 00:00:00,Mar,Q1,Eco Basics,Essentials,West,Premium,55,1290.3084971920737,793.2150126971038,497.09348449496986,0.047805762211536484,Email
2024-03-01 00:00:00,Mar,Q1,Eco Basics,Essentials,West,Premium,48,1029.8824854900895,636.0776081490175,393.80487734107203,0.11196890649764021,Paid Social
2024-03-01 00:00:00,Mar,Q1,Eco Basics,Essentials,West,Premium,51,990.3971287428777,612.240673426602,378.1564553162757,0.10690671743071445,Paid Search
2024-03-01 00:00:00,Mar,Q1,Daily Care,Essentials,North,Value Seekers,96,2898.6532614873154,1848.4061471288885,1050.2471143584269,0.06829691437080118,Organic Search
2024-03-01 00:00:00,Mar,Q1,Daily Care,Essentials,North,Value Seekers,103,3038.754851727736,1834.3694274114303,1204.3854243163057,0.05220291451091967,Email
2024-03-01 00:00:00,Mar,Q1,Daily Care,Essentials,North,Value Seekers,94,2402.7751490530677,1463.6623775083417,939.112771544726,0.19772827533511378,Paid Social
2024-03-01 00:00:00,Mar,Q1,Daily Care,Essentials,North,Value Seekers,91,2576.6618770814935,1475.1672127212776,1101.494664360216,0.12924226700113392,Paid Search
2024-03-01 00:00:00,Mar,Q1,Daily Care,Essentials,North,Mainstream,96,2910.9723594265597,1724.3879079236815,1186.5844515028782,0.02538363037881844,Organic Search
2024-03-01 00:00:00,Mar,Q1,Daily Care,Essentials,North,Mainstream,93,2737.9894974294093,1564.04447025297,1173.9450271764392,0.03585956489524627,Email
2024-03-01 00:00:00,Mar,Q1,Daily Care,Essentials,North,Mainstream,88,2336.118756961049,1403.5365477170533,932.5822092439955,0.13507695480007778,Paid Social
2024-03-01 00:00:00,Mar,Q1,Daily Care,Essentials,North,Mainstream,90,2556.4334381711715,1580.1484859508855,976.284952220286,0.07635731417850869,Paid Search
2024-03-01 00:00:00,Mar,Q1,Daily Care,Essentials,North,Premium,69,2064.4640595306555,1237.9399244112915,826.524135119364,0.05386234163988128,Organic Search
2024-03-01 00:00:00,Mar,Q1,Daily Care,Essentials,North,Premium,55,1597.7104886941265,988.4291092187846,609.281379475342,0.06731838085472647,Email
2024-03-01 00:00:00,Mar,Q1,Daily Care,Essentials,North,Premium,62,1559.1603330989371,954.6185558765181,604.541777222419,0.18248589957521777,Paid Social
2024-03-01 00:00:00,Mar,Q1,Daily Care,Essentials,North,Premium,58,1671.8702748196893,983.6945352569983,688.175739562691,0.09115769296650353,Paid Search
2024-03-01 00:00:00,Mar,Q1,Daily Care,Essentials,South,Value Seekers,87,2702.379665279002,1667.209552435969,1035.170112843033,0.01841492118801364,Organic Search
2024-03-01 00:00:00,Mar,Q1,Daily Care,Essentials,South,Value Seekers,80,2264.283364742884,1359.6832330151155,904.6001317277683,0.09479744339682591,Email
2024-03-01 00:00:00,Mar,Q1,Daily Care,Essentials,South,Value Seekers,64,1690.4153623543414,952.2921658675707,738.1231964867707,0.13649002708789118,Paid Social
2024-03-01 00:00:00,Mar,Q1,Daily Care,Essentials,South,Value Seekers,67,1820.660371119805,1115.8567231383076,704.8036479814973,0.14118733670629105,Paid Search
2024-03-01 00:00:00,Mar,Q1,Daily Care,Essentials,South,Mainstream,63,1930.278170162354,1168.8476412984903,761.4305288638636,0.06478605379379637,Organic Search
2024-03-01 00:00:00,Mar,Q1,Daily Care,Essentials,South,Mainstream,79,2352.9727602198277,1500.6387502481962,852.3340099716315,0.049384693739130986,Email
2024-03-01 00:00:00,Mar,Q1,Daily Care,Essentials,South,Mainstream,64,1764.5002156551793,1003.3654194503741,761.1347962048052,0.1231878600998416,Paid Social
2024-03-01 00:00:00,Mar,Q1,Daily Care,Essentials,South,Mainstream,67,1933.1081817410025,1182.3433062683976,750.7648754726049,0.10634895502958197,Paid Search
2024-03-01 00:00:00,Mar,Q1,Daily Care,Essentials,South,Premium,44,1508.633192496286,913.1983596487532,595.4348328475328,0.0,Organic Search
2024-03-01 00:00:00,Mar,Q1,Daily Care,Essentials,South,Premium,56,1661.6382204834833,1002.9025184707635,658.7357020127198,0.050587521487674994,Email
2024-03-01 00:00:00,Mar,Q1,Daily Care,Essentials,South,Premium,34,915.2588524464119,537.8490964913631,377.4097559550488,0.12481319280949232,Paid Social
2024-03-01 00:00:00,Mar,Q1,Daily Care,Essentials,South,Premium,59,1716.2158499062352,1055.0585468013385,661.1573031048968,0.08418321775650867,Paid Search
2024-03-01 00:00:00,Mar,Q1,Daily Care,Essentials,East,Value Seekers,83,2299.614158009622,1342.4869548728568,957.127203136765,0.09099159661077973,Organic Search
2024-03-01 00:00:00,Mar,Q1,Daily Care,Essentials,East,Value Seekers,107,3319.2803964372038,2047.8970676558056,1271.3833287813982,0.0658949982144189,Email
2024-03-01 00:00:00,Mar,Q1,Daily Care,Essentials,East,Value Seekers,114,3054.846759002021,1784.5587205554568,1270.288038446564,0.17218263092612487,Paid Social
2024-03-01 00:00:00,Mar,Q1,Daily Care,Essentials,East,Value Seekers,99,2618.8453143819265,1553.161282796043,1065.6840315858835,0.1487148779965245,Paid Search
2024-03-01 00:00:00,Mar,Q1,Daily Care,Essentials,East,Mainstream,97,2994.249223112102,1739.5033030574086,1254.7459200546932,0.03329137012882996,Organic Search
2024-03-01 00:00:00,Mar,Q1,Daily Care,Essentials,East,Mainstream,96,3076.7758128933424,1738.0949296352755,1338.6808832580668,0.007548474562676516,Email
2024-03-01 00:00:00,Mar,Q1,Daily Care,Essentials,East,Mainstream,69,1710.117267342214,1064.7143334257084,645.4029339165056,0.17424252769135462,Paid Social
2024-03-01 00:00:00,Mar,Q1,Daily Care,Essentials,East,Mainstream,69,1866.164760679388,1091.337196641492,774.8275640378961,0.14364674109210362,Paid Search
2024-03-01 00:00:00,Mar,Q1,Daily Care,Essentials,East,Premium,58,1718.2337284125335,1013.8341606387794,704.3995677737541,0.05566710621236493,Organic Search
2024-03-01 00:00:00,Mar,Q1,Daily Care,Essentials,East,Premium,52,1500.4692354430229,913.7896274869674,586.6796079560554,0.08739659597734464,Email
2024-03-01 00:00:00,Mar,Q1,Daily Care,Essentials,East,Premium,51,1378.5350008404369,779.063135513567,599.4718653268699,0.15379714929555385,Paid Social
2024-03-01 00:00:00,Mar,Q1,Daily Care,Essentials,East,Premium,52,1483.1349362632411,929.8377846634794,553.2971515997617,0.10096611825477647,Paid Search
2024-03-01 00:00:00,Mar,Q1,Daily Care,Essentials,West,Value Seekers,83,2418.589279231192,1506.3402779244034,912.2490013067886,0.09874180047196868,Organic Search
2024-03-01 00:00:00,Mar,Q1,Daily Care,Essentials,West,Value Seekers,80,2185.6207467427294,1337.4183441040475,848.2024026386819,0.09721820007524593,Email
2024-03-01 00:00:00,Mar,Q1,Daily Care,Essentials,West,Value Seekers,81,2153.8111909464697,1269.8002925402593,884.0108984062103,0.18107763330808102,Paid Social
2024-03-01 00:00:00,Mar,Q1,Daily Care,Essentials,West,Value Seekers,68,1942.0234221833246,1179.8146777791878,762.2087444041367,0.11108960458140357,Paid Search
2024-03-01 00:00:00,Mar,Q1,Daily Care,Essentials,West,Mainstream,73,2299.1945129377727,1433.1103352796674,866.0841776581053,0.05807963706145515,Organic Search
2024-03-01 00:00:00,Mar,Q1,Daily Care,Essentials,West,Mainstream,81,2336.955033344278,1433.9980572581642,902.9569760861139,0.08360550880850869,Email
2024-03-01 00:00:00,Mar,Q1,Daily Care,Essentials,West,Mainstream,73,2047.025970961728,1197.0746447345666,849.9513262271614,0.11013692650584914,Paid Social
2024-03-01 00:00:00,Mar,Q1,Daily Care,Essentials,West,Mainstream,65,1782.44796488567,1050.926732105851,731.521232779819,0.13383472457686066,Paid Search
2024-03-01 00:00:00,Mar,Q1,Daily Care,Essentials,West,Premium,56,1628.2230632431076,959.6616799856586,668.561383257449,0.059885524634700954,Organic Search
2024-03-01 00:00:00,Mar,Q1,Daily Care,Essentials,West,Premium,55,1610.2847250485702,997.3834131628469,612.9013118857233,0.05853403409747289,Email
2024-03-01 00:00:00,Mar,Q1,Daily Care,Essentials,West,Premium,46,1208.616778400841,690.7189400768999,517.8978383239411,0.11603053859533063,Paid Social
2024-03-01 00:00:00,Mar,Q1,Daily Care,Essentials,West,Premium,60,1667.3755494603115,1008.3972287150536,658.9783207452579,0.13032497280344493,Paid Search
2024-03-01 00:00:00,Mar,Q1,Home Comfort,Home,North,Value Seekers,77,4444.587103939941,2486.284165859362,1958.3029380805788,0.040325165292356385,Organic Search
2024-03-01 00:00:00,Mar,Q1,Home Comfort,Home,North,Value Seekers,58,3120.370949623994,1727.341885134373,1393.029064489621,0.06661009253093936,Email
2024-03-01 00:00:00,Mar,Q1,Home Comfort,Home,North,Value Seekers,74,3369.3903388987596,1890.9736372791276,1478.416701619632,0.16870854348115316,Paid Social
2024-03-01 00:00:00,Mar,Q1,Home Comfort,Home,North,Value Seekers,72,3532.3335324906247,2086.1865595069316,1446.146972983693,0.16685832511925608,Paid Search
2024-03-01 00:00:00,Mar,Q1,Home Comfort,Home,North,Mainstream,73,3950.245456916312,2263.5865434836533,1686.6589134326587,0.04867232995757724,Organic Search
2024-03-01 00:00:00,Mar,Q1,Home Comfort,Home,North,Mainstream,55,2966.4533847180587,1656.8337022888777,1309.619682429181,0.0936302883652871,Email
2024-03-01 00:00:00,Mar,Q1,Home Comfort,Home,North,Mainstream,48,2412.2392662785774,1329.810851340216,1082.4284149383614,0.13452834370660938,Paid Social
2024-03-01 00:00:00,Mar,Q1,Home Comfort,Home,North,Mainstream,59,2809.766450229525,1631.119030773217,1178.6474194563082,0.16862987685692332,Paid Search
2024-03-01 00:00:00,Mar,Q1,Home Comfort,Home,North,Premium,42,2270.6837713508517,1351.2322829829584,919.4514883678933,0.06026375213319042,Organic Search
2024-03-01 00:00:00,Mar,Q1,Home Comfort,Home,North,Premium,39,2050.4814752786006,1157.6846433963335,892.796831882267,0.09098372785579006,Email
2024-03-01 00:00:00,Mar,Q1,Home Comfort,Home,North,Premium,42,2122.0975253486495,1168.7166738379228,953.3808515107266,0.1265588560555046,Paid Social
2024-03-01 00:00:00,Mar,Q1,Home Comfort,Home,North,Premium,43,2091.7592346080046,1170.8172007153505,920.9420338926541,0.16297601532104553,Paid Search
2024-03-01 00:00:00,Mar,Q1,Home Comfort,Home,South,Value Seekers,57,2956.025643217239,1653.2004831482866,1302.8251600689525,0.10630294247956401,Organic Search
2024-03-01 00:00:00,Mar,Q1,Home Comfort,Home,South,Value Seekers,52,2694.543657345416,1525.1449640768822,1169.3986932685336,0.08252045568931415,Email
2024-03-01 00:00:00,Mar,Q1,Home Comfort,Home,South,Value Seekers,55,2733.9767560985993,1568.6751050924404,1165.3016510061589,0.14584013521963193,Paid Social
2024-03-01 00:00:00,Mar,Q1,Home Comfort,Home,South,Value Seekers,68,3379.277932039289,1998.7619057326006,1380.5160263066887,0.11538664873795078,Paid Search
2024-03-01 00:00:00,Mar,Q1,Home Comfort,Home,South,Mainstream,61,3273.1889988592616,1829.566741755001,1443.6222571042606,0.03850858069317508,Organic Search
2024-03-01 00:00:00,Mar,Q1,Home Comfort,Home,South,Mainstream,48,2574.730297148783,1474.922937500469,1099.8073596483139,0.07490602351666802,Email
2024-03-01 00:00:00,Mar,Q1,Home Comfort,Home,South,Mainstream,54,2712.933764274123,1535.8262870628994,1177.1074772112236,0.15054450185627177,Paid Social
2024-03-01 00:00:00,Mar,Q1,Home Comfort,Home,South,Mainstream,51,2375.940890164306,1343.4373588148446,1032.5035313494614,0.14343693731267312,Paid Search
2024-03-01 00:00:00,Mar,Q1,Home Comfort,Home,South,Premium,28,1583.4724225241462,922.1420755151678,661.3303470089784,0.04137088236375509,Organic Search
2024-03-01 00:00:00,Mar,Q1,Home Comfort,Home,South,Premium,32,1854.0810059744883,1039.7264731488515,814.3545328256369,0.0490276831493566,Email
2024-03-01 00:00:00,Mar,Q1,Home Comfort,Home,South,Premium,25,1200.6951621328128,709.1647781855125,491.53038394730027,0.14139659849611244,Paid Social
2024-03-01 00:00:00,Mar,Q1,Home Comfort,Home,South,Premium,37,1927.9014086651212,1125.6868478104288,802.2145608546923,0.049062338965065524,Paid Search
2024-03-01 00:00:00,Mar,Q1,Home Comfort,Home,East,Value Seekers,80,4279.906717934885,2523.9862145089824,1755.9205034259026,0.053320272880562375,Organic Search
2024-03-01 00:00:00,Mar,Q1,Home Comfort,Home,East,Value Seekers,64,3383.5973560320276,1979.6743154283145,1403.9230406037132,0.10063303270825277,Email
2024-03-01 00:00:00,Mar,Q1,Home Comfort,Home,East,Value Seekers,59,2641.1360875894084,1409.5423765148864,1231.593711074522,0.17308057964342582,Paid Social
2024-03-01 00:00:00,Mar,Q1,Home Comfort,Home,East,Value Seekers,64,3342.1743084041623,1988.601863503921,1353.5724449002412,0.06919185187539646,Paid Search
2024-03-01 00:00:00,Mar,Q1,Home Comfort,Home,East,Mainstream,69,3936.477149599667,2129.23718062898,1807.2399689706872,0.015181613195825089,Organic Search
2024-03-01 00:00:00,Mar,Q1,Home Comfort,Home,East,Mainstream,71,3859.4999942453055,2243.2237139586923,1616.2762802866132,0.06426544170361333,Email
2024-03-01 00:00:00,Mar,Q1,Home Comfort,Home,East,Mainstream,57,2705.351270980572,1554.0335916452732,1151.3176793352986,0.1321175836178469,Paid Social
2024-03-01 00:00:00,Mar,Q1,Home Comfort,Home,East,Mainstream,54,2694.0969498961113,1512.7793969985396,1181.3175528975717,0.0999429993215114,Paid Search
2024-03-01 00:00:00,Mar,Q1,Home Comfort,Home,East,Premium,42,2490.4437417970757,1381.172562035687,1109.2711797613888,0.03395832949674044,Organic Search
2024-03-01 00:00:00,Mar,Q1,Home Comfort,Home,East,Premium,36,1972.592860805769,1086.9145690346745,885.6782917710946,0.07088915185082484,Email
2024-03-01 00:00:00,Mar,Q1,Home Comfort,Home,East,Premium,32,1583.935684052069,927.4036208546006,656.5320631974685,0.15731922579622154,Paid Social
2024-03-01 00:00:00,Mar,Q1,Home Comfort,Home,East,Premium,27,1402.7193374872948,781.8885038751944,620.8308336121004,0.12628291620595256,Paid Search
2024-03-01 00:00:00,Mar,Q1,Home Comfort,Home,West,Value Seekers,73,3888.1542638905225,2115.214721205731,1772.9395426847914,0.05009657992033762,Organic Search
2024-03-01 00:00:00,Mar,Q1,Home Comfort,Home,West,Value Seekers,85,4697.174935656352,2721.938484296583,1975.2364513597695,0.07792725401348707,Email
2024-03-01 00:00:00,Mar,Q1,Home Comfort,Home,West,Value Seekers,48,2345.4901475390707,1342.2622208841485,1003.2279266549222,0.1727539367228796,Paid Social
2024-03-01 00:00:00,Mar,Q1,Home Comfort,Home,West,Value Seekers,55,2774.5186830516323,1610.34066915976,1164.1780138918723,0.12827172864473976,Paid Search
2024-03-01 00:00:00,Mar,Q1,Home Comfort,Home,West,Mainstream,59,3077.4924569328346,1807.0877101449282,1270.4047467879063,0.08517336864729377,Organic Search
2024-03-01 00:00:00,Mar,Q1,Home Comfort,Home,West,Mainstream,68,3593.5603441085213,2086.656677612929,1506.9036664955925,0.06903142762526143,Email
2024-03-01 00:00:00,Mar,Q1,Home Comfort,Home,West,Mainstream,47,2215.216805189886,1291.4955080885072,923.7212971013789,0.19970929982176097,Paid Social
2024-03-01 00:00:00,Mar,Q1,Home Comfort,Home,West,Mainstream,57,2830.132128021788,1597.7110242750052,1232.4211037467828,0.1227949789550847,Paid Search
2024-03-01 00:00:00,Mar,Q1,Home Comfort,Home,West,Premium,41,2208.1707631413456,1321.9613068502986,886.209456291047,0.05526502098244105,Organic Search
2024-03-01 00:00:00,Mar,Q1,Home Comfort,Home,West,Premium,38,1973.6442314211806,1141.7952925824652,831.8489388387154,0.07048360177029386,Email
2024-03-01 00:00:00,Mar,Q1,Home Comfort,Home,West,Premium,43,2141.844063182165,1168.2251670981555,973.6188960840095,0.12022795520763588,Paid Social
2024-03-01 00:00:00,Mar,Q1,Home Comfort,Home,West,Premium,35,1715.3126593303357,944.1933843871766,771.1192749431591,0.13753736954811785,Paid Search
2024-03-01 00:00:00,Mar,Q1,Smart Kitchen,Home,North,Value Seekers,55,4230.073400710211,2266.2766401457548,1963.7967605644562,0.09759833866754769,Organic Search
2024-03-01 00:00:00,Mar,Q1,Smart Kitchen,Home,North,Value Seekers,59,4581.5670042135325,2498.3719490711946,2083.195055142338,0.07982786888739064,Email
2024-03-01 00:00:00,Mar,Q1,Smart Kitchen,Home,North,Value Seekers,48,3534.900717205368,1828.0386461409053,1706.8620710644627,0.1433644425467635,Paid Social
2024-03-01 00:00:00,Mar,Q1,Smart Kitchen,Home,North,Value Seekers,51,3480.6438795849645,1895.1822857940301,1585.4615937909343,0.15672100326365543,Paid Search
2024-03-01 00:00:00,Mar,Q1,Smart Kitchen,Home,North,Mainstream,47,3840.0511428095397,2074.677076082516,1765.3740667270235,0.07573532752388315,Organic Search
2024-03-01 00:00:00,Mar,Q1,Smart Kitchen,Home,North,Mainstream,44,3318.056271271676,1838.4929629459934,1479.5633083256826,0.04562983560192896,Email
2024-03-01 00:00:00,Mar,Q1,Smart Kitchen,Home,North,Mainstream,48,3174.434407621047,1730.141381361132,1444.2930262599148,0.1126182370289299,Paid Social
2024-03-01 00:00:00,Mar,Q1,Smart Kitchen,Home,North,Mainstream,40,3209.3376478093637,1715.3877921247256,1493.9498556846381,0.12728909191704932,Paid Search
2024-03-01 00:00:00,Mar,Q1,Smart Kitchen,Home,North,Premium,28,2393.650634960041,1281.127581439634,1112.5230535204068,0.0,Organic Search
2024-03-01 00:00:00,Mar,Q1,Smart Kitchen,Home,North,Premium,42,3377.4299448419074,1746.968509137005,1630.4614357049024,0.06000304403329072,Email
2024-03-01 00:00:00,Mar,Q1,Smart Kitchen,Home,North,Premium,24,1589.793134168765,799.8146967038545,789.9784374649105,0.15215461978904848,Paid Social
2024-03-01 00:00:00,Mar,Q1,Smart Kitchen,Home,North,Premium,28,1923.888805914923,1014.3850003758026,909.5038055391204,0.1384795123675392,Paid Search
2024-03-01 00:00:00,Mar,Q1,Smart Kitchen,Home,South,Value Seekers,38,3170.387776039309,1793.4614056943485,1376.9263703449603,0.05152428354941918,Organic Search
2024-03-01 00:00:00,Mar,Q1,Smart Kitchen,Home,South,Value Seekers,37,2996.5893562236365,1574.7943936353097,1421.7949625883268,0.07951413118353624,Email
2024-03-01 00:00:00,Mar,Q1,Smart Kitchen,Home,South,Value Seekers,34,2327.035197415111,1249.968123057262,1077.067074357849,0.17569015743904579,Paid Social
2024-03-01 00:00:00,Mar,Q1,Smart Kitchen,Home,South,Value Seekers,37,2676.4853445802555,1456.9242538822411,1219.5610906980144,0.13540365267101975,Paid Search
2024-03-01 00:00:00,Mar,Q1,Smart Kitchen,Home,South,Mainstream,50,3839.160556419933,2133.183128568631,1705.9774278513019,0.07308771540118422,Organic Search
2024-03-01 00:00:00,Mar,Q1,Smart Kitchen,Home,South,Mainstream,22,1853.0311199116818,1021.3079193291802,831.7232005825016,0.040341589322253645,Email
2024-03-01 00:00:00,Mar,Q1,Smart Kitchen,Home,South,Mainstream,33,2348.0149342966633,1325.0208505573912,1022.9940837392721,0.1282875971659921,Paid Social
2024-03-01 00:00:00,Mar,Q1,Smart Kitchen,Home,South,Mainstream,34,2616.699360268798,1406.3459227860287,1210.3534374827693,0.10365802148406453,Paid Search
2024-03-01 00:00:00,Mar,Q1,Smart Kitchen,Home,South,Premium,28,2363.376524315629,1252.3221234267996,1111.0544008888294,0.0,Organic Search
2024-03-01 00:00:00,Mar,Q1,Smart Kitchen,Home,South,Premium,24,1930.0012841072278,1047.3726770271317,882.6286070800961,0.08198402383573557,Email
2024-03-01 00:00:00,Mar,Q1,Smart Kitchen,Home,South,Premium,23,1670.2548710245937,905.8667720524879,764.3880989721058,0.16176866611471008,Paid Social
2024-03-01 00:00:00,Mar,Q1,Smart Kitchen,Home,South,Premium,17,1229.155604102099,633.863244435071,595.292359667028,0.11646185616582629,Paid Search
2024-03-01 00:00:00,Mar,Q1,Smart Kitchen,Home,East,Value Seekers,44,3496.607450359408,1897.4159742571546,1599.1914761022535,0.07477291310359277,Organic Search
2024-03-01 00:00:00,Mar,Q1,Smart Kitchen,Home,East,Value Seekers,45,3416.6141073051344,1859.2927850123629,1557.3213222927716,0.0769467107495002,Email
2024-03-01 00:00:00,Mar,Q1,Smart Kitchen,Home,East,Value Seekers,35,2602.289117197366,1373.319452619469,1228.969664577897,0.12649819822190161,Paid Social
2024-03-01 00:00:00,Mar,Q1,Smart Kitchen,Home,East,Value Seekers,34,2465.6738816905395,1392.4411427881976,1073.232738902342,0.1641956506006301,Paid Search
2024-03-01 00:00:00,Mar,Q1,Smart Kitchen,Home,East,Mainstream,48,3792.330149542903,1995.1756276264985,1797.1545219164047,0.06581135541605752,Organic Search
2024-03-01 00:00:00,Mar,Q1,Smart Kitchen,Home,East,Mainstream,51,3790.2108651252397,1963.5296529791945,1826.6812121460453,0.11023801664439933,Email
2024-03-01 00:00:00,Mar,Q1,Smart Kitchen,Home,East,Mainstream,35,2601.068936791882,1325.522694770272,1275.5462420216102,0.11339449982956629,Paid Social
2024-03-01 00:00:00,Mar,Q1,Smart Kitchen,Home,East,Mainstream,31,2275.341693294728,1213.3968839292345,1061.9448093654935,0.0919988144382532,Paid Search
2024-03-01 00:00:00,Mar,Q1,Smart Kitchen,Home,East,Premium,35,2779.9111386575637,1514.554482096902,1265.3566565606618,0.03758670661295078,Organic Search
2024-03-01 00:00:00,Mar,Q1,Smart Kitchen,Home,East,Premium,32,2691.750450613196,1461.1993370025127,1230.5511136106832,0.04941162573435377,Email
2024-03-01 00:00:00,Mar,Q1,Smart Kitchen,Home,East,Premium,26,1793.080511894403,1011.8712906167978,781.2092212776051,0.16656643226968817,Paid Social
2024-03-01 00:00:00,Mar,Q1,Smart Kitchen,Home,East,Premium,35,2632.595195309259,1436.065874056537,1196.529321252722,0.15231863223795516,Paid Search
2024-03-01 00:00:00,Mar,Q1,Smart Kitchen,Home,West,Value Seekers,53,4114.489276536897,2188.6047648926206,1925.8845116442762,0.0811848484267244,Organic Search
2024-03-01 00:00:00,Mar,Q1,Smart Kitchen,Home,West,Value Seekers,42,3390.7009356448903,1697.2405485473726,1693.4603870975177,0.09596387384434349,Email
2024-03-01 00:00:00,Mar,Q1,Smart Kitchen,Home,West,Value Seekers,42,3055.7382686582287,1650.2718004076485,1405.4664682505802,0.14850588460423808,Paid Social
2024-03-01 00:00:00,Mar,Q1,Smart Kitchen,Home,West,Value Seekers,37,2625.587312222079,1408.0990586957498,1217.4882535263293,0.17074975921096708,Paid Search
2024-03-01 00:00:00,Mar,Q1,Smart Kitchen,Home,West,Mainstream,30,2423.3623420839017,1276.3464602757372,1147.0158818081645,0.09370342672802089,Organic Search
2024-03-01 00:00:00,Mar,Q1,Smart Kitchen,Home,West,Mainstream,46,3843.113459151838,2161.968037191485,1681.145421960353,0.03663473482724419,Email
2024-03-01 00:00:00,Mar,Q1,Smart Kitchen,Home,West,Mainstream,40,2718.1086349984694,1458.203925286569,1259.9047097119003,0.14817138501526095,Paid Social
2024-03-01 00:00:00,Mar,Q1,Smart Kitchen,Home,West,Mainstream,29,2066.4481963729936,1127.37737560389,939.0708207691036,0.14650224349771662,Paid Search
2024-03-01 00:00:00,Mar,Q1,Smart Kitchen,Home,West,Premium,26,2261.985736239357,1209.4833125441346,1052.5024236952222,0.026513418950350434,Organic Search
2024-03-01 00:00:00,Mar,Q1,Smart Kitchen,Home,West,Premium,26,1927.740581258563,968.600654108806,959.139927149757,0.10631888862815458,Email
2024-03-01 00:00:00,Mar,Q1,Smart Kitchen,Home,West,Premium,22,1529.0439313066229,836.4067267026807,692.6372046039422,0.17446174068653764,Paid Social
2024-03-01 00:00:00,Mar,Q1,Smart Kitchen,Home,West,Premium,27,2139.20710717638,1149.5035914644393,989.7035157119406,0.06448947477662184,Paid Search
2024-03-01 00:00:00,Mar,Q1,Activewear,Lifestyle,North,Value Seekers,72,4861.542061815613,2739.3172790017334,2122.2247828138798,0.06447393841157374,Organic Search
2024-03-01 00:00:00,Mar,Q1,Activewear,Lifestyle,North,Value Seekers,62,3780.030828680939,2155.3807268217424,1624.6501018591966,0.14980274088184983,Email
2024-03-01 00:00:00,Mar,Q1,Activewear,Lifestyle,North,Value Seekers,55,3520.446509782968,2022.6537127681217,1497.7927970148462,0.1777852644866374,Paid Social
2024-03-01 00:00:00,Mar,Q1,Activewear,Lifestyle,North,Value Seekers,49,2840.6567028666427,1573.88964112439,1266.7670617422527,0.11879836004923727,Paid Search
2024-03-01 00:00:00,Mar,Q1,Activewear,Lifestyle,North,Mainstream,53,3585.3569570806962,1960.415102082302,1624.9418549983943,0.07621206627626481,Organic Search
2024-03-01 00:00:00,Mar,Q1,Activewear,Lifestyle,North,Mainstream,56,3765.1833541906885,2092.3940955121598,1672.7892586785288,0.06646175906655383,Email
2024-03-01 00:00:00,Mar,Q1,Activewear,Lifestyle,North,Mainstream,50,3046.84495509837,1703.0573280147635,1343.7876270836066,0.14388312497998504,Paid Social
2024-03-01 00:00:00,Mar,Q1,Activewear,Lifestyle,North,Mainstream,45,3064.1569264286745,1647.8385859670027,1416.3183404616718,0.1016220799818853,Paid Search
2024-03-01 00:00:00,Mar,Q1,Activewear,Lifestyle,North,Premium,38,2512.370792377777,1351.026277283083,1161.344515094694,0.08220189312130943,Organic Search
2024-03-01 00:00:00,Mar,Q1,Activewear,Lifestyle,North,Premium,31,2057.085535690891,1171.9048217101047,885.1807139807863,0.1013584590189335,Email
2024-03-01 00:00:00,Mar,Q1,Activewear,Lifestyle,North,Premium,35,1931.240001721814,1137.9444107778434,793.2955909439706,0.19462737237590283,Paid Social
2024-03-01 00:00:00,Mar,Q1,Activewear,Lifestyle,North,Premium,31,1882.913611495706,1026.883043601784,856.0305678939219,0.1295792047439725,Paid Search
2024-03-01 00:00:00,Mar,Q1,Activewear,Lifestyle,South,Value Seekers,59,4167.733729069862,2418.0920488708925,1749.6416801989699,0.01813784122459222,Organic Search
2024-03-01 00:00:00,Mar,Q1,Activewear,Lifestyle,South,Value Seekers,52,3465.4638493833563,1923.7355751854252,1541.7282741979311,0.08533302594216388,Email
2024-03-01 00:00:00,Mar,Q1,Activewear,Lifestyle,South,Value Seekers,41,2368.258318280684,1320.3200682786367,1047.9382500020472,0.17773381286138293,Paid Social
2024-03-01 00:00:00,Mar,Q1,Activewear,Lifestyle,South,Value Seekers,54,3261.5363164380606,1747.7295744330343,1513.8067420050263,0.12940274894194118,Paid Search
2024-03-01 00:00:00,Mar,Q1,Activewear,Lifestyle,South,Mainstream,45,3248.498259669777,1817.956788589198,1430.541471080579,0.050784896638319414,Organic Search
2024-03-01 00:00:00,Mar,Q1,Activewear,Lifestyle,South,Mainstream,30,1910.940677879656,1062.5708243532774,848.3698535263786,0.07722959182796814,Email
2024-03-01 00:00:00,Mar,Q1,Activewear,Lifestyle,South,Mainstream,53,2971.9209076576735,1675.019831454056,1296.9010762036175,0.15523815113021505,Paid Social
2024-03-01 00:00:00,Mar,Q1,Activewear,Lifestyle,South,Mainstream,50,3116.0075353640405,1827.866516919456,1288.1410184445845,0.12251977681612015,Paid Search
2024-03-01 00:00:00,Mar,Q1,Activewear,Lifestyle,South,Premium,33,2167.897197357422,1251.3391171080098,916.5580802494123,0.052111669659748686,Organic Search
2024-03-01 00:00:00,Mar,Q1,Activewear,Lifestyle,South,Premium,19,1116.727140344308,611.1803833296699,505.54675701463816,0.12811683264632046,Email
2024-03-01 00:00:00,Mar,Q1,Activewear,Lifestyle,South,Premium,35,2329.648693313917,1299.7762955911448,1029.8723977227723,0.10520104047620674,Paid Social
2024-03-01 00:00:00,Mar,Q1,Activewear,Lifestyle,South,Premium,24,1457.0090705831476,817.7103539740704,639.2987166090772,0.11135201677382073,Paid Search
2024-03-01 00:00:00,Mar,Q1,Activewear,Lifestyle,East,Value Seekers,76,5035.110158364592,2842.167888742035,2192.9422696225574,0.09571922478558702,Organic Search
2024-03-01 00:00:00,Mar,Q1,Activewear,Lifestyle,East,Value Seekers,56,3523.659401578799,1978.3919956468628,1545.2674059319363,0.09195294338090042,Email
2024-03-01 00:00:00,Mar,Q1,Activewear,Lifestyle,East,Value Seekers,53,2975.2287537838492,1658.9421993410501,1316.2865544427991,0.1590026404062072,Paid Social
2024-03-01 00:00:00,Mar,Q1,Activewear,Lifestyle,East,Value Seekers,51,2864.5325777112716,1646.2556556569507,1218.276922054321,0.15298396864094718,Paid Search
2024-03-01 00:00:00,Mar,Q1,Activewear,Lifestyle,East,Mainstream,52,3572.1859799321473,2044.7369737677157,1527.4490061644317,0.04355948786222515,Organic Search
2024-03-01 00:00:00,Mar,Q1,Activewear,Lifestyle,East,Mainstream,43,2904.10134573912,1625.5507876922265,1278.5505580468935,0.05290914294284031,Email
2024-03-01 00:00:00,Mar,Q1,Activewear,Lifestyle,East,Mainstream,34,2050.7190923484054,1164.4969483323232,886.2221440160822,0.1437399489379697,Paid Social
2024-03-01 00:00:00,Mar,Q1,Activewear,Lifestyle,East,Mainstream,55,3132.5829227872646,1757.0786005486996,1375.504322238565,0.14109598774104343,Paid Search
2024-03-01 00:00:00,Mar,Q1,Activewear,Lifestyle,East,Premium,44,2993.748794491293,1645.56248723328,1348.1863072580131,0.03269123064415515,Organic Search
2024-03-01 00:00:00,Mar,Q1,Activewear,Lifestyle,East,Premium,31,2110.8418230490192,1186.763055126212,924.0787679228072,0.0834103474972836,Email
2024-03-01 00:00:00,Mar,Q1,Activewear,Lifestyle,East,Premium,41,2465.815795583046,1413.9949552544667,1051.8208403285794,0.1368928555709391,Paid Social
2024-03-01 00:00:00,Mar,Q1,Activewear,Lifestyle,East,Premium,31,1931.7485200865483,1063.3780724328965,868.3704476536518,0.12813944541967676,Paid Search
2024-03-01 00:00:00,Mar,Q1,Activewear,Lifestyle,West,Value Seekers,80,5479.8922571674675,3082.287846205079,2397.6044109623886,0.04826782532528391,Organic Search
2024-03-01 00:00:00,Mar,Q1,Activewear,Lifestyle,West,Value Seekers,44,2677.0992222004547,1399.2032542767515,1277.8959679237032,0.16295433887650232,Email
2024-03-01 00:00:00,Mar,Q1,Activewear,Lifestyle,West,Value Seekers,50,2976.7697470736753,1640.00886383328,1336.7608832403953,0.17986500957363027,Paid Social
2024-03-01 00:00:00,Mar,Q1,Activewear,Lifestyle,West,Value Seekers,44,2696.9363715083027,1448.4583426563743,1248.4780288519285,0.13623464963425166,Paid Search
2024-03-01 00:00:00,Mar,Q1,Activewear,Lifestyle,West,Mainstream,43,3081.414843957814,1653.3991270596846,1428.0157168981293,0.06374207965725649,Organic Search
2024-03-01 00:00:00,Mar,Q1,Activewear,Lifestyle,West,Mainstream,48,3400.003658109859,1876.6872036207687,1523.3164544890901,0.023674537927560774,Email
2024-03-01 00:00:00,Mar,Q1,Activewear,Lifestyle,West,Mainstream,55,2999.6961940938822,1659.9091565325257,1339.7870375613566,0.166010772316121,Paid Social
2024-03-01 00:00:00,Mar,Q1,Activewear,Lifestyle,West,Mainstream,48,2881.692129999398,1611.6057221985052,1270.0864078008926,0.1253452198485266,Paid Search
2024-03-01 00:00:00,Mar,Q1,Activewear,Lifestyle,West,Premium,29,2048.785196865283,1185.283556541208,863.501640324075,0.0038356738048895694,Organic Search
2024-03-01 00:00:00,Mar,Q1,Activewear,Lifestyle,West,Premium,36,2404.230720678362,1324.2914061679287,1079.9393145104334,0.06157762183037154,Email
2024-03-01 00:00:00,Mar,Q1,Activewear,Lifestyle,West,Premium,39,2254.942452162231,1309.844476013472,945.0979761487588,0.19954283829331365,Paid Social
2024-03-01 00:00:00,Mar,Q1,Activewear,Lifestyle,West,Premium,31,1949.8696173397964,1054.0737196368736,895.7958977029227,0.1073508450253036,Paid Search
2024-03-01 00:00:00,Mar,Q1,Premium Audio,Electronics,North,Value Seekers,52,7066.832657110449,3499.759585010167,3567.073072100282,0.07900983487545202,Organic Search
2024-03-01 00:00:00,Mar,Q1,Premium Audio,Electronics,North,Value Seekers,30,4264.357573358534,2090.5676399017984,2173.7899334567355,0.07732478351824862,Email
2024-03-01 00:00:00,Mar,Q1,Premium Audio,Electronics,North,Value Seekers,25,2607.6963942654534,1257.6417397828309,1350.0546544826225,0.23339144755819446,Paid Social
2024-03-01 00:00:00,Mar,Q1,Premium Audio,Electronics,North,Value Seekers,40,5108.474695100472,2549.695084942975,2558.779610157497,0.1503959209071515,Paid Search
2024-03-01 00:00:00,Mar,Q1,Premium Audio,Electronics,North,Mainstream,34,4981.842021410343,2315.7569612279763,2666.0850601823663,0.057695809312847124,Organic Search
2024-03-01 00:00:00,Mar,Q1,Premium Audio,Electronics,North,Mainstream,41,5331.018138313598,2531.3604624064706,2799.657675907127,0.10006441263063069,Email
2024-03-01 00:00:00,Mar,Q1,Premium Audio,Electronics,North,Mainstream,29,3391.6541533569,1711.9330886095045,1679.7210647473958,0.12500444941700378,Paid Social
2024-03-01 00:00:00,Mar,Q1,Premium Audio,Electronics,North,Mainstream,27,3264.404207970608,1512.4189707434682,1751.9852372271396,0.13059723706109966,Paid Search
2024-03-01 00:00:00,Mar,Q1,Premium Audio,Electronics,North,Premium,20,2712.902652904427,1249.871992533226,1463.0306603712013,0.03968802470280158,Organic Search
2024-03-01 00:00:00,Mar,Q1,Premium Audio,Electronics,North,Premium,20,2574.6792715000756,1280.9399398751175,1293.7393316249581,0.12056475576423704,Email
2024-03-01 00:00:00,Mar,Q1,Premium Audio,Electronics,North,Premium,18,2078.3710093967884,968.4262761238177,1109.9447332729706,0.16730266959956067,Paid Social
2024-03-01 00:00:00,Mar,Q1,Premium Audio,Electronics,North,Premium,21,2451.415576602563,1232.0337993856774,1219.3817772168854,0.13810341398286244,Paid Search
2024-03-01 00:00:00,Mar,Q1,Premium Audio,Electronics,South,Value Seekers,39,5225.413989352503,2487.476045993437,2737.9379433590666,0.03323776121921874,Organic Search
2024-03-01 00:00:00,Mar,Q1,Premium Audio,Electronics,South,Value Seekers,34,4637.461395480775,2322.405402405787,2315.055993074988,0.09197410114170212,Email
2024-03-01 00:00:00,Mar,Q1,Premium Audio,Electronics,South,Value Seekers,27,3481.055350782726,1667.7986395472515,1813.2567112354743,0.12957758224149582,Paid Social
2024-03-01 00:00:00,Mar,Q1,Premium Audio,Electronics,South,Value Seekers,28,3140.662109848549,1487.0161389429225,1653.6459709056264,0.16276046249213924,Paid Search
2024-03-01 00:00:00,Mar,Q1,Premium Audio,Electronics,South,Mainstream,27,3810.0339128535584,1914.6708642370265,1895.3630486165318,0.05198933837355415,Organic Search
2024-03-01 00:00:00,Mar,Q1,Premium Audio,Electronics,South,Mainstream,18,2481.445303929365,1240.6339441641867,1240.8113597651782,0.07696999530963652,Email
2024-03-01 00:00:00,Mar,Q1,Premium Audio,Electronics,South,Mainstream,30,3552.024246404852,1691.9659988916983,1860.0582475131537,0.13677414712175542,Paid Social
2024-03-01 00:00:00,Mar,Q1,Premium Audio,Electronics,South,Mainstream,29,3672.8525232281218,1881.2609082975673,1791.5916149305544,0.09553147909225584,Paid Search
2024-03-01 00:00:00,Mar,Q1,Premium Audio,Electronics,South,Premium,20,2777.0759124869314,1285.2842137385937,1491.7916987483377,0.033582766359314675,Organic Search
2024-03-01 00:00:00,Mar,Q1,Premium Audio,Electronics,South,Premium,25,3417.738218672212,1600.9674969541045,1816.7707217181076,0.06448654427108658,Email
2024-03-01 00:00:00,Mar,Q1,Premium Audio,Electronics,South,Premium,24,2846.814052491042,1405.1050958678422,1441.7089566231996,0.16710495610108858,Paid Social
2024-03-01 00:00:00,Mar,Q1,Premium Audio,Electronics,South,Premium,19,2403.7635794073403,1102.2599175917558,1301.5036618155846,0.11977044116537153,Paid Search
2024-03-01 00:00:00,Mar,Q1,Premium Audio,Electronics,East,Value Seekers,32,4464.471251301779,2125.573448893848,2338.8978024079315,0.07640426514235696,Organic Search
2024-03-01 00:00:00,Mar,Q1,Premium Audio,Electronics,East,Value Seekers,26,3435.3743527888814,1730.9973280637012,1704.3770247251803,0.07755095382955396,Email
2024-03-01 00:00:00,Mar,Q1,Premium Audio,Electronics,East,Value Seekers,32,3914.202322352824,1894.744757839018,2019.4575645138061,0.11745244424954161,Paid Social
2024-03-01 00:00:00,Mar,Q1,Premium Audio,Electronics,East,Value Seekers,29,3119.5593341989315,1530.4949054045574,1589.0644287943742,0.18187149182285162,Paid Search
2024-03-01 00:00:00,Mar,Q1,Premium Audio,Electronics,East,Mainstream,43,6137.019868063579,2947.5330585898178,3189.4868094737617,0.05418925264502476,Organic Search
2024-03-01 00:00:00,Mar,Q1,Premium Audio,Electronics,East,Mainstream,28,3451.905528439134,1674.3563887039193,1777.5491397352146,0.09237276390067065,Email
2024-03-01 00:00:00,Mar,Q1,Premium Audio,Electronics,East,Mainstream,40,4696.951309924548,2285.422206162408,2411.5291037621396,0.1415470838221784,Paid Social
2024-03-01 00:00:00,Mar,Q1,Premium Audio,Electronics,East,Mainstream,27,3442.0462947813767,1785.0483955055684,1656.9978992758083,0.08256383328485628,Paid Search
2024-03-01 00:00:00,Mar,Q1,Premium Audio,Electronics,East,Premium,19,2686.3555465014147,1337.1855061874965,1349.1700403139182,0.022594491878285872,Organic Search
2024-03-01 00:00:00,Mar,Q1,Premium Audio,Electronics,East,Premium,20,2699.6925725379233,1295.7758977068554,1403.916674831068,0.08849188670294585,Email
2024-03-01 00:00:00,Mar,Q1,Premium Audio,Electronics,East,Premium,14,1850.1295267012176,934.6139328730553,915.5155938281623,0.11728075822980068,Paid Social
2024-03-01 00:00:00,Mar,Q1,Premium Audio,Electronics,East,Premium,26,3385.3803237855996,1566.667614285929,1818.7127094996706,0.12057989946393437,Paid Search
2024-03-01 00:00:00,Mar,Q1,Premium Audio,Electronics,West,Value Seekers,44,5677.171702657008,2710.3415984608673,2966.8301041961404,0.03673237171672685,Organic Search
2024-03-01 00:00:00,Mar,Q1,Premium Audio,Electronics,West,Value Seekers,40,4995.047126714175,2519.7854162991644,2475.2617104150104,0.09404246316761883,Email
2024-03-01 00:00:00,Mar,Q1,Premium Audio,Electronics,West,Value Seekers,37,4692.057037675336,2198.7928279058137,2493.264209769522,0.11268094556024871,Paid Social
2024-03-01 00:00:00,Mar,Q1,Premium Audio,Electronics,West,Value Seekers,30,3491.827139330887,1783.2929266608671,1708.5342126700198,0.13006691868621595,Paid Search
2024-03-01 00:00:00,Mar,Q1,Premium Audio,Electronics,West,Mainstream,37,5072.678163128254,2415.835774680523,2656.8423884477306,0.03683670782259893,Organic Search
2024-03-01 00:00:00,Mar,Q1,Premium Audio,Electronics,West,Mainstream,32,4157.161758371877,1889.1500784096165,2268.0116799622606,0.0919043482923269,Email
2024-03-01 00:00:00,Mar,Q1,Premium Audio,Electronics,West,Mainstream,21,2444.4424469092796,1238.5196701229693,1205.9227767863104,0.14084756809205845,Paid Social
2024-03-01 00:00:00,Mar,Q1,Premium Audio,Electronics,West,Mainstream,36,4641.837988791018,2272.821301816749,2369.016686974269,0.11772310349117432,Paid Search
2024-03-01 00:00:00,Mar,Q1,Premium Audio,Electronics,West,Premium,25,3295.4818543926795,1574.0905471930541,1721.3913071996253,0.030719992511267738,Organic Search
2024-03-01 00:00:00,Mar,Q1,Premium Audio,Electronics,West,Premium,16,2246.21019595312,1075.8589890872443,1170.3512068658758,0.05456969383380097,Email
2024-03-01 00:00:00,Mar,Q1,Premium Audio,Electronics,West,Premium,22,2642.6711780319497,1266.2755351410403,1376.3956428909094,0.14854563034887416,Paid Social
2024-03-01 00:00:00,Mar,Q1,Premium Audio,Electronics,West,Premium,15,1949.9655616519287,947.6949844334657,1002.270577218463,0.10416921508212557,Paid Search
2024-03-01 00:00:00,Mar,Q1,Pro Camera,Electronics,North,Value Seekers,26,5014.144929133246,2266.6277653578773,2747.5171637753683,0.07799912977862908,Organic Search
2024-03-01 00:00:00,Mar,Q1,Pro Camera,Electronics,North,Value Seekers,21,4334.5765682558795,2103.096480728741,2231.4800875271385,0.09277215957071046,Email
2024-03-01 00:00:00,Mar,Q1,Pro Camera,Electronics,North,Value Seekers,18,3319.461858362422,1524.7661924105773,1794.6956659518446,0.13409226881565575,Paid Social
2024-03-01 00:00:00,Mar,Q1,Pro Camera,Electronics,North,Value Seekers,19,3201.0109717682835,1471.2409611254016,1729.770010642882,0.15649124995205924,Paid Search
2024-03-01 00:00:00,Mar,Q1,Pro Camera,Electronics,North,Mainstream,24,4880.3058795624565,2212.1419664425907,2668.163913119866,0.08788612020880619,Organic Search
2024-03-01 00:00:00,Mar,Q1,Pro Camera,Electronics,North,Mainstream,26,5359.078933086554,2623.0618448907894,2736.0170881957642,0.05749505457260011,Email
2024-03-01 00:00:00,Mar,Q1,Pro Camera,Electronics,North,Mainstream,18,3496.5256003685754,1731.7489565774194,1764.776643791156,0.12794216072659242,Paid Social
2024-03-01 00:00:00,Mar,Q1,Pro Camera,Electronics,North,Mainstream,19,3557.153862028384,1663.716990969042,1893.4368710593421,0.1312653262357847,Paid Search
2024-03-01 00:00:00,Mar,Q1,Pro Camera,Electronics,North,Premium,12,2625.7757092773277,1189.9551354527302,1435.8205738245974,0.03972437658742067,Organic Search
2024-03-01 00:00:00,Mar,Q1,Pro Camera,Electronics,North,Premium,10,1922.7638398833703,861.9170538621396,1060.8467860212309,0.12206650805274495,Email
2024-03-01 00:00:00,Mar,Q1,Pro Camera,Electronics,North,Premium,13,2392.931535369845,1107.8728996964703,1285.0586356733745,0.15757856355550012,Paid Social
2024-03-01 00:00:00,Mar,Q1,Pro Camera,Electronics,North,Premium,17,3212.2078970602483,1331.229383606192,1880.9785134540564,0.08544956078268906,Paid Search
2024-03-01 00:00:00,Mar,Q1,Pro Camera,Electronics,South,Value Seekers,14,2867.5886379687618,1326.0880954930615,1541.5005424757003,0.06432234980547685,Organic Search
2024-03-01 00:00:00,Mar,Q1,Pro Camera,Electronics,South,Value Seekers,16,3194.5278361976125,1505.5097010091617,1689.0181351884507,0.10821296608786342,Email
2024-03-01 00:00:00,Mar,Q1,Pro Camera,Electronics,South,Value Seekers,14,2518.8186435672956,1192.815661880691,1326.0029816866045,0.14135144683810996,Paid Social
2024-03-01 00:00:00,Mar,Q1,Pro Camera,Electronics,South,Value Seekers,14,2731.6363537515876,1257.1940583269566,1474.442295424631,0.12463653040772261,Paid Search
2024-03-01 00:00:00,Mar,Q1,Pro Camera,Electronics,South,Mainstream,14,2752.397370553228,1331.2772185511262,1421.1201520021018,0.08230150835816308,Organic Search
2024-03-01 00:00:00,Mar,Q1,Pro Camera,Electronics,South,Mainstream,17,3330.735387834047,1510.9336722435314,1819.8017155905154,0.0752624074730376,Email
2024-03-01 00:00:00,Mar,Q1,Pro Camera,Electronics,South,Mainstream,17,3156.2891144267483,1521.429442907381,1634.8596715193673,0.182229723341292,Paid Social
2024-03-01 00:00:00,Mar,Q1,Pro Camera,Electronics,South,Mainstream,12,2440.145450647077,1143.065652326905,1297.079798320172,0.11505948830510085,Paid Search
2024-03-01 00:00:00,Mar,Q1,Pro Camera,Electronics,South,Premium,15,3261.0118187054113,1489.9324149553338,1771.0794037500775,0.02568088708099998,Organic Search
2024-03-01 00:00:00,Mar,Q1,Pro Camera,Electronics,South,Premium,13,2608.317941937969,1131.7055907762804,1476.6123511616886,0.08596692849700753,Email
2024-03-01 00:00:00,Mar,Q1,Pro Camera,Electronics,South,Premium,15,2715.6418534456734,1232.3768719254238,1483.2649815202496,0.13993034723332748,Paid Social
2024-03-01 00:00:00,Mar,Q1,Pro Camera,Electronics,South,Premium,9,1676.7658633670624,777.1488342947838,899.6170290722786,0.11063664623124372,Paid Search
2024-03-01 00:00:00,Mar,Q1,Pro Camera,Electronics,East,Value Seekers,22,4424.208708926966,2166.0206779528166,2258.1880309741496,0.11750671060777412,Organic Search
2024-03-01 00:00:00,Mar,Q1,Pro Camera,Electronics,East,Value Seekers,18,3484.4835270271415,1431.0616217554177,2053.4219052717235,0.09977819692331817,Email
2024-03-01 00:00:00,Mar,Q1,Pro Camera,Electronics,East,Value Seekers,21,3846.9926434453014,1731.3113777041376,2115.6812657411638,0.1896536368510575,Paid Social
2024-03-01 00:00:00,Mar,Q1,Pro Camera,Electronics,East,Value Seekers,22,4249.267111068177,1821.363805738688,2427.903305329489,0.1336512073400691,Paid Search
2024-03-01 00:00:00,Mar,Q1,Pro Camera,Electronics,East,Mainstream,25,5118.651012186276,2365.0271393515845,2753.623872834691,0.06023596326605631,Organic Search
2024-03-01 00:00:00,Mar,Q1,Pro Camera,Electronics,East,Mainstream,15,3008.4430521613945,1436.4283426362942,1572.0147095251002,0.08147485004185728,Email
2024-03-01 00:00:00,Mar,Q1,Pro Camera,Electronics,East,Mainstream,16,2878.2066308022404,1358.1438714509263,1520.062759351314,0.16246672900847936,Paid Social
2024-03-01 00:00:00,Mar,Q1,Pro Camera,Electronics,East,Mainstream,24,4459.305197220255,2058.7579769917565,2400.547220228498,0.16416279500819084,Paid Search
2024-03-01 00:00:00,Mar,Q1,Pro Camera,Electronics,East,Premium,12,2490.3692191902005,1163.0686480127163,1327.3005711774842,0.04579037693817869,Organic Search
2024-03-01 00:00:00,Mar,Q1,Pro Camera,Electronics,East,Premium,10,1986.87520926114,931.0094267159571,1055.8657825451828,0.06615236932563281,Email
2024-03-01 00:00:00,Mar,Q1,Pro Camera,Electronics,East,Premium,11,2076.8345235484317,925.0302154428169,1151.8043081056148,0.1481952768393531,Paid Social
2024-03-01 00:00:00,Mar,Q1,Pro Camera,Electronics,East,Premium,19,3457.084539005676,1644.0747694573188,1813.0097695483573,0.12917035108213606,Paid Search
2024-03-01 00:00:00,Mar,Q1,Pro Camera,Electronics,West,Value Seekers,30,6422.215968017101,3195.2119242941717,3227.004043722929,0.05043503506453528,Organic Search
2024-03-01 00:00:00,Mar,Q1,Pro Camera,Electronics,West,Value Seekers,23,4862.348201554715,2187.7074129838193,2674.640788570896,0.06480220761429485,Email
2024-03-01 00:00:00,Mar,Q1,Pro Camera,Electronics,West,Value Seekers,18,2976.4623578754245,1336.6213831287648,1639.8409747466596,0.17901265298960356,Paid Social
2024-03-01 00:00:00,Mar,Q1,Pro Camera,Electronics,West,Value Seekers,20,3499.507909202073,1615.0011105459291,1884.5067986561437,0.17920456073818314,Paid Search
2024-03-01 00:00:00,Mar,Q1,Pro Camera,Electronics,West,Mainstream,24,4986.884429034827,2384.6530442665785,2602.2313847682485,0.028103939837622247,Organic Search
2024-03-01 00:00:00,Mar,Q1,Pro Camera,Electronics,West,Mainstream,16,3271.2200381236275,1450.4477324268234,1820.772305696804,0.06889096361221096,Email
2024-03-01 00:00:00,Mar,Q1,Pro Camera,Electronics,West,Mainstream,12,2132.164597504345,1007.4277687735294,1124.7368287308154,0.12780916447612595,Paid Social
2024-03-01 00:00:00,Mar,Q1,Pro Camera,Electronics,West,Mainstream,18,3619.454812878485,1667.9465386062311,1951.5082742722539,0.13791473349399128,Paid Search
2024-03-01 00:00:00,Mar,Q1,Pro Camera,Electronics,West,Premium,14,3029.691148492689,1403.4535284770084,1626.2376200156807,0.017025787542437235,Organic Search
2024-03-01 00:00:00,Mar,Q1,Pro Camera,Electronics,West,Premium,10,1902.518159499157,876.7961470783481,1025.7220124208088,0.10362869051131038,Email
2024-03-01 00:00:00,Mar,Q1,Pro Camera,Electronics,West,Premium,17,3020.7489414280385,1457.7911586651821,1562.9577827628564,0.12589509550348785,Paid Social
2024-03-01 00:00:00,Mar,Q1,Pro Camera,Electronics,West,Premium,11,2110.755447585819,904.5929510986972,1206.162496487122,0.10755818691427402,Paid Search
2024-03-01 00:00:00,Mar,Q1,Luxury Set,Lifestyle,North,Value Seekers,12,1951.54865319312,825.1182837050656,1126.4303694880543,0.1127757202297697,Organic Search
2024-03-01 00:00:00,Mar,Q1,Luxury Set,Lifestyle,North,Value Seekers,21,3497.322269215556,1542.4248564870395,1954.8974127285164,0.07137080574206625,Email
2024-03-01 00:00:00,Mar,Q1,Luxury Set,Lifestyle,North,Value Seekers,13,1880.3824582954935,782.3853866421034,1097.99707165339,0.1843431557713092,Paid Social
2024-03-01 00:00:00,Mar,Q1,Luxury Set,Lifestyle,North,Value Seekers,10,1468.752557578714,642.0870178075243,826.6655397711897,0.18746837453388096,Paid Search
2024-03-01 00:00:00,Mar,Q1,Luxury Set,Lifestyle,North,Mainstream,11,1841.6719027521633,810.3484297027154,1031.3234730494478,0.06126239309445087,Organic Search
2024-03-01 00:00:00,Mar,Q1,Luxury Set,Lifestyle,North,Mainstream,6,1039.8000654602597,479.3465738497179,560.4534916105417,0.022376388649734034,Email
2024-03-01 00:00:00,Mar,Q1,Luxury Set,Lifestyle,North,Mainstream,10,1463.9458962864676,571.3062709594434,892.6396253270242,0.12880096653875064,Paid Social
2024-03-01 00:00:00,Mar,Q1,Luxury Set,Lifestyle,North,Mainstream,15,2415.251750115195,1030.2786938399045,1384.9730562752907,0.11423534003690967,Paid Search
2024-03-01 00:00:00,Mar,Q1,Luxury Set,Lifestyle,North,Premium,9,1590.4356936361564,665.9049482403899,924.5307453957665,0.0644836689939194,Organic Search
2024-03-01 00:00:00,Mar,Q1,Luxury Set,Lifestyle,North,Premium,10,1596.8110488899345,685.8675427178785,910.943506172056,0.0724733446757221,Email
2024-03-01 00:00:00,Mar,Q1,Luxury Set,Lifestyle,North,Premium,9,1288.9521731417403,510.0527544709801,778.8994186707603,0.16416360626301532,Paid Social
2024-03-01 00:00:00,Mar,Q1,Luxury Set,Lifestyle,North,Premium,7,1014.6477929296902,488.04855219968755,526.5992407300027,0.12643832882822462,Paid Search
2024-03-01 00:00:00,Mar,Q1,Luxury Set,Lifestyle,South,Value Seekers,16,2661.0864599542606,1106.6741736512797,1554.4122863029809,0.055630089559887914,Organic Search
2024-03-01 00:00:00,Mar,Q1,Luxury Set,Lifestyle,South,Value Seekers,14,2082.8851357387207,905.8957305765949,1176.9894051621259,0.10503144905109091,Email
2024-03-01 00:00:00,Mar,Q1,Luxury Set,Lifestyle,South,Value Seekers,9,1235.5599902409733,546.3860854460219,689.1739047949515,0.1812285651483048,Paid Social
2024-03-01 00:00:00,Mar,Q1,Luxury Set,Lifestyle,South,Value Seekers,11,1821.1370348813523,704.7179703746294,1116.4190645067229,0.14128463526560803,Paid Search
2024-03-01 00:00:00,Mar,Q1,Luxury Set,Lifestyle,South,Mainstream,10,1611.8027233422422,688.0941664824655,923.7085568597766,0.09627635442124416,Organic Search
2024-03-01 00:00:00,Mar,Q1,Luxury Set,Lifestyle,South,Mainstream,12,2011.1828212377152,889.982166670574,1121.200654567141,0.08108095245213033,Email
2024-03-01 00:00:00,Mar,Q1,Luxury Set,Lifestyle,South,Mainstream,10,1575.3491657777006,673.8691479301244,901.4800178475762,0.1383070700661824,Paid Social
2024-03-01 00:00:00,Mar,Q1,Luxury Set,Lifestyle,South,Mainstream,12,1996.5970797065106,882.7062598573498,1113.8908198491608,0.06154568865766824,Paid Search
2024-03-01 00:00:00,Mar,Q1,Luxury Set,Lifestyle,South,Premium,5,770.9926465380771,329.56144075443416,441.43120578364295,0.08895459076906718,Organic Search
2024-03-01 00:00:00,Mar,Q1,Luxury Set,Lifestyle,South,Premium,8,1364.3186650515133,587.5012057351415,776.8174593163718,0.04892736089189226,Email
2024-03-01 00:00:00,Mar,Q1,Luxury Set,Lifestyle,South,Premium,6,942.8987955444181,376.28594621950486,566.6128493249132,0.15681564402179882,Paid Social
2024-03-01 00:00:00,Mar,Q1,Luxury Set,Lifestyle,South,Premium,8,1408.64838047731,580.5062638544772,828.1421166228328,0.08992992013386666,Paid Search
2024-03-01 00:00:00,Mar,Q1,Luxury Set,Lifestyle,East,Value Seekers,13,2126.3967207518936,937.7876917368966,1188.6090290149968,0.07607836637846223,Organic Search
2024-03-01 00:00:00,Mar,Q1,Luxury Set,Lifestyle,East,Value Seekers,13,2016.4713756385122,848.2786072537821,1168.1927683847302,0.06553529025028365,Email
2024-03-01 00:00:00,Mar,Q1,Luxury Set,Lifestyle,East,Value Seekers,8,1184.5307506541244,502.20970296857365,682.3210476855508,0.19108514492967904,Paid Social
2024-03-01 00:00:00,Mar,Q1,Luxury Set,Lifestyle,East,Value Seekers,10,1551.4845369968234,647.653349278401,903.8311877184224,0.09515197217020091,Paid Search
2024-03-01 00:00:00,Mar,Q1,Luxury Set,Lifestyle,East,Mainstream,12,2101.5311732108457,917.2902741064961,1184.2408991043496,0.03411147252961108,Organic Search
2024-03-01 00:00:00,Mar,Q1,Luxury Set,Lifestyle,East,Mainstream,11,1779.6589079771456,777.4511219901817,1002.2077859869639,0.047233872820437756,Email
2024-03-01 00:00:00,Mar,Q1,Luxury Set,Lifestyle,East,Mainstream,13,2201.4952467508674,973.283869462885,1228.2113772879825,0.07990828497248675,Paid Social
2024-03-01 00:00:00,Mar,Q1,Luxury Set,Lifestyle,East,Mainstream,13,2039.2788353004275,846.2694600577067,1193.0093752427208,0.08248808627092495,Paid Search
2024-03-01 00:00:00,Mar,Q1,Luxury Set,Lifestyle,East,Premium,11,1950.949670970879,836.4424234759094,1114.5072474949695,0.05093854603717054,Organic Search
2024-03-01 00:00:00,Mar,Q1,Luxury Set,Lifestyle,East,Premium,6,976.2569467530374,418.07099220878837,558.185954544249,0.0069430520628012415,Email
2024-03-01 00:00:00,Mar,Q1,Luxury Set,Lifestyle,East,Premium,10,1423.9940518525837,644.4158430420626,779.578208810521,0.1561472605068973,Paid Social
2024-03-01 00:00:00,Mar,Q1,Luxury Set,Lifestyle,East,Premium,10,1550.974003540388,641.8696783146011,909.1043252257869,0.12403248856656737,Paid Search
2024-03-01 00:00:00,Mar,Q1,Luxury Set,Lifestyle,West,Value Seekers,19,3042.817555069514,1299.7664281740194,1743.0511268954947,0.08865621348579748,Organic Search
2024-03-01 00:00:00,Mar,Q1,Luxury Set,Lifestyle,West,Value Seekers,14,2258.60236370336,1024.951513542432,1233.650850160928,0.07659795512197867,Email
2024-03-01 00:00:00,Mar,Q1,Luxury Set,Lifestyle,West,Value Seekers,14,1983.5704594610322,840.4440970535578,1143.1263624074745,0.21219984206275236,Paid Social
2024-03-01 00:00:00,Mar,Q1,Luxury Set,Lifestyle,West,Value Seekers,8,1267.2607124908182,544.9385507577236,722.3221617330945,0.13493458080989199,Paid Search
2024-03-01 00:00:00,Mar,Q1,Luxury Set,Lifestyle,West,Mainstream,12,2087.136411061214,902.5151560000818,1184.6212550611322,0.019083425832873376,Organic Search
2024-03-01 00:00:00,Mar,Q1,Luxury Set,Lifestyle,West,Mainstream,10,1718.4910233399735,742.5882751652688,975.9027481747047,0.0537924918163904,Email
2024-03-01 00:00:00,Mar,Q1,Luxury Set,Lifestyle,West,Mainstream,10,1383.0244050052463,561.340529249896,821.6838757553503,0.19521047727886764,Paid Social
2024-03-01 00:00:00,Mar,Q1,Luxury Set,Lifestyle,West,Mainstream,12,1904.0527370937389,845.996075917679,1058.0566611760598,0.11457712523933655,Paid Search
2024-03-01 00:00:00,Mar,Q1,Luxury Set,Lifestyle,West,Premium,8,1242.0497113780075,544.0744991194032,697.9752122586043,0.06714644546521048,Organic Search
2024-03-01 00:00:00,Mar,Q1,Luxury Set,Lifestyle,West,Premium,7,1274.9895346289009,557.2627909417663,717.7267436871346,0.05403535437137425,Email
2024-03-01 00:00:00,Mar,Q1,Luxury Set,Lifestyle,West,Premium,8,1124.211016061595,489.62213037045353,634.5888856911415,0.163468090405954,Paid Social
2024-03-01 00:00:00,Mar,Q1,Luxury Set,Lifestyle,West,Premium,8,1269.3526825273473,564.9492507592212,704.4034317681261,0.08907502746594843,Paid Search
2024-04-01 00:00:00,Apr,Q2,Eco Basics,Essentials,North,Value Seekers,113,2373.2334139512263,1468.896285615409,904.3371283358174,0.09850169616237901,Organic Search
2024-04-01 00:00:00,Apr,Q2,Eco Basics,Essentials,North,Value Seekers,125,2741.717044805656,1657.3581589803275,1084.3588858253283,0.1011634126735178,Email
2024-04-01 00:00:00,Apr,Q2,Eco Basics,Essentials,North,Value Seekers,103,2102.0491452143706,1312.7089166908838,789.3402285234868,0.15631649433446235,Paid Social
2024-04-01 00:00:00,Apr,Q2,Eco Basics,Essentials,North,Value Seekers,105,2065.2699101227677,1284.801133950588,780.4687761721796,0.14998070482348316,Paid Search
2024-04-01 00:00:00,Apr,Q2,Eco Basics,Essentials,North,Mainstream,104,2442.6044638807775,1442.576272364243,1000.0281915165344,0.0008611027130873694,Organic Search
2024-04-01 00:00:00,Apr,Q2,Eco Basics,Essentials,North,Mainstream,88,1887.382861137885,1172.5329577773955,714.8499033604894,0.059379216311859044,Email
2024-04-01 00:00:00,Apr,Q2,Eco Basics,Essentials,North,Mainstream,86,1737.7245524412315,1107.232090442011,630.4924619992205,0.16050580995764963,Paid Social
2024-04-01 00:00:00,Apr,Q2,Eco Basics,Essentials,North,Mainstream,94,1875.8100317625042,1148.9413506601868,726.8686811023174,0.15046200537179216,Paid Search
2024-04-01 00:00:00,Apr,Q2,Eco Basics,Essentials,North,Premium,82,1877.4367762506336,1210.551063754802,666.8857124958315,0.016374637901733283,Organic Search
2024-04-01 00:00:00,Apr,Q2,Eco Basics,Essentials,North,Premium,79,1735.4109177589994,1122.8194418603243,612.5914758986751,0.09550091267255226,Email
2024-04-01 00:00:00,Apr,Q2,Eco Basics,Essentials,North,Premium,73,1384.6153748083145,859.6909420430264,524.9244327652881,0.20605029776231554,Paid Social
2024-04-01 00:00:00,Apr,Q2,Eco Basics,Essentials,North,Premium,67,1359.8645407457973,836.4352730674658,523.4292676783315,0.13806117463052447,Paid Search
2024-04-01 00:00:00,Apr,Q2,Eco Basics,Essentials,South,Value Seekers,105,2249.1222186108243,1417.792947047444,831.3292715633804,0.09167968532069348,Organic Search
2024-04-01 00:00:00,Apr,Q2,Eco Basics,Essentials,South,Value Seekers,108,2603.264847271964,1577.9045864389402,1025.3602608330236,0.052286100794678596,Email
2024-04-01 00:00:00,Apr,Q2,Eco Basics,Essentials,South,Value Seekers,78,1668.7350150616892,1081.1325444497743,587.6024706119149,0.126585787492127,Paid Social
2024-04-01 00:00:00,Apr,Q2,Eco Basics,Essentials,South,Value Seekers,86,1708.8463123226736,1049.2407317107322,659.6055806119414,0.1480054144487207,Paid Search
2024-04-01 00:00:00,Apr,Q2,Eco Basics,Essentials,South,Mainstream,79,1786.1492761691995,1131.3764105452433,654.7728656239562,0.05660636909018348,Organic Search
2024-04-01 00:00:00,Apr,Q2,Eco Basics,Essentials,South,Mainstream,94,2080.8875240302928,1257.518880169811,823.3686438604818,0.07233808741096524,Email
2024-04-01 00:00:00,Apr,Q2,Eco Basics,Essentials,South,Mainstream,89,1856.2295966838058,1158.648811974656,697.5807847091498,0.11141652522290349,Paid Social
2024-04-01 00:00:00,Apr,Q2,Eco Basics,Essentials,South,Mainstream,90,1852.177069588798,1156.0381614145522,696.1389081742459,0.1020483804095434,Paid Search
2024-04-01 00:00:00,Apr,Q2,Eco Basics,Essentials,South,Premium,62,1500.7319551914409,993.6059626769661,507.1259925144748,0.02761614065852,Organic Search
2024-04-01 00:00:00,Apr,Q2,Eco Basics,Essentials,South,Premium,46,1088.7493282534829,650.2286971439046,438.5206311095783,0.048481079957454515,Email
2024-04-01 00:00:00,Apr,Q2,Eco Basics,Essentials,South,Premium,41,800.0954900456089,507.90246408228785,292.1930259633211,0.1348253852725408,Paid Social
2024-04-01 00:00:00,Apr,Q2,Eco Basics,Essentials,South,Premium,46,965.8697853497107,601.4081003149854,364.4616850347253,0.09907549113901032,Paid Search
2024-04-01 00:00:00,Apr,Q2,Eco Basics,Essentials,East,Value Seekers,115,2394.180085698332,1534.8910942993855,859.2889913989463,0.10825836410886028,Organic Search
2024-04-01 00:00:00,Apr,Q2,Eco Basics,Essentials,East,Value Seekers,95,2010.433759554513,1226.6594527717148,783.7743067827982,0.12745244083719462,Email
2024-04-01 00:00:00,Apr,Q2,Eco Basics,Essentials,East,Value Seekers,93,1796.5037537351243,1149.0766576197586,647.4270961153657,0.13994501479912053,Paid Social
2024-04-01 00:00:00,Apr,Q2,Eco Basics,Essentials,East,Value Seekers,111,2232.365033672447,1382.2207824732102,850.144251199237,0.12572040064789533,Paid Search
2024-04-01 00:00:00,Apr,Q2,Eco Basics,Essentials,East,Mainstream,113,2639.168308845521,1664.3476786045824,974.8206302409387,0.049585789754437004,Organic Search
2024-04-01 00:00:00,Apr,Q2,Eco Basics,Essentials,East,Mainstream,92,2202.3875296480633,1330.4470121087518,871.9405175393115,0.0644971567186293,Email
2024-04-01 00:00:00,Apr,Q2,Eco Basics,Essentials,East,Mainstream,90,1795.4237061856418,1136.5797844579786,658.8439217276632,0.12067425725993244,Paid Social
2024-04-01 00:00:00,Apr,Q2,Eco Basics,Essentials,East,Mainstream,79,1597.1296121840073,963.8288418520111,633.3007703319962,0.131212136354911,Paid Search
2024-04-01 00:00:00,Apr,Q2,Eco Basics,Essentials,East,Premium,61,1427.8145270384482,853.0883613007743,574.7261657376739,0.053585664171437335,Organic Search
2024-04-01 00:00:00,Apr,Q2,Eco Basics,Essentials,East,Premium,60,1449.8082900535937,894.8623321834792,554.9459578701145,0.03168704307925841,Email
2024-04-01 00:00:00,Apr,Q2,Eco Basics,Essentials,East,Premium,72,1493.0539596858557,915.4409379403661,577.6130217454896,0.117900028581339,Paid Social
2024-04-01 00:00:00,Apr,Q2,Eco Basics,Essentials,East,Premium,50,1127.7234796753578,716.9849985118597,410.73848116349814,0.0869876639148742,Paid Search
2024-04-01 00:00:00,Apr,Q2,Eco Basics,Essentials,West,Value Seekers,103,2570.266611379377,1590.7386351276264,979.5279762517507,0.0267704277624145,Organic Search
2024-04-01 00:00:00,Apr,Q2,Eco Basics,Essentials,West,Value Seekers,107,2383.0288396962537,1532.3217475922195,850.7070921040342,0.07128000509949867,Email
2024-04-01 00:00:00,Apr,Q2,Eco Basics,Essentials,West,Value Seekers,76,1391.24125347976,845.6962945162121,545.5449589635479,0.18707499846292172,Paid Social
2024-04-01 00:00:00,Apr,Q2,Eco Basics,Essentials,West,Value Seekers,92,1709.7373266933332,1045.3710697450736,664.3662569482597,0.16393842908199419,Paid Search
2024-04-01 00:00:00,Apr,Q2,Eco Basics,Essentials,West,Mainstream,82,1823.9351848547888,1206.0851714120517,617.850013442737,0.03619346869718479,Organic Search
2024-04-01 00:00:00,Apr,Q2,Eco Basics,Essentials,West,Mainstream,91,1902.1844728686676,1183.777664484067,718.4068083846007,0.11668655010403378,Email
2024-04-01 00:00:00,Apr,Q2,Eco Basics,Essentials,West,Mainstream,60,1178.0746435343356,720.3008423266618,457.7738012076737,0.16459630859015367,Paid Social
2024-04-01 00:00:00,Apr,Q2,Eco Basics,Essentials,West,Mainstream,77,1645.0527238814848,984.498284947592,660.5544389338928,0.08738526390498819,Paid Search
2024-04-01 00:00:00,Apr,Q2,Eco Basics,Essentials,West,Premium,72,1587.99428623618,982.0672366108239,605.9270496253561,0.07998248932303964,Organic Search
2024-04-01 00:00:00,Apr,Q2,Eco Basics,Essentials,West,Premium,53,1067.1213638534805,669.1808350527176,397.9405288007629,0.1169968637355252,Email
2024-04-01 00:00:00,Apr,Q2,Eco Basics,Essentials,West,Premium,49,965.2870117925204,595.280353786838,370.0066580056824,0.14728006887845083,Paid Social
2024-04-01 00:00:00,Apr,Q2,Eco Basics,Essentials,West,Premium,66,1422.9698321226228,883.5866777885306,539.3831543340923,0.05780444856094171,Paid Search
2024-04-01 00:00:00,Apr,Q2,Daily Care,Essentials,North,Value Seekers,116,3358.108392128339,2095.4123760741686,1262.6960160541703,0.06458692006159567,Organic Search
2024-04-01 00:00:00,Apr,Q2,Daily Care,Essentials,North,Value Seekers,90,2499.846038874779,1522.306717727799,977.53932114698,0.11322330033830538,Email
2024-04-01 00:00:00,Apr,Q2,Daily Care,Essentials,North,Value Seekers,103,2935.440095855716,1731.1623483033165,1204.2777475523997,0.11764360260012305,Paid Social
2024-04-01 00:00:00,Apr,Q2,Daily Care,Essentials,North,Value Seekers,96,2567.4747605355346,1438.5681787724877,1128.906581763047,0.1310543016639683,Paid Search
2024-04-01 00:00:00,Apr,Q2,Daily Care,Essentials,North,Mainstream,94,2899.042955612448,1813.3380686530213,1085.7048869594269,0.024914027412512415,Organic Search
2024-04-01 00:00:00,Apr,Q2,Daily Care,Essentials,North,Mainstream,108,3081.136865969921,1856.4273779469459,1224.7094880229752,0.08933099966664398,Email
2024-04-01 00:00:00,Apr,Q2,Daily Care,Essentials,North,Mainstream,96,2546.732365754798,1511.4289789086915,1035.3033868461066,0.16417945306097376,Paid Social
2024-04-01 00:00:00,Apr,Q2,Daily Care,Essentials,North,Mainstream,73,1934.354179350127,1163.5555998483953,770.7985795017316,0.13854555735975316,Paid Search
2024-04-01 00:00:00,Apr,Q2,Daily Care,Essentials,North,Premium,61,1798.3550790797608,1039.8708118563163,758.4842672234445,0.07275539459161864,Organic Search
2024-04-01 00:00:00,Apr,Q2,Daily Care,Essentials,North,Premium,75,2300.346252206264,1422.3975239430383,877.9487282632258,0.07141854208242049,Email
2024-04-01 00:00:00,Apr,Q2,Daily Care,Essentials,North,Premium,49,1387.6540952812923,868.7807579886681,518.8733372926241,0.11399503222611318,Paid Social
2024-04-01 00:00:00,Apr,Q2,Daily Care,Essentials,North,Premium,65,1832.4756745035004,1113.8744484152612,718.6012260882392,0.11212295180227691,Paid Search
2024-04-01 00:00:00,Apr,Q2,Daily Care,Essentials,South,Value Seekers,93,2724.2128401585455,1617.523471618589,1106.6893685399566,0.04677159148725605,Organic Search
2024-04-01 00:00:00,Apr,Q2,Daily Care,Essentials,South,Value Seekers,72,2201.8742245111307,1365.8189556408217,836.055268870309,0.07535518191378275,Email
2024-04-01 00:00:00,Apr,Q2,Daily Care,Essentials,South,Value Seekers,76,2101.039875474162,1258.0353666967844,843.0045087773774,0.13973678425445935,Paid Social
2024-04-01 00:00:00,Apr,Q2,Daily Care,Essentials,South,Value Seekers,86,2205.590997910131,1347.4862479731291,858.104749937002,0.14071938910202494,Paid Search
2024-04-01 00:00:00,Apr,Q2,Daily Care,Essentials,South,Mainstream,83,2324.9853335059365,1435.0541542036021,889.9311793023344,0.10811747285808544,Organic Search
2024-04-01 00:00:00,Apr,Q2,Daily Care,Essentials,South,Mainstream,72,2119.6590403836603,1321.6271238081417,798.0319165755186,0.0673477341164645,Email
2024-04-01 00:00:00,Apr,Q2,Daily Care,Essentials,South,Mainstream,59,1641.6880564034793,1026.1481149076517,615.5399414958276,0.1270788279206543,Paid Social
2024-04-01 00:00:00,Apr,Q2,Daily Care,Essentials,South,Mainstream,65,1751.4058519735174,1041.746092503593,709.6597594699244,0.1227782343824128,Paid Search
2024-04-01 00:00:00,Apr,Q2,Daily Care,Essentials,South,Premium,60,1762.9561063193078,1062.1854902987009,700.7706160206069,0.06727277393480482,Organic Search
2024-04-01 00:00:00,Apr,Q2,Daily Care,Essentials,South,Premium,48,1423.021489948247,849.5844565206498,573.4370334275973,0.06887192774189871,Email
2024-04-01 00:00:00,Apr,Q2,Daily Care,Essentials,South,Premium,51,1379.2490570980274,896.5661539934052,482.68290310462214,0.11076298426992459,Paid Social
2024-04-01 00:00:00,Apr,Q2,Daily Care,Essentials,South,Premium,49,1284.3264793378805,765.156854378179,519.1696249597015,0.09405021612526925,Paid Search
2024-04-01 00:00:00,Apr,Q2,Daily Care,Essentials,East,Value Seekers,99,2940.381910563842,1811.7765103693946,1128.6054001944476,0.020450887856532173,Organic Search
2024-04-01 00:00:00,Apr,Q2,Daily Care,Essentials,East,Value Seekers,103,3048.1142777728846,1926.9332169164256,1121.181060856459,0.11811941799964533,Email
2024-04-01 00:00:00,Apr,Q2,Daily Care,Essentials,East,Value Seekers,81,2142.2249761561225,1275.3502928618047,866.8746832943177,0.13947802693975783,Paid Social
2024-04-01 00:00:00,Apr,Q2,Daily Care,Essentials,East,Value Seekers,92,2467.1113513435903,1529.0483319319146,938.0630194116757,0.135303514974782,Paid Search
2024-04-01 00:00:00,Apr,Q2,Daily Care,Essentials,East,Mainstream,91,2484.8606489059584,1467.8740872405003,1016.9865616654581,0.10144527942744407,Organic Search
2024-04-01 00:00:00,Apr,Q2,Daily Care,Essentials,East,Mainstream,91,2715.0500774938623,1559.5244015344113,1155.525675959451,0.06683702757615125,Email
2024-04-01 00:00:00,Apr,Q2,Daily Care,Essentials,East,Mainstream,82,2324.1157949973745,1327.9473495889624,996.168445408412,0.09145353351551486,Paid Social
2024-04-01 00:00:00,Apr,Q2,Daily Care,Essentials,East,Mainstream,84,2359.4606163079766,1361.0769457554375,998.3836705525391,0.10338372256244843,Paid Search
2024-04-01 00:00:00,Apr,Q2,Daily Care,Essentials,East,Premium,56,1639.5302373871507,972.9264470215809,666.6037903655698,0.058252844761773594,Organic Search
2024-04-01 00:00:00,Apr,Q2,Daily Care,Essentials,East,Premium,62,1814.868298817247,1098.9320025044206,715.9362963128265,0.0826067687009596,Email
2024-04-01 00:00:00,Apr,Q2,Daily Care,Essentials,East,Premium,55,1451.893061141877,823.9964860711927,627.8965750706843,0.1509871512002128,Paid Social
2024-04-01 00:00:00,Apr,Q2,Daily Care,Essentials,East,Premium,43,1116.9177223639722,699.8224738451598,417.09524851881235,0.12828677240827238,Paid Search
2024-04-01 00:00:00,Apr,Q2,Daily Care,Essentials,West,Value Seekers,118,3437.503436267711,1992.1480817871868,1445.3553544805243,0.08228613777236006,Organic Search
2024-04-01 00:00:00,Apr,Q2,Daily Care,Essentials,West,Value Seekers,89,2599.1225419453785,1583.3189310319576,1015.8036109134209,0.06945462928946636,Email
2024-04-01 00:00:00,Apr,Q2,Daily Care,Essentials,West,Value Seekers,86,2127.817828897429,1252.6121736561242,875.2056552413048,0.19382001337241814,Paid Social
2024-04-01 00:00:00,Apr,Q2,Daily Care,Essentials,West,Value Seekers,80,2320.8613266032658,1378.888218576655,941.9731080266108,0.07454667003269298,Paid Search
2024-04-01 00:00:00,Apr,Q2,Daily Care,Essentials,West,Mainstream,84,2566.19014838846,1451.9656161544008,1114.224532234059,0.06263342869118371,Organic Search
2024-04-01 00:00:00,Apr,Q2,Daily Care,Essentials,West,Mainstream,82,2515.9398963085087,1468.8950523048477,1047.044844003661,0.06679341298790424,Email
2024-04-01 00:00:00,Apr,Q2,Daily Care,Essentials,West,Mainstream,50,1349.3341825943207,754.8846291475859,594.4495534467349,0.12084886993999001,Paid Social
2024-04-01 00:00:00,Apr,Q2,Daily Care,Essentials,West,Mainstream,86,2248.770315124223,1324.2014135406744,924.5689015835487,0.1283992043360144,Paid Search
2024-04-01 00:00:00,Apr,Q2,Daily Care,Essentials,West,Premium,55,1784.1045108668054,1048.0388084658591,736.0657024009463,0.020450450098294527,Organic Search
2024-04-01 00:00:00,Apr,Q2,Daily Care,Essentials,West,Premium,46,1356.3533733262552,828.4387488483484,527.9146244779068,0.07310439211861534,Email
2024-04-01 00:00:00,Apr,Q2,Daily Care,Essentials,West,Premium,52,1405.5599215774257,856.7622776641438,548.797643913282,0.1187569769630576,Paid Social
2024-04-01 00:00:00,Apr,Q2,Daily Care,Essentials,West,Premium,48,1256.7403354277703,767.9781917289135,488.7621436988568,0.1034140960695128,Paid Search
2024-04-01 00:00:00,Apr,Q2,Home Comfort,Home,North,Value Seekers,76,4168.8957555788675,2428.28971519041,1740.6060403884576,0.06389929119572164,Organic Search
2024-04-01 00:00:00,Apr,Q2,Home Comfort,Home,North,Value Seekers,71,4053.4893507374395,2492.7814343881523,1560.7079163492872,0.03930806820822879,Email
2024-04-01 00:00:00,Apr,Q2,Home Comfort,Home,North,Value Seekers,60,2946.194844883482,1685.0592132188642,1261.1356316646177,0.17005670193003244,Paid Social
2024-04-01 00:00:00,Apr,Q2,Home Comfort,Home,North,Value Seekers,76,3657.286713334613,2109.7631177771377,1547.5235955574753,0.11733378637114267,Paid Search
2024-04-01 00:00:00,Apr,Q2,Home Comfort,Home,North,Mainstream,78,4251.357805977265,2517.1903919914225,1734.1674139858428,0.0483387756172636,Organic Search
2024-04-01 00:00:00,Apr,Q2,Home Comfort,Home,North,Mainstream,59,3408.517754547413,1927.0231711060694,1481.4945834413436,0.03974598742547788,Email
2024-04-01 00:00:00,Apr,Q2,Home Comfort,Home,North,Mainstream,63,3331.0300274713154,1991.6975177826328,1339.3325096886826,0.10941949424845177,Paid Social
2024-04-01 00:00:00,Apr,Q2,Home Comfort,Home,North,Mainstream,59,2877.053285547053,1603.4773510653577,1273.5759344816952,0.1420571623149804,Paid Search
2024-04-01 00:00:00,Apr,Q2,Home Comfort,Home,North,Premium,50,2934.444614994756,1654.2437557783103,1280.200859216446,0.0,Organic Search
2024-04-01 00:00:00,Apr,Q2,Home Comfort,Home,North,Premium,54,3033.0050238930585,1744.265893555911,1288.7391303371476,0.0681268360970388,Email
2024-04-01 00:00:00,Apr,Q2,Home Comfort,Home,North,Premium,40,1889.6083578026,1096.7678353798904,792.8405224227097,0.1404899904144407,Paid Social
2024-04-01 00:00:00,Apr,Q2,Home Comfort,Home,North,Premium,45,2157.073023310755,1261.3816061920713,895.6914171186838,0.13150105809651164,Paid Search
2024-04-01 00:00:00,Apr,Q2,Home Comfort,Home,South,Value Seekers,70,3691.1324100159004,2122.5517936417423,1568.5806163741581,0.05708464503099731,Organic Search
2024-04-01 00:00:00,Apr,Q2,Home Comfort,Home,South,Value Seekers,59,3352.4748239332157,1888.624275820629,1463.8505481125867,0.023135821796146483,Email
2024-04-01 00:00:00,Apr,Q2,Home Comfort,Home,South,Value Seekers,52,2491.055781549711,1419.1743670474568,1071.881414502254,0.16978023318093485,Paid Social
2024-04-01 00:00:00,Apr,Q2,Home Comfort,Home,South,Value Seekers,47,2187.1978585731813,1191.4725539983367,995.7253045748446,0.1689208445259247,Paid Search
2024-04-01 00:00:00,Apr,Q2,Home Comfort,Home,South,Mainstream,48,2755.5643607147213,1604.6621824226438,1150.9021782920775,0.04729652524021458,Organic Search
2024-04-01 00:00:00,Apr,Q2,Home Comfort,Home,South,Mainstream,60,3093.354084327798,1845.1502351277065,1248.2038492000913,0.10505023314797807,Email
2024-04-01 00:00:00,Apr,Q2,Home Comfort,Home,South,Mainstream,63,2912.6433703828625,1671.6563273794643,1240.9870430033982,0.17687780910774642,Paid Social
2024-04-01 00:00:00,Apr,Q2,Home Comfort,Home,South,Mainstream,43,2216.1237264080482,1244.4515128982512,971.6722135097971,0.15222158563015756,Paid Search
2024-04-01 00:00:00,Apr,Q2,Home Comfort,Home,South,Premium,46,2626.1330444872838,1468.1320882945154,1158.0009561927684,0.05396890127343858,Organic Search
2024-04-01 00:00:00,Apr,Q2,Home Comfort,Home,South,Premium,32,1754.98062074674,1008.0796397553713,746.9009809913687,0.04480330216944675,Email
2024-04-01 00:00:00,Apr,Q2,Home Comfort,Home,South,Premium,28,1303.324445155116,776.4695334550752,526.8549117000409,0.17985444890510033,Paid Social
2024-04-01 00:00:00,Apr,Q2,Home Comfort,Home,South,Premium,36,1791.108167899313,982.9606886921924,808.1474792071206,0.11349909374548887,Paid Search
2024-04-01 00:00:00,Apr,Q2,Home Comfort,Home,East,Value Seekers,72,4265.270859805397,2392.486972722017,1872.7838870833798,0.023993340380110792,Organic Search
2024-04-01 00:00:00,Apr,Q2,Home Comfort,Home,East,Value Seekers,70,3586.765732704645,2048.230070342457,1538.5356623621878,0.0748044026846094,Email
2024-04-01 00:00:00,Apr,Q2,Home Comfort,Home,East,Value Seekers,66,2953.643533596539,1640.527320697209,1313.1162128993299,0.15850864220019523,Paid Social
2024-04-01 00:00:00,Apr,Q2,Home Comfort,Home,East,Value Seekers,67,3317.9468689132727,1948.7133171332532,1369.2335517800195,0.14469500845106303,Paid Search
2024-04-01 00:00:00,Apr,Q2,Home Comfort,Home,East,Mainstream,68,3670.90628600118,2164.4091434702696,1506.4971425309104,0.06918698361385327,Organic Search
2024-04-01 00:00:00,Apr,Q2,Home Comfort,Home,East,Mainstream,60,2778.3261064288213,1593.2803587512196,1185.0457476776016,0.12913519429999934,Email
2024-04-01 00:00:00,Apr,Q2,Home Comfort,Home,East,Mainstream,52,2628.8803408019944,1470.494891869219,1158.3854489327755,0.14933834208529423,Paid Social
2024-04-01 00:00:00,Apr,Q2,Home Comfort,Home,East,Mainstream,59,2859.4504213982864,1590.6450062546269,1268.8054151436595,0.13100149822557863,Paid Search
2024-04-01 00:00:00,Apr,Q2,Home Comfort,Home,East,Premium,41,2133.6577147109706,1200.9333499503177,932.7243647606529,0.05956083289231339,Organic Search
2024-04-01 00:00:00,Apr,Q2,Home Comfort,Home,East,Premium,44,2305.0290390844657,1286.0912648144604,1018.9377742700053,0.06896320555002132,Email
2024-04-01 00:00:00,Apr,Q2,Home Comfort,Home,East,Premium,41,1897.59189574913,1119.4125493134668,778.1793464356631,0.15382263071498706,Paid Social
2024-04-01 00:00:00,Apr,Q2,Home Comfort,Home,East,Premium,30,1445.4725021039103,832.7074951491028,612.7650069548075,0.12501746735722197,Paid Search
2024-04-01 00:00:00,Apr,Q2,Home Comfort,Home,West,Value Seekers,76,4467.244762833592,2537.378321017808,1929.8664418157841,0.038267722368922404,Organic Search
2024-04-01 00:00:00,Apr,Q2,Home Comfort,Home,West,Value Seekers,59,3181.85428507421,1658.5867621634227,1523.2675229107874,0.09747714335052765,Email
2024-04-01 00:00:00,Apr,Q2,Home Comfort,Home,West,Value Seekers,54,2535.334854622187,1387.9358324290436,1147.3990221931433,0.1420002616694515,Paid Social
2024-04-01 00:00:00,Apr,Q2,Home Comfort,Home,West,Value Seekers,72,3553.161408040392,1982.7263086602231,1570.4350993801688,0.1346261290480262,Paid Search
2024-04-01 00:00:00,Apr,Q2,Home Comfort,Home,West,Mainstream,69,3679.552273185754,2054.098639572839,1625.453633612915,0.05076191034801573,Organic Search
2024-04-01 00:00:00,Apr,Q2,Home Comfort,Home,West,Mainstream,65,3646.9762525657043,2075.4207480916443,1571.55550447406,0.056255266009049176,Email
2024-04-01 00:00:00,Apr,Q2,Home Comfort,Home,West,Mainstream,45,2244.200256971216,1298.307143134143,945.8931138370729,0.09611405256723227,Paid Social
2024-04-01 00:00:00,Apr,Q2,Home Comfort,Home,West,Mainstream,67,3462.7447081049713,1906.4778435406918,1556.2668645642796,0.10242721404901081,Paid Search
2024-04-01 00:00:00,Apr,Q2,Home Comfort,Home,West,Premium,47,2589.806886573271,1531.7144327141793,1058.0924538590918,0.021753753569536006,Organic Search
2024-04-01 00:00:00,Apr,Q2,Home Comfort,Home,West,Premium,38,2039.8511790100067,1120.0113614501083,919.8398175598984,0.06632866196861749,Email
2024-04-01 00:00:00,Apr,Q2,Home Comfort,Home,West,Premium,37,1705.417154400569,1005.012139316779,700.40501508379,0.17655636510086825,Paid Social
2024-04-01 00:00:00,Apr,Q2,Home Comfort,Home,West,Premium,47,2356.6215331940857,1355.353332436699,1001.2682007573867,0.15571900405091926,Paid Search
2024-04-01 00:00:00,Apr,Q2,Smart Kitchen,Home,North,Value Seekers,57,4417.808064848214,2524.346615456441,1893.4614493917725,0.09620999719533853,Organic Search
2024-04-01 00:00:00,Apr,Q2,Smart Kitchen,Home,North,Value Seekers,58,4483.5694381723915,2219.947095148695,2263.6223430236964,0.11149583903668646,Email
2024-04-01 00:00:00,Apr,Q2,Smart Kitchen,Home,North,Value Seekers,54,3864.389578701861,2014.092590366872,1850.296988334989,0.1398102164975426,Paid Social
2024-04-01 00:00:00,Apr,Q2,Smart Kitchen,Home,North,Value Seekers,47,3230.0250153525676,1704.6492779430116,1525.375737409556,0.1845980648800442,Paid Search
2024-04-01 00:00:00,Apr,Q2,Smart Kitchen,Home,North,Mainstream,56,4529.4860779414075,2685.248349897269,1844.2377280441387,0.07029263929033164,Organic Search
2024-04-01 00:00:00,Apr,Q2,Smart Kitchen,Home,North,Mainstream,57,4404.345927269337,2347.183306684281,2057.162620585056,0.04430190587473153,Email
2024-04-01 00:00:00,Apr,Q2,Smart Kitchen,Home,North,Mainstream,40,2872.5903320687826,1501.83869816851,1370.7516339002725,0.11496713364505085,Paid Social
2024-04-01 00:00:00,Apr,Q2,Smart Kitchen,Home,North,Mainstream,40,2999.084460442543,1578.13682107531,1420.9476393672328,0.13295547376113528,Paid Search
2024-04-01 00:00:00,Apr,Q2,Smart Kitchen,Home,North,Premium,42,3305.6642502985856,1805.6533534051148,1500.0108968934708,0.0014608049844944682,Organic Search
2024-04-01 00:00:00,Apr,Q2,Smart Kitchen,Home,North,Premium,31,2516.7820140682575,1350.206970991707,1166.5750430765504,0.08230035701417247,Email
2024-04-01 00:00:00,Apr,Q2,Smart Kitchen,Home,North,Premium,32,2485.4974584913502,1437.7125446052419,1047.7849138861084,0.08690017954685912,Paid Social
2024-04-01 00:00:00,Apr,Q2,Smart Kitchen,Home,North,Premium,28,2047.2111434100993,1106.7293960390232,940.4817473710762,0.12705085548023357,Paid Search
2024-04-01 00:00:00,Apr,Q2,Smart Kitchen,Home,South,Value Seekers,44,3727.123144952053,2071.157694744572,1655.965450207481,0.04257812301540036,Organic Search
2024-04-01 00:00:00,Apr,Q2,Smart Kitchen,Home,South,Value Seekers,39,3152.222778592213,1702.6989567627525,1449.5238218294608,0.09810091106766335,Email
2024-04-01 00:00:00,Apr,Q2,Smart Kitchen,Home,South,Value Seekers,33,2167.350888115853,1127.498211410859,1039.852676704994,0.1844107844299517,Paid Social
2024-04-01 00:00:00,Apr,Q2,Smart Kitchen,Home,South,Value Seekers,35,2456.1177900207904,1388.1636424995806,1067.9541475212097,0.1571856688781626,Paid Search
2024-04-01 00:00:00,Apr,Q2,Smart Kitchen,Home,South,Mainstream,42,3605.779512571218,1885.5300728226912,1720.249439748527,0.04294685557665222,Organic Search
2024-04-01 00:00:00,Apr,Q2,Smart Kitchen,Home,South,Mainstream,37,2939.736600979717,1580.7622603228685,1358.9743406568484,0.047327428131948485,Email
2024-04-01 00:00:00,Apr,Q2,Smart Kitchen,Home,South,Mainstream,37,2574.0623916203635,1410.4572974076395,1163.605094212724,0.1306091584820665,Paid Social
2024-04-01 00:00:00,Apr,Q2,Smart Kitchen,Home,South,Mainstream,32,2334.9178647728963,1268.3589640371056,1066.5589007357908,0.08415674937974428,Paid Search
2024-04-01 00:00:00,Apr,Q2,Smart Kitchen,Home,South,Premium,26,2083.9143610072247,1200.0359625038077,883.878398503417,0.0499407770966798,Organic Search
2024-04-01 00:00:00,Apr,Q2,Smart Kitchen,Home,South,Premium,28,2184.8732516482946,1156.3340755342672,1028.5391761140274,0.1158474136506094,Email
2024-04-01 00:00:00,Apr,Q2,Smart Kitchen,Home,South,Premium,33,2482.0501072733036,1332.5848486647303,1149.4652586085733,0.10261146158754492,Paid Social
2024-04-01 00:00:00,Apr,Q2,Smart Kitchen,Home,South,Premium,17,1218.7217450526152,660.5026945120571,558.2190505405581,0.10910588757573451,Paid Search
2024-04-01 00:00:00,Apr,Q2,Smart Kitchen,Home,East,Value Seekers,43,3145.542262872206,1665.860176242736,1479.6820866294697,0.09320226527477704,Organic Search
2024-04-01 00:00:00,Apr,Q2,Smart Kitchen,Home,East,Value Seekers,41,3443.0203314341093,1806.4979770458344,1636.5223543882748,0.08354978659505978,Email
2024-04-01 00:00:00,Apr,Q2,Smart Kitchen,Home,East,Value Seekers,38,2520.00404880416,1364.9778140915564,1155.0262347126036,0.22103054306179787,Paid Social
2024-04-01 00:00:00,Apr,Q2,Smart Kitchen,Home,East,Value Seekers,44,3006.2570507643277,1582.5310145478331,1423.7260362164945,0.15190600883469163,Paid Search
2024-04-01 00:00:00,Apr,Q2,Smart Kitchen,Home,East,Mainstream,41,3546.1646923124954,1924.5934136189453,1621.57127869355,0.050558480982965205,Organic Search
2024-04-01 00:00:00,Apr,Q2,Smart Kitchen,Home,East,Mainstream,48,3757.4079088339254,2153.8781981984894,1603.529710635436,0.06268286352561808,Email
2024-04-01 00:00:00,Apr,Q2,Smart Kitchen,Home,East,Mainstream,47,3227.479870690617,1742.1701653033547,1485.3097053872625,0.18833399369285894,Paid Social
2024-04-01 00:00:00,Apr,Q2,Smart Kitchen,Home,East,Mainstream,36,2531.0673282271687,1306.5312502498168,1224.5360779773519,0.145766495206039,Paid Search
2024-04-01 00:00:00,Apr,Q2,Smart Kitchen,Home,East,Premium,38,3163.6694374976314,1631.6607074639019,1532.0087300337295,0.016251859053468175,Organic Search
2024-04-01 00:00:00,Apr,Q2,Smart Kitchen,Home,East,Premium,23,1864.1493381591329,952.0367051545634,912.1126330045695,0.047530004743904064,Email
2024-04-01 00:00:00,Apr,Q2,Smart Kitchen,Home,East,Premium,24,1672.4928586264416,858.7034495368663,813.7894090895753,0.14450737201258612,Paid Social
2024-04-01 00:00:00,Apr,Q2,Smart Kitchen,Home,East,Premium,26,1884.4729896148242,1137.3227796290648,747.1502099857594,0.16513936081717037,Paid Search
2024-04-01 00:00:00,Apr,Q2,Smart Kitchen,Home,West,Value Seekers,40,3358.2788971213718,1770.6997620959035,1587.5791350254683,0.03888783875277836,Organic Search
2024-04-01 00:00:00,Apr,Q2,Smart Kitchen,Home,West,Value Seekers,39,3092.8413309309667,1588.0470673474342,1504.7942635835325,0.07653024238558223,Email
2024-04-01 00:00:00,Apr,Q2,Smart Kitchen,Home,West,Value Seekers,41,2804.960716516547,1496.1389199314785,1308.8217965850686,0.170560874322536,Paid Social
2024-04-01 00:00:00,Apr,Q2,Smart Kitchen,Home,West,Value Seekers,40,2774.270592472982,1453.6339004230772,1320.636692049905,0.1471890976291832,Paid Search
2024-04-01 00:00:00,Apr,Q2,Smart Kitchen,Home,West,Mainstream,45,3895.3275538807993,2178.4162103158933,1716.911343564906,0.03283653117115578,Organic Search
2024-04-01 00:00:00,Apr,Q2,Smart Kitchen,Home,West,Mainstream,41,3600.4439480240785,1942.1970804028706,1658.246867621208,0.03785000733708766,Email
2024-04-01 00:00:00,Apr,Q2,Smart Kitchen,Home,West,Mainstream,27,1874.2683375781348,943.5397286909134,930.7286088872214,0.15080881785500852,Paid Social
2024-04-01 00:00:00,Apr,Q2,Smart Kitchen,Home,West,Mainstream,30,2291.341157965538,1193.0007540321287,1098.3404039334093,0.08696110533722372,Paid Search
2024-04-01 00:00:00,Apr,Q2,Smart Kitchen,Home,West,Premium,34,2758.775687242601,1533.3864310106553,1225.3892562319459,0.05618701369100262,Organic Search
2024-04-01 00:00:00,Apr,Q2,Smart Kitchen,Home,West,Premium,26,2021.7483629246292,1044.39483645167,977.3535264729592,0.0820152148336837,Email
2024-04-01 00:00:00,Apr,Q2,Smart Kitchen,Home,West,Premium,31,2223.2582747534766,1128.7583339184519,1094.4999408350247,0.17249968430655338,Paid Social
2024-04-01 00:00:00,Apr,Q2,Smart Kitchen,Home,West,Premium,27,1906.1149866569867,1053.406059804445,852.7089268525417,0.14707863031651836,Paid Search
2024-04-01 00:00:00,Apr,Q2,Activewear,Lifestyle,North,Value Seekers,72,4893.744213462584,2652.577202974657,2241.167010487927,0.03337563134737778,Organic Search
2024-04-01 00:00:00,Apr,Q2,Activewear,Lifestyle,North,Value Seekers,68,5105.998008770902,2868.288275508958,2237.7097332619437,0.04614287867943753,Email
2024-04-01 00:00:00,Apr,Q2,Activewear,Lifestyle,North,Value Seekers,71,4080.4637181530934,2321.7018281309965,1758.7618900220968,0.18791703187668807,Paid Social
2024-04-01 00:00:00,Apr,Q2,Activewear,Lifestyle,North,Value Seekers,74,4420.61323717472,2469.377110915418,1951.2361262593017,0.13144628372181902,Paid Search
2024-04-01 00:00:00,Apr,Q2,Activewear,Lifestyle,North,Mainstream,75,5264.400321405828,3129.244299691857,2135.1560217139713,0.023349195709307987,Organic Search
2024-04-01 00:00:00,Apr,Q2,Activewear,Lifestyle,North,Mainstream,56,3673.2326963249757,2123.2763497674932,1549.9563465574824,0.09910150381464844,Email
2024-04-01 00:00:00,Apr,Q2,Activewear,Lifestyle,North,Mainstream,50,3277.6642719329816,1819.1560860061948,1458.5081859267868,0.10711396732375386,Paid Social
2024-04-01 00:00:00,Apr,Q2,Activewear,Lifestyle,North,Mainstream,50,2993.24304141645,1788.8808640476532,1204.362177368797,0.10320698026854806,Paid Search
2024-04-01 00:00:00,Apr,Q2,Activewear,Lifestyle,North,Premium,48,3321.7763566171548,1822.4752586703114,1499.3010979468434,0.07364720391386599,Organic Search
2024-04-01 00:00:00,Apr,Q2,Activewear,Lifestyle,North,Premium,34,2294.459281579526,1301.3662476524926,993.0930339270333,0.06255332987607848,Email
2024-04-01 00:00:00,Apr,Q2,Activewear,Lifestyle,North,Premium,32,1876.2886086984606,1074.6147280636912,801.6738806347694,0.15786864124722363,Paid Social
2024-04-01 00:00:00,Apr,Q2,Activewear,Lifestyle,North,Premium,38,2403.869579912392,1408.63407769693,995.235502215462,0.1394232923088707,Paid Search
2024-04-01 00:00:00,Apr,Q2,Activewear,Lifestyle,South,Value Seekers,60,4108.37674521628,2298.0955661775297,1810.2811790387505,0.0622733440815435,Organic Search
2024-04-01 00:00:00,Apr,Q2,Activewear,Lifestyle,South,Value Seekers,50,3593.2696477025665,1907.096026045922,1686.1736216566446,0.06865167728849861,Email
2024-04-01 00:00:00,Apr,Q2,Activewear,Lifestyle,South,Value Seekers,47,2715.1168980977177,1535.6389197176736,1179.477978380044,0.18843452744072287,Paid Social
2024-04-01 00:00:00,Apr,Q2,Activewear,Lifestyle,South,Value Seekers,49,2909.302040872553,1601.3560684492238,1307.945972423329,0.1118184051861463,Paid Search
2024-04-01 00:00:00,Apr,Q2,Activewear,Lifestyle,South,Mainstream,41,2800.983761299445,1489.3235121722073,1311.6602491272379,0.09013389905904517,Organic Search
2024-04-01 00:00:00,Apr,Q2,Activewear,Lifestyle,South,Mainstream,44,3101.0933123171044,1713.5087718227508,1387.5845404943536,0.046690718920450326,Email
2024-04-01 00:00:00,Apr,Q2,Activewear,Lifestyle,South,Mainstream,36,2081.729000013997,1166.2242516573654,915.5047483566316,0.15994938136454764,Paid Social
2024-04-01 00:00:00,Apr,Q2,Activewear,Lifestyle,South,Mainstream,39,2497.444650817616,1416.5052993883394,1080.9393514292767,0.11767813746517368,Paid Search
2024-04-01 00:00:00,Apr,Q2,Activewear,Lifestyle,South,Premium,35,2240.9133616646127,1244.005852352401,996.9075093122117,0.05357476587023041,Organic Search
2024-04-01 00:00:00,Apr,Q2,Activewear,Lifestyle,South,Premium,31,2188.9674986031328,1249.3656303308362,939.6018682722965,0.06931539198990641,Email
2024-04-01 00:00:00,Apr,Q2,Activewear,Lifestyle,South,Premium,29,1681.6114052570804,930.067363406686,751.5440418503944,0.14590559115660584,Paid Social
2024-04-01 00:00:00,Apr,Q2,Activewear,Lifestyle,South,Premium,28,1813.2669535664486,984.8536168446248,828.4133367218238,0.11485582515807069,Paid Search
2024-04-01 00:00:00,Apr,Q2,Activewear,Lifestyle,East,Value Seekers,66,4522.638659739085,2597.8607899460517,1924.777869793033,0.08829745173085954,Organic Search
2024-04-01 00:00:00,Apr,Q2,Activewear,Lifestyle,East,Value Seekers,55,3440.4796870804666,2003.6749697616083,1436.8047173188584,0.14149612504343506,Email
2024-04-01 00:00:00,Apr,Q2,Activewear,Lifestyle,East,Value Seekers,47,2590.953865175919,1457.3737506462767,1133.5801145296423,0.1522759996350523,Paid Social
2024-04-01 00:00:00,Apr,Q2,Activewear,Lifestyle,East,Value Seekers,44,2807.218412931799,1615.7653432888021,1191.4530696429968,0.09284678240122432,Paid Search
2024-04-01 00:00:00,Apr,Q2,Activewear,Lifestyle,East,Mainstream,61,4513.41375586981,2582.360815081814,1931.0529407879962,0.013487477514537806,Organic Search
2024-04-01 00:00:00,Apr,Q2,Activewear,Lifestyle,East,Mainstream,51,3462.7736940095433,1851.4496272263807,1611.3240667831626,0.02709916879223278,Email
2024-04-01 00:00:00,Apr,Q2,Activewear,Lifestyle,East,Mainstream,35,2117.0518780316984,1189.4605580591474,927.591319972551,0.13449954930850816,Paid Social
2024-04-01 00:00:00,Apr,Q2,Activewear,Lifestyle,East,Mainstream,44,2555.4995675175383,1424.2092795341657,1131.2902879833725,0.112555096094401,Paid Search
2024-04-01 00:00:00,Apr,Q2,Activewear,Lifestyle,East,Premium,38,2681.428343285385,1565.024634451737,1116.403708833648,0.02551749424293412,Organic Search
2024-04-01 00:00:00,Apr,Q2,Activewear,Lifestyle,East,Premium,32,2332.202415689823,1290.704376267567,1041.4980394222557,0.0462812826183,Email
2024-04-01 00:00:00,Apr,Q2,Activewear,Lifestyle,East,Premium,24,1520.0326567931347,839.294824634742,680.7378321583927,0.11898767536233273,Paid Social
2024-04-01 00:00:00,Apr,Q2,Activewear,Lifestyle,East,Premium,32,2119.1719699518358,1112.9603414961332,1006.2116284557026,0.09896376214677478,Paid Search
2024-04-01 00:00:00,Apr,Q2,Activewear,Lifestyle,West,Value Seekers,78,5433.919054856786,3035.7229136475403,2398.1961412092455,0.07483621437479492,Organic Search
2024-04-01 00:00:00,Apr,Q2,Activewear,Lifestyle,West,Value Seekers,56,3637.3326133805554,2070.6992393641226,1566.6333740164328,0.08538621394535138,Email
2024-04-01 00:00:00,Apr,Q2,Activewear,Lifestyle,West,Value Seekers,44,2760.167725473331,1385.6641092628229,1374.503616210508,0.14680014945585967,Paid Social
2024-04-01 00:00:00,Apr,Q2,Activewear,Lifestyle,West,Value Seekers,46,2774.9342067695297,1577.7264043602338,1197.207802409296,0.14988997086907355,Paid Search
2024-04-01 00:00:00,Apr,Q2,Activewear,Lifestyle,West,Mainstream,52,3340.3689088553483,1911.8876009503845,1428.4813079049638,0.08415973529636096,Organic Search
2024-04-01 00:00:00,Apr,Q2,Activewear,Lifestyle,West,Mainstream,54,3495.993642441629,1827.4090536661447,1668.5845887754845,0.08852684451705715,Email
2024-04-01 00:00:00,Apr,Q2,Activewear,Lifestyle,West,Mainstream,41,2500.9505524924784,1412.787619990881,1088.1629325015974,0.11863766343154866,Paid Social
2024-04-01 00:00:00,Apr,Q2,Activewear,Lifestyle,West,Mainstream,40,2410.749594542247,1344.9862548324484,1065.7633397097986,0.11856823972944744,Paid Search
2024-04-01 00:00:00,Apr,Q2,Activewear,Lifestyle,West,Premium,36,2395.3055407575644,1320.5179189706257,1074.7876217869386,0.07713055659154079,Organic Search
2024-04-01 00:00:00,Apr,Q2,Activewear,Lifestyle,West,Premium,44,3108.4684132049224,1760.8673293643753,1347.601083840547,0.06383188939713899,Email
2024-04-01 00:00:00,Apr,Q2,Activewear,Lifestyle,West,Premium,27,1607.8706218815757,909.508100211473,698.3625216701028,0.12963423727964923,Paid Social
2024-04-01 00:00:00,Apr,Q2,Activewear,Lifestyle,West,Premium,26,1624.9989757561657,930.0900076573818,694.9089680987839,0.11102604037051465,Paid Search
2024-04-01 00:00:00,Apr,Q2,Premium Audio,Electronics,North,Value Seekers,41,5176.085758224995,2551.0115579141875,2625.074200310807,0.06292120287800311,Organic Search
2024-04-01 00:00:00,Apr,Q2,Premium Audio,Electronics,North,Value Seekers,49,6441.0944037732625,3271.05465739865,3170.0397463746126,0.09083608669932879,Email
2024-04-01 00:00:00,Apr,Q2,Premium Audio,Electronics,North,Value Seekers,32,3413.0068355826857,1680.9527275721055,1732.0541080105802,0.2043872712310012,Paid Social
2024-04-01 00:00:00,Apr,Q2,Premium Audio,Electronics,North,Value Seekers,30,3418.4010491833956,1684.6660254296548,1733.7350237537407,0.1416256157797195,Paid Search
2024-04-01 00:00:00,Apr,Q2,Premium Audio,Electronics,North,Mainstream,42,6220.546081307785,3313.146562450467,2907.399518857318,0.01824094884187285,Organic Search
2024-04-01 00:00:00,Apr,Q2,Premium Audio,Electronics,North,Mainstream,32,4361.157404959432,2181.224946416551,2179.932458542881,0.06055587781193808,Email
2024-04-01 00:00:00,Apr,Q2,Premium Audio,Electronics,North,Mainstream,34,4007.9505016123658,2043.7372765929751,1964.2132250193906,0.11213669212479847,Paid Social
2024-04-01 00:00:00,Apr,Q2,Premium Audio,Electronics,North,Mainstream,32,4236.593058391947,1990.4623425298744,2246.130715862073,0.063134474219845,Paid Search
2024-04-01 00:00:00,Apr,Q2,Premium Audio,Electronics,North,Premium,19,2666.594535569183,1256.7553354873698,1409.839200081813,0.05401624850882791,Organic Search
2024-04-01 00:00:00,Apr,Q2,Premium Audio,Electronics,North,Premium,30,3777.072653042192,1938.2232582288145,1838.8493948133776,0.11218870138091985,Email
2024-04-01 00:00:00,Apr,Q2,Premium Audio,Electronics,North,Premium,26,3133.5991036780965,1574.2816323683182,1559.3174713097783,0.11667234807032228,Paid Social
2024-04-01 00:00:00,Apr,Q2,Premium Audio,Electronics,North,Premium,8,977.7053945353022,467.75645450514673,509.9489400301554,0.10890982924481535,Paid Search
2024-04-01 00:00:00,Apr,Q2,Premium Audio,Electronics,South,Value Seekers,28,3789.7342189772426,1726.1773990042884,2063.556819972954,0.0670586267099459,Organic Search
2024-04-01 00:00:00,Apr,Q2,Premium Audio,Electronics,South,Value Seekers,22,3131.926376939255,1589.1473607820965,1542.7790161571586,0.053221839865662056,Email
2024-04-01 00:00:00,Apr,Q2,Premium Audio,Electronics,South,Value Seekers,31,3832.066242780914,1871.9811904190076,1960.0850523619063,0.17797921665888594,Paid Social
2024-04-01 00:00:00,Apr,Q2,Premium Audio,Electronics,South,Value Seekers,30,3827.1304216233348,1876.1123300980066,1951.0180915253281,0.15622204814759597,Paid Search
2024-04-01 00:00:00,Apr,Q2,Premium Audio,Electronics,South,Mainstream,34,4593.582710297047,2323.1209238111896,2270.4617864858574,0.04632151237964733,Organic Search
2024-04-01 00:00:00,Apr,Q2,Premium Audio,Electronics,South,Mainstream,33,4469.108312779323,2122.750991362333,2346.3573214169896,0.07196098115209176,Email
2024-04-01 00:00:00,Apr,Q2,Premium Audio,Electronics,South,Mainstream,25,2936.210196808095,1514.6608584778148,1421.5493383302803,0.162624051037355,Paid Social
2024-04-01 00:00:00,Apr,Q2,Premium Audio,Electronics,South,Mainstream,25,3163.276884936248,1593.8469108379766,1569.4299740982713,0.10240209186461138,Paid Search
2024-04-01 00:00:00,Apr,Q2,Premium Audio,Electronics,South,Premium,23,3000.1423413762436,1537.5573119033324,1462.5850294729112,0.09917292406270635,Organic Search
2024-04-01 00:00:00,Apr,Q2,Premium Audio,Electronics,South,Premium,21,3000.285703052109,1469.2995076609418,1530.9861953911673,0.0435875732343685,Email
2024-04-01 00:00:00,Apr,Q2,Premium Audio,Electronics,South,Premium,16,1912.8979839038473,941.5291032578849,971.3688806459623,0.12435209955788495,Paid Social
2024-04-01 00:00:00,Apr,Q2,Premium Audio,Electronics,South,Premium,14,1718.3333580746284,876.6713165785384,841.6620414960901,0.10952591386196912,Paid Search
2024-04-01 00:00:00,Apr,Q2,Premium Audio,Electronics,East,Value Seekers,32,4420.004350889177,2202.101376974664,2217.9029739145126,0.05858255962441885,Organic Search
2024-04-01 00:00:00,Apr,Q2,Premium Audio,Electronics,East,Value Seekers,37,5096.053607555544,2407.8783561036007,2688.175251451943,0.013883586518920951,Email
2024-04-01 00:00:00,Apr,Q2,Premium Audio,Electronics,East,Value Seekers,24,2638.245401420366,1239.651634017551,1398.5937674028148,0.16559817184866515,Paid Social
2024-04-01 00:00:00,Apr,Q2,Premium Audio,Electronics,East,Value Seekers,36,4233.126383063877,1936.3724675616133,2296.753915502264,0.17847993000437268,Paid Search
2024-04-01 00:00:00,Apr,Q2,Premium Audio,Electronics,East,Mainstream,32,4499.079132597253,2242.986219962472,2256.092912634781,0.03861332359375649,Organic Search
2024-04-01 00:00:00,Apr,Q2,Premium Audio,Electronics,East,Mainstream,32,4029.306533924256,1940.0078723518907,2089.2986615723657,0.0876897955493655,Email
2024-04-01 00:00:00,Apr,Q2,Premium Audio,Electronics,East,Mainstream,28,3324.6549734467667,1643.5512892650916,1681.1036841816751,0.19923218252028743,Paid Social
2024-04-01 00:00:00,Apr,Q2,Premium Audio,Electronics,East,Mainstream,40,4927.471839110432,2260.327501647836,2667.1443374625956,0.12753517674452794,Paid Search
2024-04-01 00:00:00,Apr,Q2,Premium Audio,Electronics,East,Premium,28,3974.3526055459315,2008.3541923754005,1965.998413170531,0.03500900012946991,Organic Search
2024-04-01 00:00:00,Apr,Q2,Premium Audio,Electronics,East,Premium,15,2012.5842696990899,939.5208376422455,1073.0634320568442,0.04725798901718812,Email
2024-04-01 00:00:00,Apr,Q2,Premium Audio,Electronics,East,Premium,22,2758.1530521299064,1326.5291937640045,1431.623858365902,0.1171130742727427,Paid Social
2024-04-01 00:00:00,Apr,Q2,Premium Audio,Electronics,East,Premium,21,2552.168204812323,1239.9477698978462,1312.2204349144768,0.14947164842592348,Paid Search
2024-04-01 00:00:00,Apr,Q2,Premium Audio,Electronics,West,Value Seekers,37,5209.6008918045645,2652.0628845213932,2557.5380072831713,0.05100817455618617,Organic Search
2024-04-01 00:00:00,Apr,Q2,Premium Audio,Electronics,West,Value Seekers,36,5114.3327255640215,2462.815943654639,2651.5167819093826,0.07611798757736678,Email
2024-04-01 00:00:00,Apr,Q2,Premium Audio,Electronics,West,Value Seekers,28,3311.2040113688677,1599.0404090441064,1712.1636023247613,0.1652213385633583,Paid Social
2024-04-01 00:00:00,Apr,Q2,Premium Audio,Electronics,West,Value Seekers,34,4434.128108859873,2221.3405020298596,2212.787606830013,0.09227006352556891,Paid Search
2024-04-01 00:00:00,Apr,Q2,Premium Audio,Electronics,West,Mainstream,34,4590.483330349249,2228.7644624144145,2361.718867934834,0.042183070758668104,Organic Search
2024-04-01 00:00:00,Apr,Q2,Premium Audio,Electronics,West,Mainstream,35,4751.825995396682,2399.658963990484,2352.1670314061976,0.07785323741126665,Email
2024-04-01 00:00:00,Apr,Q2,Premium Audio,Electronics,West,Mainstream,27,3366.367872139965,1652.1902119516512,1714.177660188314,0.10730558587130849,Paid Social
2024-04-01 00:00:00,Apr,Q2,Premium Audio,Electronics,West,Mainstream,28,3714.0723327302053,1911.185396011236,1802.8869367189693,0.07410578109557274,Paid Search
2024-04-01 00:00:00,Apr,Q2,Premium Audio,Electronics,West,Premium,26,3568.7122288960986,1699.0658086455649,1869.6464202505338,0.04725339692245161,Organic Search
2024-04-01 00:00:00,Apr,Q2,Premium Audio,Electronics,West,Premium,26,3129.3302347844497,1599.8381431322082,1529.4920916522415,0.11164008034216319,Email
2024-04-01 00:00:00,Apr,Q2,Premium Audio,Electronics,West,Premium,18,2233.7637155946777,1186.5713361969865,1047.1923793976912,0.1343264383465519,Paid Social
2024-04-01 00:00:00,Apr,Q2,Premium Audio,Electronics,West,Premium,15,1958.2629522028617,950.8113864113734,1007.4515657914883,0.07591908252741286,Paid Search
2024-04-01 00:00:00,Apr,Q2,Pro Camera,Electronics,North,Value Seekers,25,5460.815031306845,2335.6201690241996,3125.1948622826458,0.04164572136805524,Organic Search
2024-04-01 00:00:00,Apr,Q2,Pro Camera,Electronics,North,Value Seekers,18,3575.3106038427504,1544.4443706282743,2030.866233214476,0.10349411282070856,Email
2024-04-01 00:00:00,Apr,Q2,Pro Camera,Electronics,North,Value Seekers,17,2923.2720605938043,1320.9743401025687,1602.2977204912356,0.17153180210794577,Paid Social
2024-04-01 00:00:00,Apr,Q2,Pro Camera,Electronics,North,Value Seekers,21,3637.268133311924,1714.447288446281,1922.820844865643,0.14734873469857904,Paid Search
2024-04-01 00:00:00,Apr,Q2,Pro Camera,Electronics,North,Mainstream,23,4927.7604789024435,2108.828877559017,2818.9316013434263,0.05227920366666098,Organic Search
2024-04-01 00:00:00,Apr,Q2,Pro Camera,Electronics,North,Mainstream,18,3687.0574636858337,1679.157610776439,2007.8998529093947,0.10756835815763971,Email
2024-04-01 00:00:00,Apr,Q2,Pro Camera,Electronics,North,Mainstream,24,4727.332845549242,2084.716833147883,2642.616012401359,0.11341613750424205,Paid Social
2024-04-01 00:00:00,Apr,Q2,Pro Camera,Electronics,North,Mainstream,23,4374.475231613331,1906.1166714635317,2468.358560149799,0.09374863025442035,Paid Search
2024-04-01 00:00:00,Apr,Q2,Pro Camera,Electronics,North,Premium,15,3102.13472078056,1544.8734335086644,1557.2612872718958,0.020475687908390362,Organic Search
2024-04-01 00:00:00,Apr,Q2,Pro Camera,Electronics,North,Premium,9,1856.21374926389,874.6186671736264,981.5950820902635,0.04848586490465283,Email
2024-04-01 00:00:00,Apr,Q2,Pro Camera,Electronics,North,Premium,11,2195.8720926972755,1006.332739494717,1189.5393532025587,0.10908804283519129,Paid Social
2024-04-01 00:00:00,Apr,Q2,Pro Camera,Electronics,North,Premium,13,2489.9358602392394,1129.5376050087002,1360.3982552305392,0.1632580453714292,Paid Search
2024-04-01 00:00:00,Apr,Q2,Pro Camera,Electronics,South,Value Seekers,27,5545.936643866767,2517.4078362036194,3028.5288076631473,0.05603010452787607,Organic Search
2024-04-01 00:00:00,Apr,Q2,Pro Camera,Electronics,South,Value Seekers,20,4108.744731229258,1949.8223899243799,2158.922341304878,0.07431448163934068,Email
2024-04-01 00:00:00,Apr,Q2,Pro Camera,Electronics,South,Value Seekers,11,2017.6532078622192,889.6522813949524,1128.0009264672667,0.14493439238463607,Paid Social
2024-04-01 00:00:00,Apr,Q2,Pro Camera,Electronics,South,Value Seekers,19,3210.6810118270655,1466.532636120849,1744.1483757062165,0.1274934745853331,Paid Search
2024-04-01 00:00:00,Apr,Q2,Pro Camera,Electronics,South,Mainstream,28,5610.066004041101,2656.7113534397304,2953.354650601371,0.09314234482036927,Organic Search
2024-04-01 00:00:00,Apr,Q2,Pro Camera,Electronics,South,Mainstream,15,3082.774129336781,1375.0377399411213,1707.7363893956594,0.07249565787749421,Email
2024-04-01 00:00:00,Apr,Q2,Pro Camera,Electronics,South,Mainstream,12,2278.2280439489923,1056.8921860801559,1221.3358578688365,0.18362153516558735,Paid Social
2024-04-01 00:00:00,Apr,Q2,Pro Camera,Electronics,South,Mainstream,17,3454.1753111879007,1573.542216096639,1880.6330950912616,0.1083808194022068,Paid Search
2024-04-01 00:00:00,Apr,Q2,Pro Camera,Electronics,South,Premium,13,2499.6485657795215,1157.7790121169455,1341.869553662576,0.07463499278625124,Organic Search
2024-04-01 00:00:00,Apr,Q2,Pro Camera,Electronics,South,Premium,5,1046.5256901888938,473.80316667984545,572.7225235090484,0.08128065040340247,Email
2024-04-01 00:00:00,Apr,Q2,Pro Camera,Electronics,South,Premium,9,1633.8980133453435,754.1804026087214,879.7176107366222,0.17152123799998276,Paid Social
2024-04-01 00:00:00,Apr,Q2,Pro Camera,Electronics,South,Premium,7,1317.644054672575,555.8328994903568,761.8111551822183,0.1089931340787299,Paid Search
2024-04-01 00:00:00,Apr,Q2,Pro Camera,Electronics,East,Value Seekers,21,4220.25310936444,2001.7024116823445,2218.5506976820957,0.08524700117976047,Organic Search
2024-04-01 00:00:00,Apr,Q2,Pro Camera,Electronics,East,Value Seekers,23,4435.775351152327,1962.146666626391,2473.628684525936,0.12372837762783576,Email
2024-04-01 00:00:00,Apr,Q2,Pro Camera,Electronics,East,Value Seekers,22,4186.8895724713075,1810.995998359114,2375.893574112193,0.16855265099126046,Paid Social
2024-04-01 00:00:00,Apr,Q2,Pro Camera,Electronics,East,Value Seekers,20,3697.342772543111,1686.5625816238755,2010.7801909192356,0.11114591538051145,Paid Search
2024-04-01 00:00:00,Apr,Q2,Pro Camera,Electronics,East,Mainstream,12,2506.093677549068,1196.669735261723,1309.4239422873452,0.011682900726906649,Organic Search
2024-04-01 00:00:00,Apr,Q2,Pro Camera,Electronics,East,Mainstream,9,1821.0433858331564,781.2651344343307,1039.778251398826,0.09181968536174026,Email
2024-04-01 00:00:00,Apr,Q2,Pro Camera,Electronics,East,Mainstream,12,2140.804626095597,1030.1072289883293,1110.6973971072678,0.1310399106121778,Paid Social
2024-04-01 00:00:00,Apr,Q2,Pro Camera,Electronics,East,Mainstream,18,3376.6349738785416,1643.4331964146456,1733.201777463896,0.10540694666093496,Paid Search
2024-04-01 00:00:00,Apr,Q2,Pro Camera,Electronics,East,Premium,11,2417.3923832455835,1087.549195904152,1329.8431873414315,0.0,Organic Search
2024-04-01 00:00:00,Apr,Q2,Pro Camera,Electronics,East,Premium,9,1991.7192561735321,940.1122279968419,1051.6070281766902,0.03427738483720683,Email
2024-04-01 00:00:00,Apr,Q2,Pro Camera,Electronics,East,Premium,15,2635.601166692688,1163.0750788986732,1472.5260877940148,0.15656340083496534,Paid Social
2024-04-01 00:00:00,Apr,Q2,Pro Camera,Electronics,East,Premium,18,3364.764474612581,1558.0725609894116,1806.6919136231695,0.14044953861134654,Paid Search
2024-04-01 00:00:00,Apr,Q2,Pro Camera,Electronics,West,Value Seekers,25,5200.252128599766,2527.556517945742,2672.695610654024,0.051112527921651274,Organic Search
2024-04-01 00:00:00,Apr,Q2,Pro Camera,Electronics,West,Value Seekers,19,4007.634384810203,1861.8874637835347,2145.746921026668,0.07347914410474636,Email
2024-04-01 00:00:00,Apr,Q2,Pro Camera,Electronics,West,Value Seekers,9,1550.699078570683,721.8534918241216,828.8455867465614,0.17213399768882975,Paid Social
2024-04-01 00:00:00,Apr,Q2,Pro Camera,Electronics,West,Value Seekers,16,2974.656472692075,1365.7274416629823,1608.9290310290928,0.12171863577967607,Paid Search
2024-04-01 00:00:00,Apr,Q2,Pro Camera,Electronics,West,Mainstream,19,3999.8204393501574,1948.2770043823537,2051.5434349678035,0.02980873605633088,Organic Search
2024-04-01 00:00:00,Apr,Q2,Pro Camera,Electronics,West,Mainstream,22,4419.027357503307,2064.0903558744412,2354.937001628866,0.0429999347904467,Email
2024-04-01 00:00:00,Apr,Q2,Pro Camera,Electronics,West,Mainstream,14,2575.176324667587,1310.7503763271402,1264.4259483404467,0.11992222915116715,Paid Social
2024-04-01 00:00:00,Apr,Q2,Pro Camera,Electronics,West,Mainstream,26,4974.728930878609,2332.430924394009,2642.2980064846006,0.14111139680179163,Paid Search
2024-04-01 00:00:00,Apr,Q2,Pro Camera,Electronics,West,Premium,14,2758.45542279424,1316.8200849217235,1441.6353378725164,0.07682324036268368,Organic Search
2024-04-01 00:00:00,Apr,Q2,Pro Camera,Electronics,West,Premium,12,2316.17973455835,1050.365955326085,1265.813779232265,0.08760840524635198,Email
2024-04-01 00:00:00,Apr,Q2,Pro Camera,Electronics,West,Premium,10,1961.7354490897696,886.7699306908867,1074.965518398883,0.0882906071142242,Paid Social
2024-04-01 00:00:00,Apr,Q2,Pro Camera,Electronics,West,Premium,10,1763.470755121006,876.0934491947772,887.3773059262288,0.12019319732939211,Paid Search
2024-04-01 00:00:00,Apr,Q2,Luxury Set,Lifestyle,North,Value Seekers,15,2403.710642869403,1030.8529009180954,1372.8577419513074,0.09759300034306492,Organic Search
2024-04-01 00:00:00,Apr,Q2,Luxury Set,Lifestyle,North,Value Seekers,15,2553.3862947806824,999.7927096369195,1553.593585143763,0.10206975310150795,Email
2024-04-01 00:00:00,Apr,Q2,Luxury Set,Lifestyle,North,Value Seekers,12,1705.2256025521258,712.5928118931612,992.6327906589646,0.1943067829151998,Paid Social
2024-04-01 00:00:00,Apr,Q2,Luxury Set,Lifestyle,North,Value Seekers,18,2568.3691153694836,1082.022296239701,1486.3468191297825,0.1565710273255408,Paid Search
2024-04-01 00:00:00,Apr,Q2,Luxury Set,Lifestyle,North,Mainstream,14,2348.853629564573,974.5557868214261,1374.2978427431472,0.05835817636383759,Organic Search
2024-04-01 00:00:00,Apr,Q2,Luxury Set,Lifestyle,North,Mainstream,14,2331.7045490604273,965.874410702262,1365.8301383581652,0.05143783055576001,Email
2024-04-01 00:00:00,Apr,Q2,Luxury Set,Lifestyle,North,Mainstream,9,1440.6472067256668,645.2634742034959,795.3837325221709,0.13462215499573776,Paid Social
2024-04-01 00:00:00,Apr,Q2,Luxury Set,Lifestyle,North,Mainstream,18,2686.488854112839,1145.7077672212065,1540.7810868916324,0.14255678499858632,Paid Search
2024-04-01 00:00:00,Apr,Q2,Luxury Set,Lifestyle,North,Premium,7,1143.5253299736605,504.44388935902015,639.0814406146403,0.08732507761108009,Organic Search
2024-04-01 00:00:00,Apr,Q2,Luxury Set,Lifestyle,North,Premium,12,1999.8929205756956,809.2355837431255,1190.65733683257,0.10639001198143247,Email
2024-04-01 00:00:00,Apr,Q2,Luxury Set,Lifestyle,North,Premium,4,599.2877462236113,255.58546431501784,343.7022819085935,0.16535637142788145,Paid Social
2024-04-01 00:00:00,Apr,Q2,Luxury Set,Lifestyle,North,Premium,8,1205.814162673461,525.7327437230601,680.0814189504008,0.13365829265004378,Paid Search
2024-04-01 00:00:00,Apr,Q2,Luxury Set,Lifestyle,South,Value Seekers,16,2842.4029286855625,1206.9090957764063,1635.4938329091563,0.052148372050445535,Organic Search
2024-04-01 00:00:00,Apr,Q2,Luxury Set,Lifestyle,South,Value Seekers,17,2895.7824540834176,1245.8391459662046,1649.943308117213,0.05910742444876478,Email
2024-04-01 00:00:00,Apr,Q2,Luxury Set,Lifestyle,South,Value Seekers,11,1588.4471126368476,693.6870332790293,894.7600793578183,0.1278600221486807,Paid Social
2024-04-01 00:00:00,Apr,Q2,Luxury Set,Lifestyle,South,Value Seekers,13,1924.9732336747074,827.8006819605919,1097.1725517141156,0.1441623281778781,Paid Search
2024-04-01 00:00:00,Apr,Q2,Luxury Set,Lifestyle,South,Mainstream,10,1616.9301454159777,701.3922002814019,915.5379451345758,0.11775829110837233,Organic Search
2024-04-01 00:00:00,Apr,Q2,Luxury Set,Lifestyle,South,Mainstream,11,1770.9392816661343,780.6125249373567,990.3267567287776,0.08537909960696452,Email
2024-04-01 00:00:00,Apr,Q2,Luxury Set,Lifestyle,South,Mainstream,11,1704.1729390680648,733.4658058598177,970.7071332082471,0.15824548405669078,Paid Social
2024-04-01 00:00:00,Apr,Q2,Luxury Set,Lifestyle,South,Mainstream,8,1226.7113050261996,530.2580748316162,696.4532301945834,0.1279238001746029,Paid Search
2024-04-01 00:00:00,Apr,Q2,Luxury Set,Lifestyle,South,Premium,13,2155.3294390892943,915.5237114311922,1239.8057276581021,0.07228359754013117,Organic Search
2024-04-01 00:00:00,Apr,Q2,Luxury Set,Lifestyle,South,Premium,12,2059.3573901575714,893.6272630143901,1165.7301271431813,0.08110362927718144,Email
2024-04-01 00:00:00,Apr,Q2,Luxury Set,Lifestyle,South,Premium,6,930.3363585502987,402.4612576203324,527.8751009299663,0.10648778396583909,Paid Social
2024-04-01 00:00:00,Apr,Q2,Luxury Set,Lifestyle,South,Premium,4,682.2522713375125,283.26975229875796,398.98251903875456,0.07415735580926414,Paid Search
2024-04-01 00:00:00,Apr,Q2,Luxury Set,Lifestyle,East,Value Seekers,17,3097.8642590254344,1372.2923784046602,1725.5718806207742,0.020674625000379004,Organic Search
2024-04-01 00:00:00,Apr,Q2,Luxury Set,Lifestyle,East,Value Seekers,19,3198.0838061166496,1318.427354105955,1879.6564520106947,0.09798885253049694,Email
2024-04-01 00:00:00,Apr,Q2,Luxury Set,Lifestyle,East,Value Seekers,8,1182.3969890738574,514.6677543976668,667.7292346761906,0.1844093418244871,Paid Social
2024-04-01 00:00:00,Apr,Q2,Luxury Set,Lifestyle,East,Value Seekers,16,2365.4332131138676,1001.4950802793301,1363.9381328345376,0.12655062804797218,Paid Search
2024-04-01 00:00:00,Apr,Q2,Luxury Set,Lifestyle,East,Mainstream,15,2461.9013631023804,1014.308001641009,1447.5933614613714,0.07714957236113314,Organic Search
2024-04-01 00:00:00,Apr,Q2,Luxury Set,Lifestyle,East,Mainstream,21,3113.4843691629385,1310.7859088152854,1802.698460347653,0.12484006539025179,Email
2024-04-01 00:00:00,Apr,Q2,Luxury Set,Lifestyle,East,Mainstream,17,2721.251286525055,1164.3777842751663,1556.8735022498888,0.15616123421355654,Paid Social
2024-04-01 00:00:00,Apr,Q2,Luxury Set,Lifestyle,East,Mainstream,7,1105.243271956929,455.70861596446304,649.534655992466,0.09817541846623683,Paid Search
2024-04-01 00:00:00,Apr,Q2,Luxury Set,Lifestyle,East,Premium,3,548.0213702182597,227.64442316536042,320.37694705289925,0.018402979273147227,Organic Search
2024-04-01 00:00:00,Apr,Q2,Luxury Set,Lifestyle,East,Premium,9,1596.0408983226,720.0305282864167,876.0103700361833,0.04042961244239278,Email
2024-04-01 00:00:00,Apr,Q2,Luxury Set,Lifestyle,East,Premium,10,1554.1221752387896,704.2356688059408,849.8865064328488,0.10699807030656747,Paid Social
2024-04-01 00:00:00,Apr,Q2,Luxury Set,Lifestyle,East,Premium,10,1535.6646104437355,696.8595560641259,838.8050543796096,0.1185734677142211,Paid Search
2024-04-01 00:00:00,Apr,Q2,Luxury Set,Lifestyle,West,Value Seekers,14,2368.608802025839,1012.8749235885427,1355.7338784372962,0.0652990928528333,Organic Search
2024-04-01 00:00:00,Apr,Q2,Luxury Set,Lifestyle,West,Value Seekers,11,1711.2873297267176,719.9662815904451,991.3210481362726,0.10437769552474428,Email
2024-04-01 00:00:00,Apr,Q2,Luxury Set,Lifestyle,West,Value Seekers,14,2034.5371775161316,891.184708956798,1143.3524685593336,0.19137763541457709,Paid Social
2024-04-01 00:00:00,Apr,Q2,Luxury Set,Lifestyle,West,Value Seekers,12,1772.181700336397,754.3727107343738,1017.8089896020232,0.14749430589005338,Paid Search
2024-04-01 00:00:00,Apr,Q2,Luxury Set,Lifestyle,West,Mainstream,11,1916.2472653427026,834.3077230305188,1081.9395423121837,0.05751872542951989,Organic Search
2024-04-01 00:00:00,Apr,Q2,Luxury Set,Lifestyle,West,Mainstream,11,1837.8288559156674,732.4948007916079,1105.3340551240594,0.08856110596617392,Email
2024-04-01 00:00:00,Apr,Q2,Luxury Set,Lifestyle,West,Mainstream,7,1021.389016076923,414.6633355760019,606.725680500921,0.17828317005785582,Paid Social
2024-04-01 00:00:00,Apr,Q2,Luxury Set,Lifestyle,West,Mainstream,12,1865.9921832349348,718.5511703349858,1147.4410128999489,0.13486459511938892,Paid Search
2024-04-01 00:00:00,Apr,Q2,Luxury Set,Lifestyle,West,Premium,8,1308.597436461334,589.1010000006439,719.49643646069,0.06028914297910705,Organic Search
2024-04-01 00:00:00,Apr,Q2,Luxury Set,Lifestyle,West,Premium,10,1641.183438208541,715.285498168096,925.8979400404451,0.09013936757015434,Email
2024-04-01 00:00:00,Apr,Q2,Luxury Set,Lifestyle,West,Premium,8,1207.2977029013848,541.526737848593,665.7709650527918,0.1260209041235198,Paid Social
2024-04-01 00:00:00,Apr,Q2,Luxury Set,Lifestyle,West,Premium,11,1722.3209951468414,687.4080196558481,1034.9129754909932,0.11049907884276615,Paid Search
2024-05-01 00:00:00,May,Q2,Eco Basics,Essentials,North,Value Seekers,117,2789.573649708843,1741.4947980145118,1048.078851694331,0.06817855777897364,Organic Search
2024-05-01 00:00:00,May,Q2,Eco Basics,Essentials,North,Value Seekers,96,2169.450463854113,1367.7305186724363,801.7199451816766,0.06898070275253439,Email
2024-05-01 00:00:00,May,Q2,Eco Basics,Essentials,North,Value Seekers,103,1987.0162800760136,1206.6476035783235,780.3686764976901,0.20097401318999583,Paid Social
2024-05-01 00:00:00,May,Q2,Eco Basics,Essentials,North,Value Seekers,80,1523.7403437908379,921.8137809720849,601.9265628187529,0.1952463916437116,Paid Search
2024-05-01 00:00:00,May,Q2,Eco Basics,Essentials,North,Mainstream,112,2510.7659308049824,1548.8846000301141,961.8813307748683,0.04917436840701099,Organic Search
2024-05-01 00:00:00,May,Q2,Eco Basics,Essentials,North,Mainstream,104,2284.7864346374718,1478.1750549661713,806.6113796713005,0.08786829318794251,Email
2024-05-01 00:00:00,May,Q2,Eco Basics,Essentials,North,Mainstream,104,2142.259148397409,1323.8216240263125,818.4375243710963,0.13279843004121805,Paid Social
2024-05-01 00:00:00,May,Q2,Eco Basics,Essentials,North,Mainstream,104,2089.942495463241,1267.9175760471571,822.0249194160838,0.11860369543367973,Paid Search
2024-05-01 00:00:00,May,Q2,Eco Basics,Essentials,North,Premium,88,1959.2471395933833,1130.6187370960497,828.6284024973336,0.10302483914612774,Organic Search
2024-05-01 00:00:00,May,Q2,Eco Basics,Essentials,North,Premium,82,1740.2138460717795,1049.1532926202729,691.0605534515066,0.05586853151973992,Email
2024-05-01 00:00:00,May,Q2,Eco Basics,Essentials,North,Premium,62,1291.8090781716328,763.1333933500374,528.6756848215954,0.11145145452096722,Paid Social
2024-05-01 00:00:00,May,Q2,Eco Basics,Essentials,North,Premium,56,1133.7290986660744,733.562581239284,400.1665174267904,0.122072796329301,Paid Search
2024-05-01 00:00:00,May,Q2,Eco Basics,Essentials,South,Value Seekers,102,2456.2176236464147,1454.1922595084313,1002.0253641379834,0.06183465548346969,Organic Search
2024-05-01 00:00:00,May,Q2,Eco Basics,Essentials,South,Value Seekers,94,2117.0213226485316,1305.5704064734261,811.4509161751055,0.054911034260908445,Email
2024-05-01 00:00:00,May,Q2,Eco Basics,Essentials,South,Value Seekers,86,1687.8226056029002,1027.3337837139982,660.4888218889021,0.18382940635823386,Paid Social
2024-05-01 00:00:00,May,Q2,Eco Basics,Essentials,South,Value Seekers,86,1699.4301811981302,1017.6298437353344,681.8003374627958,0.12233233079067485,Paid Search
2024-05-01 00:00:00,May,Q2,Eco Basics,Essentials,South,Mainstream,77,1809.521528145823,1124.478044045794,685.043484100029,0.03655053677945112,Organic Search
2024-05-01 00:00:00,May,Q2,Eco Basics,Essentials,South,Mainstream,68,1535.152655758013,955.956207273344,579.196448484669,0.06279609923722207,Email
2024-05-01 00:00:00,May,Q2,Eco Basics,Essentials,South,Mainstream,77,1594.2755578401539,1021.8659230504502,572.4096347897037,0.11796415736932513,Paid Social
2024-05-01 00:00:00,May,Q2,Eco Basics,Essentials,South,Mainstream,100,2007.4573127881074,1231.5249109927745,775.9324017953329,0.14314191894284672,Paid Search
2024-05-01 00:00:00,May,Q2,Eco Basics,Essentials,South,Premium,64,1441.6877861615324,840.0680226474358,601.6197635140966,0.034540874498896756,Organic Search
2024-05-01 00:00:00,May,Q2,Eco Basics,Essentials,South,Premium,64,1440.4424518241985,927.6681668224948,512.7742850017038,0.07385079604208969,Email
2024-05-01 00:00:00,May,Q2,Eco Basics,Essentials,South,Premium,56,1175.4136305728061,697.8928499858649,477.5207805869412,0.12677709052238365,Paid Social
2024-05-01 00:00:00,May,Q2,Eco Basics,Essentials,South,Premium,51,1059.2545848501616,646.804752730923,412.4498321192385,0.1258783824841547,Paid Search
2024-05-01 00:00:00,May,Q2,Eco Basics,Essentials,East,Value Seekers,118,2595.8302434540064,1611.3723355272575,984.4579079267489,0.06741343025382691,Organic Search
2024-05-01 00:00:00,May,Q2,Eco Basics,Essentials,East,Value Seekers,116,2444.80052333257,1566.9370172893625,877.8635060432073,0.15591672854863972,Email
2024-05-01 00:00:00,May,Q2,Eco Basics,Essentials,East,Value Seekers,104,2137.9577637395364,1307.039753158818,830.9180105807184,0.10009794279173959,Paid Social
2024-05-01 00:00:00,May,Q2,Eco Basics,Essentials,East,Value Seekers,94,1992.0806796379752,1264.4488830656578,727.6317965723174,0.09312769839881166,Paid Search
2024-05-01 00:00:00,May,Q2,Eco Basics,Essentials,East,Mainstream,104,2266.9048036566915,1333.7932045739362,933.1115990827552,0.025915091470035775,Organic Search
2024-05-01 00:00:00,May,Q2,Eco Basics,Essentials,East,Mainstream,109,2437.602474417132,1504.3042741268248,933.298200290307,0.03827543556863754,Email
2024-05-01 00:00:00,May,Q2,Eco Basics,Essentials,East,Mainstream,87,1763.260138956562,1129.4113364161383,633.8488025404238,0.1341931624300132,Paid Social
2024-05-01 00:00:00,May,Q2,Eco Basics,Essentials,East,Mainstream,99,2171.7828235788243,1309.505046457615,862.2777771212093,0.09049420664499075,Paid Search
2024-05-01 00:00:00,May,Q2,Eco Basics,Essentials,East,Premium,81,1898.1544116565556,1186.4631608748064,711.6912507817492,0.04317483129943539,Organic Search
2024-05-01 00:00:00,May,Q2,Eco Basics,Essentials,East,Premium,62,1273.8336300243213,803.6284336870394,470.2051963372819,0.11581403100890032,Email
2024-05-01 00:00:00,May,Q2,Eco Basics,Essentials,East,Premium,58,1158.0284580889443,687.8260944982018,470.2023635907425,0.12424878921629148,Paid Social
2024-05-01 00:00:00,May,Q2,Eco Basics,Essentials,East,Premium,59,1258.023269826183,817.6692739555032,440.3539958706798,0.10837310134497484,Paid Search
2024-05-01 00:00:00,May,Q2,Eco Basics,Essentials,West,Value Seekers,90,1945.780678491417,1188.7170942675348,757.0635842238821,0.08168130537956975,Organic Search
2024-05-01 00:00:00,May,Q2,Eco Basics,Essentials,West,Value Seekers,93,2129.415768279276,1280.5298903431353,848.8858779361408,0.05200268000952539,Email
2024-05-01 00:00:00,May,Q2,Eco Basics,Essentials,West,Value Seekers,78,1586.9377522950408,1006.4893509230172,580.4484013720236,0.1564572819574544,Paid Social
2024-05-01 00:00:00,May,Q2,Eco Basics,Essentials,West,Value Seekers,93,1987.1638658934576,1257.890916232504,729.2729496609536,0.13944924818707646,Paid Search
2024-05-01 00:00:00,May,Q2,Eco Basics,Essentials,West,Mainstream,81,1875.917799401404,1144.7196186069002,731.1981807945037,0.03116990546022573,Organic Search
2024-05-01 00:00:00,May,Q2,Eco Basics,Essentials,West,Mainstream,73,1548.0691602172833,991.0450614883633,557.02409872892,0.10159639847740973,Email
2024-05-01 00:00:00,May,Q2,Eco Basics,Essentials,West,Mainstream,82,1599.5836912362684,898.4105808680462,701.1731103682222,0.15892580162634945,Paid Social
2024-05-01 00:00:00,May,Q2,Eco Basics,Essentials,West,Mainstream,73,1519.6048950456293,959.4479770278392,560.1569180177901,0.12742900059520554,Paid Search
2024-05-01 00:00:00,May,Q2,Eco Basics,Essentials,West,Premium,72,1592.3208096280518,985.2085922029377,607.1122174251142,0.06510129112304058,Organic Search
2024-05-01 00:00:00,May,Q2,Eco Basics,Essentials,West,Premium,70,1593.6849159480187,1047.6760041757232,546.0089117722955,0.07227812168133443,Email
2024-05-01 00:00:00,May,Q2,Eco Basics,Essentials,West,Premium,54,1260.1847211560655,769.0569950075773,491.12772614848825,0.044083611288515775,Paid Social
2024-05-01 00:00:00,May,Q2,Eco Basics,Essentials,West,Premium,47,1011.0729663816111,598.484578693109,412.58838768850205,0.09996290195422483,Paid Search
2024-05-01 00:00:00,May,Q2,Daily Care,Essentials,North,Value Seekers,114,3410.730033680742,1998.1193912736708,1412.6106424070713,0.08557360076033271,Organic Search
2024-05-01 00:00:00,May,Q2,Daily Care,Essentials,North,Value Seekers,121,3554.057113650537,2147.7796544996345,1406.2774591509024,0.06554335876834401,Email
2024-05-01 00:00:00,May,Q2,Daily Care,Essentials,North,Value Seekers,91,2288.62256983387,1305.109064020111,983.5135058137589,0.15448178107604082,Paid Social
2024-05-01 00:00:00,May,Q2,Daily Care,Essentials,North,Value Seekers,105,2826.433516210842,1671.4540254992742,1154.9794907115677,0.1641739161336204,Paid Search
2024-05-01 00:00:00,May,Q2,Daily Care,Essentials,North,Mainstream,84,2780.2492202596136,1655.81001049158,1124.4392097680336,0.039184062091661795,Organic Search
2024-05-01 00:00:00,May,Q2,Daily Care,Essentials,North,Mainstream,84,2275.080760471399,1341.3382108136068,933.7425496577923,0.08837830282635228,Email
2024-05-01 00:00:00,May,Q2,Daily Care,Essentials,North,Mainstream,88,2219.0692530427214,1395.9847450996567,823.0845079430646,0.16285192910560087,Paid Social
2024-05-01 00:00:00,May,Q2,Daily Care,Essentials,North,Mainstream,95,2613.6837036582683,1504.7162794568962,1108.967424201372,0.09587766749534038,Paid Search
2024-05-01 00:00:00,May,Q2,Daily Care,Essentials,North,Premium,67,1982.641561008393,1122.4820535144663,860.1595074939266,0.03976648561953439,Organic Search
2024-05-01 00:00:00,May,Q2,Daily Care,Essentials,North,Premium,69,2192.8700966619053,1324.7648116982516,868.1052849636537,0.044369522856564175,Email
2024-05-01 00:00:00,May,Q2,Daily Care,Essentials,North,Premium,64,1847.9755286825275,1102.492178354776,745.4833503277516,0.12703405006288562,Paid Social
2024-05-01 00:00:00,May,Q2,Daily Care,Essentials,North,Premium,58,1643.090290487926,954.2756115059535,688.8146789819725,0.11784155354383183,Paid Search
2024-05-01 00:00:00,May,Q2,Daily Care,Essentials,South,Value Seekers,97,3112.4261547010265,1837.643038707512,1274.7831159935145,0.03308356941204867,Organic Search
2024-05-01 00:00:00,May,Q2,Daily Care,Essentials,South,Value Seekers,84,2685.03642034076,1648.792126110712,1036.244294230048,0.08028579448771994,Email
2024-05-01 00:00:00,May,Q2,Daily Care,Essentials,South,Value Seekers,69,1928.5927460978232,1146.1622219064197,782.4305241914035,0.1383928684514866,Paid Social
2024-05-01 00:00:00,May,Q2,Daily Care,Essentials,South,Value Seekers,76,1888.9516498295256,1165.481154343207,723.4704954863187,0.17436212453568897,Paid Search
2024-05-01 00:00:00,May,Q2,Daily Care,Essentials,South,Mainstream,67,1932.6028224549896,1156.487465104737,776.1153573502525,0.03416026211265469,Organic Search
2024-05-01 00:00:00,May,Q2,Daily Care,Essentials,South,Mainstream,75,2164.1949941140515,1338.5429781943415,825.65201591971,0.12526724315039411,Email
2024-05-01 00:00:00,May,Q2,Daily Care,Essentials,South,Mainstream,67,1872.858026036687,1172.7258700420507,700.1321559946364,0.13531931696232802,Paid Social
2024-05-01 00:00:00,May,Q2,Daily Care,Essentials,South,Mainstream,71,2033.461635902908,1249.2889570711393,784.1726788317687,0.10800088393219477,Paid Search
2024-05-01 00:00:00,May,Q2,Daily Care,Essentials,South,Premium,71,2389.115313901854,1405.8964832130534,983.2188306888004,0.014395809995310024,Organic Search
2024-05-01 00:00:00,May,Q2,Daily Care,Essentials,South,Premium,50,1511.299470630194,883.6302749769527,627.6691956532413,0.06337337507778552,Email
2024-05-01 00:00:00,May,Q2,Daily Care,Essentials,South,Premium,50,1388.6082859988742,812.5368410061205,576.0714449927536,0.1353068244105029,Paid Social
2024-05-01 00:00:00,May,Q2,Daily Care,Essentials,South,Premium,45,1332.0837829230356,838.6076379584824,493.4761449645532,0.10767704312626869,Paid Search
2024-05-01 00:00:00,May,Q2,Daily Care,Essentials,East,Value Seekers,109,3230.044135122203,1941.312055068988,1288.732080053215,0.06599813783479239,Organic Search
2024-05-01 00:00:00,May,Q2,Daily Care,Essentials,East,Value Seekers,104,3054.841990716091,1872.0825402386683,1182.7594504774227,0.08687696011691087,Email
2024-05-01 00:00:00,May,Q2,Daily Care,Essentials,East,Value Seekers,88,2260.5457203145766,1362.3812898797742,898.1644304348024,0.13574321685229404,Paid Social
2024-05-01 00:00:00,May,Q2,Daily Care,Essentials,East,Value Seekers,87,2182.6105848499783,1322.6244364199656,859.9861484300127,0.1357185923793766,Paid Search
2024-05-01 00:00:00,May,Q2,Daily Care,Essentials,East,Mainstream,100,3127.8187503793347,1791.8333249506509,1335.9854254286838,0.06459707555710004,Organic Search
2024-05-01 00:00:00,May,Q2,Daily Care,Essentials,East,Mainstream,94,3057.2807298303405,1886.9618339157619,1170.3188959145787,0.05608205255357093,Email
2024-05-01 00:00:00,May,Q2,Daily Care,Essentials,East,Mainstream,62,1655.7965740766247,1013.0067491976066,642.789824879018,0.12589275368202454,Paid Social
2024-05-01 00:00:00,May,Q2,Daily Care,Essentials,East,Mainstream,76,2135.0431623802774,1294.540554944337,840.5026074359405,0.12642493613964575,Paid Search
2024-05-01 00:00:00,May,Q2,Daily Care,Essentials,East,Premium,67,1965.7301397255046,1165.779384164182,799.9507555613227,0.0906607683652215,Organic Search
2024-05-01 00:00:00,May,Q2,Daily Care,Essentials,East,Premium,54,1635.979854327616,975.5264150436888,660.4534392839273,0.04710612397166099,Email
2024-05-01 00:00:00,May,Q2,Daily Care,Essentials,East,Premium,48,1267.777611474768,762.9893763553632,504.7882351194048,0.16024143825370604,Paid Social
2024-05-01 00:00:00,May,Q2,Daily Care,Essentials,East,Premium,62,1694.7468836861804,972.3646918646045,722.3821918215758,0.12765868834830058,Paid Search
2024-05-01 00:00:00,May,Q2,Daily Care,Essentials,West,Value Seekers,98,2832.7076153997104,1719.8117353573784,1112.895880042332,0.055268656730123315,Organic Search
2024-05-01 00:00:00,May,Q2,Daily Care,Essentials,West,Value Seekers,87,2467.1052675331284,1520.043584755507,947.0616827776214,0.08707069987564062,Email
2024-05-01 00:00:00,May,Q2,Daily Care,Essentials,West,Value Seekers,83,2128.6651221150996,1286.159841977429,842.5052801376705,0.1769089261918727,Paid Social
2024-05-01 00:00:00,May,Q2,Daily Care,Essentials,West,Value Seekers,80,2172.0261558199645,1210.7581944521569,961.2679613678076,0.16912477206409807,Paid Search
2024-05-01 00:00:00,May,Q2,Daily Care,Essentials,West,Mainstream,85,2622.880661560781,1566.8127732026521,1056.0678883581288,0.0343226793806926,Organic Search
2024-05-01 00:00:00,May,Q2,Daily Care,Essentials,West,Mainstream,81,2297.880833545054,1390.9360785200693,906.9447550249847,0.09516027600066387,Email
2024-05-01 00:00:00,May,Q2,Daily Care,Essentials,West,Mainstream,86,2302.587439212804,1393.4589250114336,909.1285142013703,0.12625187918839137,Paid Social
2024-05-01 00:00:00,May,Q2,Daily Care,Essentials,West,Mainstream,66,1801.3781112524614,1079.7729343247538,721.6051769277076,0.1435928876439011,Paid Search
2024-05-01 00:00:00,May,Q2,Daily Care,Essentials,West,Premium,52,1623.9536688636772,951.9708209519412,671.982847911736,0.005514026864414226,Organic Search
2024-05-01 00:00:00,May,Q2,Daily Care,Essentials,West,Premium,61,1800.857721260166,1085.3923296895546,715.4653915706115,0.06803028999799252,Email
2024-05-01 00:00:00,May,Q2,Daily Care,Essentials,West,Premium,66,1774.8252915681223,1064.1243257418998,710.7009658262225,0.14394086396102362,Paid Social
2024-05-01 00:00:00,May,Q2,Daily Care,Essentials,West,Premium,56,1502.688638443295,866.1378832769291,636.550755166366,0.13276501726025783,Paid Search
2024-05-01 00:00:00,May,Q2,Home Comfort,Home,North,Value Seekers,68,3880.907583931259,2157.170278122978,1723.7373058082812,0.08663336336272189,Organic Search
2024-05-01 00:00:00,May,Q2,Home Comfort,Home,North,Value Seekers,76,3851.438406840436,2152.0026750465313,1699.4357317939048,0.09830930833059963,Email
2024-05-01 00:00:00,May,Q2,Home Comfort,Home,North,Value Seekers,73,3366.4415330627326,1866.4909185094039,1499.9506145533287,0.18518260893683158,Paid Social
2024-05-01 00:00:00,May,Q2,Home Comfort,Home,North,Value Seekers,68,3204.8405392385594,1763.0278274713917,1441.8127117671677,0.17973807590259655,Paid Search
2024-05-01 00:00:00,May,Q2,Home Comfort,Home,North,Mainstream,70,3981.912859785548,2183.04605822118,1798.866801564368,0.06509283101360491,Organic Search
2024-05-01 00:00:00,May,Q2,Home Comfort,Home,North,Mainstream,74,3958.9066484711507,2214.212266208758,1744.6943822623925,0.05585157172768987,Email
2024-05-01 00:00:00,May,Q2,Home Comfort,Home,North,Mainstream,52,2380.982191797394,1452.0608922043525,928.9212995930416,0.14381314707244042,Paid Social
2024-05-01 00:00:00,May,Q2,Home Comfort,Home,North,Mainstream,62,3417.953330343036,1866.7246994111908,1551.2286309318454,0.08630726924226491,Paid Search
2024-05-01 00:00:00,May,Q2,Home Comfort,Home,North,Premium,51,2683.4765897395464,1557.169250895532,1126.3073388440143,0.060427383110581157,Organic Search
2024-05-01 00:00:00,May,Q2,Home Comfort,Home,North,Premium,42,2300.393291552359,1288.2319394252336,1012.1613521271256,0.05191283443950501,Email
2024-05-01 00:00:00,May,Q2,Home Comfort,Home,North,Premium,46,2295.4867110327336,1234.8851914412417,1060.601519591492,0.15338646868524086,Paid Social
2024-05-01 00:00:00,May,Q2,Home Comfort,Home,North,Premium,43,2212.8054958539456,1250.8172878727707,961.9882079811748,0.1466042675585261,Paid Search
2024-05-01 00:00:00,May,Q2,Home Comfort,Home,South,Value Seekers,64,3256.467122978083,1820.9965641947742,1435.4705587833087,0.0962050991918819,Organic Search
2024-05-01 00:00:00,May,Q2,Home Comfort,Home,South,Value Seekers,79,4135.772165787987,2393.0953133381067,1742.6768524498807,0.10483848580732978,Email
2024-05-01 00:00:00,May,Q2,Home Comfort,Home,South,Value Seekers,60,3060.8584661847917,1709.743673261901,1351.1147929228907,0.13681567485760165,Paid Social
2024-05-01 00:00:00,May,Q2,Home Comfort,Home,South,Value Seekers,65,3004.4451195024735,1657.588672853437,1346.8564466490366,0.16822118718873472,Paid Search
2024-05-01 00:00:00,May,Q2,Home Comfort,Home,South,Mainstream,56,3134.978547835832,1843.9530867681865,1291.0254610676457,0.04190227866960196,Organic Search
2024-05-01 00:00:00,May,Q2,Home Comfort,Home,South,Mainstream,49,2719.672505080338,1617.9263775611369,1101.746127519201,0.058856063505078784,Email
2024-05-01 00:00:00,May,Q2,Home Comfort,Home,South,Mainstream,52,2629.4444905172118,1514.5007754390665,1114.9437150781453,0.15596358293169,Paid Social
2024-05-01 00:00:00,May,Q2,Home Comfort,Home,South,Mainstream,44,2097.977672017672,1195.5013947999014,902.4762772177705,0.1361532419006043,Paid Search
2024-05-01 00:00:00,May,Q2,Home Comfort,Home,South,Premium,55,3229.6418639813755,1845.6207930440669,1384.0210709373087,0.05151963431253257,Organic Search
2024-05-01 00:00:00,May,Q2,Home Comfort,Home,South,Premium,31,1543.8357462182296,859.3577899538268,684.4779562644028,0.09947108610064109,Email
2024-05-01 00:00:00,May,Q2,Home Comfort,Home,South,Premium,35,1848.8918591128472,1050.7432439070892,798.148615205758,0.13118865670905647,Paid Social
2024-05-01 00:00:00,May,Q2,Home Comfort,Home,South,Premium,42,2086.676134023151,1197.2363903376354,889.4397436855156,0.1490750242426326,Paid Search
2024-05-01 00:00:00,May,Q2,Home Comfort,Home,East,Value Seekers,92,5279.938884182321,3126.506733312736,2153.4321508695853,0.011137926932584946,Organic Search
2024-05-01 00:00:00,May,Q2,Home Comfort,Home,East,Value Seekers,63,3194.323175721782,1844.4163760259626,1349.9067996958192,0.10318702082569327,Email
2024-05-01 00:00:00,May,Q2,Home Comfort,Home,East,Value Seekers,71,3435.2941998691176,1959.1302000154058,1476.1639998537119,0.15637833112134764,Paid Social
2024-05-01 00:00:00,May,Q2,Home Comfort,Home,East,Value Seekers,65,3271.636559364432,1828.428845616938,1443.207713747494,0.11532643158746106,Paid Search
2024-05-01 00:00:00,May,Q2,Home Comfort,Home,East,Mainstream,69,3903.1252274007734,2355.742446813131,1547.3827805876422,0.043351998145111204,Organic Search
2024-05-01 00:00:00,May,Q2,Home Comfort,Home,East,Mainstream,58,3477.08539285352,1879.5202392982294,1597.5651535552904,0.016464227992007384,Email
2024-05-01 00:00:00,May,Q2,Home Comfort,Home,East,Mainstream,56,2712.1164946003496,1524.6088709421224,1187.5076236582272,0.13759998345665356,Paid Social
2024-05-01 00:00:00,May,Q2,Home Comfort,Home,East,Mainstream,60,2857.9802901386593,1589.841842641479,1268.1384474971803,0.14620291898172888,Paid Search
2024-05-01 00:00:00,May,Q2,Home Comfort,Home,East,Premium,46,2592.9995850819205,1411.6696867642847,1181.3298983176358,0.0653316386165286,Organic Search
2024-05-01 00:00:00,May,Q2,Home Comfort,Home,East,Premium,41,2073.509071116078,1203.6119266708015,869.8971444452764,0.1138072977280508,Email
2024-05-01 00:00:00,May,Q2,Home Comfort,Home,East,Premium,46,2161.293157985323,1173.689853709607,987.603304275716,0.1397000663843069,Paid Social
2024-05-01 00:00:00,May,Q2,Home Comfort,Home,East,Premium,43,2037.7394659520596,1186.923479732231,850.8159862198286,0.1381627905584015,Paid Search
2024-05-01 00:00:00,May,Q2,Home Comfort,Home,West,Value Seekers,81,4280.52129432929,2413.7365485855325,1866.7847457437574,0.09554906941695354,Organic Search
2024-05-01 00:00:00,May,Q2,Home Comfort,Home,West,Value Seekers,57,2792.917864052021,1577.4579060413948,1215.459958010626,0.11402330446520655,Email
2024-05-01 00:00:00,May,Q2,Home Comfort,Home,West,Value Seekers,72,3396.9405619878703,1868.242934934214,1528.6976270536563,0.19788534538370522,Paid Social
2024-05-01 00:00:00,May,Q2,Home Comfort,Home,West,Value Seekers,58,2968.4541972370457,1659.1008670957992,1309.3533301412465,0.11080606460250196,Paid Search
2024-05-01 00:00:00,May,Q2,Home Comfort,Home,West,Mainstream,56,2874.6337518358946,1697.702660161507,1176.9310916743875,0.09042612311304207,Organic Search
2024-05-01 00:00:00,May,Q2,Home Comfort,Home,West,Mainstream,54,2674.8220481640597,1514.029023931695,1160.7930242323646,0.07462146635150912,Email
2024-05-01 00:00:00,May,Q2,Home Comfort,Home,West,Mainstream,64,2968.475023008558,1633.8590975740433,1334.6159254345146,0.14617265158541531,Paid Social
2024-05-01 00:00:00,May,Q2,Home Comfort,Home,West,Mainstream,53,2666.2948905158196,1463.4342351268267,1202.8606553889929,0.13403681574565332,Paid Search
2024-05-01 00:00:00,May,Q2,Home Comfort,Home,West,Premium,48,2651.7162540725535,1621.5431535959633,1030.1731004765902,0.05170805324849544,Organic Search
2024-05-01 00:00:00,May,Q2,Home Comfort,Home,West,Premium,43,2379.305091683337,1393.019732605869,986.2853590774682,0.035016445853780734,Email
2024-05-01 00:00:00,May,Q2,Home Comfort,Home,West,Premium,32,1581.850444547215,933.5715239601749,648.27892058704,0.14962416040119086,Paid Social
2024-05-01 00:00:00,May,Q2,Home Comfort,Home,West,Premium,45,2113.8892830280156,1239.241472131793,874.6478108962226,0.15924071467348733,Paid Search
2024-05-01 00:00:00,May,Q2,Smart Kitchen,Home,North,Value Seekers,70,5223.998334013359,2715.255707444714,2508.7426265686454,0.08058769685055095,Organic Search
2024-05-01 00:00:00,May,Q2,Smart Kitchen,Home,North,Value Seekers,53,4262.264754827499,2326.7237429011216,1935.5410119263775,0.09256353599543807,Email
2024-05-01 00:00:00,May,Q2,Smart Kitchen,Home,North,Value Seekers,51,3391.708401330806,1862.6911050994893,1529.0172962313165,0.21093026599295894,Paid Social
2024-05-01 00:00:00,May,Q2,Smart Kitchen,Home,North,Value Seekers,47,3365.2648964031778,1872.1066777038654,1493.1582186993123,0.1450434663699011,Paid Search
2024-05-01 00:00:00,May,Q2,Smart Kitchen,Home,North,Mainstream,49,3848.383974399515,2188.408362093192,1659.975612306323,0.04740468788992583,Organic Search
2024-05-01 00:00:00,May,Q2,Smart Kitchen,Home,North,Mainstream,48,4137.77437811709,2283.822892825498,1853.9514852915922,0.05530655076700255,Email
2024-05-01 00:00:00,May,Q2,Smart Kitchen,Home,North,Mainstream,54,3619.5934412136908,1947.293319456741,1672.3001217569497,0.1753710165706389,Paid Social
2024-05-01 00:00:00,May,Q2,Smart Kitchen,Home,North,Mainstream,42,3260.649888568768,1794.005782003487,1466.644106565281,0.10868274628726166,Paid Search
2024-05-01 00:00:00,May,Q2,Smart Kitchen,Home,North,Premium,28,2321.7307195003314,1265.332296235042,1056.3984232652895,0.04226225285181927,Organic Search
2024-05-01 00:00:00,May,Q2,Smart Kitchen,Home,North,Premium,15,1183.6153083911922,631.1112324554313,552.504075935761,0.07800469637304683,Email
2024-05-01 00:00:00,May,Q2,Smart Kitchen,Home,North,Premium,29,2049.2390992522032,1089.945318871332,959.2937803808713,0.15032868689881557,Paid Social
2024-05-01 00:00:00,May,Q2,Smart Kitchen,Home,North,Premium,26,1819.8454466352437,961.8540459030822,857.9914007321614,0.1167299851568261,Paid Search
2024-05-01 00:00:00,May,Q2,Smart Kitchen,Home,South,Value Seekers,36,2621.421035651338,1380.1146885086498,1241.3063471426883,0.10695303065248712,Organic Search
2024-05-01 00:00:00,May,Q2,Smart Kitchen,Home,South,Value Seekers,51,4099.162611123226,2162.355501679228,1936.8071094439983,0.12800229352477754,Email
2024-05-01 00:00:00,May,Q2,Smart Kitchen,Home,South,Value Seekers,22,1621.8755456383726,901.5343125309097,720.3412331074629,0.1111351748879181,Paid Social
2024-05-01 00:00:00,May,Q2,Smart Kitchen,Home,South,Value Seekers,35,2427.176415218792,1366.1279979890182,1061.0484172297738,0.153514738545306,Paid Search
2024-05-01 00:00:00,May,Q2,Smart Kitchen,Home,South,Mainstream,45,3847.978996924642,2145.1921966334803,1702.7868002911619,0.054083367016938465,Organic Search
2024-05-01 00:00:00,May,Q2,Smart Kitchen,Home,South,Mainstream,39,3220.558956526182,1712.7155003438734,1507.8434561823087,0.03761853448332198,Email
2024-05-01 00:00:00,May,Q2,Smart Kitchen,Home,South,Mainstream,35,2588.818143084447,1380.482195774208,1208.335947310239,0.1413114346722361,Paid Social
2024-05-01 00:00:00,May,Q2,Smart Kitchen,Home,South,Mainstream,39,2887.480994130424,1487.6552749560835,1399.8257191743403,0.15921297463681386,Paid Search
2024-05-01 00:00:00,May,Q2,Smart Kitchen,Home,South,Premium,33,2598.303405878183,1368.723667886004,1229.5797379921792,0.07893111369327563,Organic Search
2024-05-01 00:00:00,May,Q2,Smart Kitchen,Home,South,Premium,22,1642.106950754298,893.3958735447251,748.7110772095729,0.09389839555826907,Email
2024-05-01 00:00:00,May,Q2,Smart Kitchen,Home,South,Premium,20,1378.6023930911385,691.9695024551387,686.6328906359998,0.15698234549955875,Paid Social
2024-05-01 00:00:00,May,Q2,Smart Kitchen,Home,South,Premium,22,1613.3246455786768,897.2630918461581,716.0615537325187,0.1094024731916851,Paid Search
2024-05-01 00:00:00,May,Q2,Smart Kitchen,Home,East,Value Seekers,66,5312.450113902227,2790.7024448543934,2521.7476690478334,0.10140493598534206,Organic Search
2024-05-01 00:00:00,May,Q2,Smart Kitchen,Home,East,Value Seekers,55,4502.922294544537,2268.332971490656,2234.5893230538813,0.06115734190924091,Email
2024-05-01 00:00:00,May,Q2,Smart Kitchen,Home,East,Value Seekers,30,2165.2839008585906,1188.2426892983349,977.0412115602558,0.13832788537791335,Paid Social
2024-05-01 00:00:00,May,Q2,Smart Kitchen,Home,East,Value Seekers,58,4101.292808854654,2265.3127813452,1835.980027509454,0.15918268406506214,Paid Search
2024-05-01 00:00:00,May,Q2,Smart Kitchen,Home,East,Mainstream,49,3989.2478185100463,2181.5396192504913,1807.708199259555,0.06211478447098187,Organic Search
2024-05-01 00:00:00,May,Q2,Smart Kitchen,Home,East,Mainstream,32,2543.27516811078,1310.825461255485,1232.4497068552953,0.10356804653377966,Email
2024-05-01 00:00:00,May,Q2,Smart Kitchen,Home,East,Mainstream,40,2717.33236417111,1448.635114700596,1268.697249470514,0.15290991669466447,Paid Social
2024-05-01 00:00:00,May,Q2,Smart Kitchen,Home,East,Mainstream,47,3614.98275607455,1950.8464139725222,1664.1363421020276,0.10484790419450853,Paid Search
2024-05-01 00:00:00,May,Q2,Smart Kitchen,Home,East,Premium,26,2087.1883112191963,1100.5325611677845,986.6557500514118,0.08550462346954872,Organic Search
2024-05-01 00:00:00,May,Q2,Smart Kitchen,Home,East,Premium,22,1704.7623521104522,924.2987906305482,780.463561479904,0.0879899874406223,Email
2024-05-01 00:00:00,May,Q2,Smart Kitchen,Home,East,Premium,32,2124.564649970146,1083.5869168225036,1040.9777331476425,0.18672666259195653,Paid Social
2024-05-01 00:00:00,May,Q2,Smart Kitchen,Home,East,Premium,17,1335.3753583484636,724.2899114565348,611.0854468919288,0.06995649581309346,Paid Search
2024-05-01 00:00:00,May,Q2,Smart Kitchen,Home,West,Value Seekers,47,3746.8321796122787,1994.5709425697487,1752.26123704253,0.07739833100865239,Organic Search
2024-05-01 00:00:00,May,Q2,Smart Kitchen,Home,West,Value Seekers,51,4213.5661866136425,2211.0497688435553,2002.5164177700872,0.048571410371692395,Email
2024-05-01 00:00:00,May,Q2,Smart Kitchen,Home,West,Value Seekers,34,2325.9964001752346,1182.0089770843333,1143.9874230909013,0.18644901784596982,Paid Social
2024-05-01 00:00:00,May,Q2,Smart Kitchen,Home,West,Value Seekers,37,2665.438310894593,1380.592453972142,1284.845856922451,0.13248314098890793,Paid Search
2024-05-01 00:00:00,May,Q2,Smart Kitchen,Home,West,Mainstream,37,3140.653066628438,1751.4187715138542,1389.2342951145838,0.0,Organic Search
2024-05-01 00:00:00,May,Q2,Smart Kitchen,Home,West,Mainstream,41,3352.5719461001804,1802.6404912577184,1549.931454842462,0.060326763835001324,Email
2024-05-01 00:00:00,May,Q2,Smart Kitchen,Home,West,Mainstream,46,3279.0378822794464,1704.3864722527367,1574.6514100267098,0.11660421925523587,Paid Social
2024-05-01 00:00:00,May,Q2,Smart Kitchen,Home,West,Mainstream,41,2837.8657450371684,1543.387590950467,1294.4781540867014,0.17114136369192884,Paid Search
2024-05-01 00:00:00,May,Q2,Smart Kitchen,Home,West,Premium,23,1938.205417112214,1031.8443489658941,906.3610681463199,0.0255844921034111,Organic Search
2024-05-01 00:00:00,May,Q2,Smart Kitchen,Home,West,Premium,24,1997.7499250340159,1103.3987377142305,894.3511873197854,0.050859721074245315,Email
2024-05-01 00:00:00,May,Q2,Smart Kitchen,Home,West,Premium,21,1539.1941502658847,826.9299179772686,712.2642322886161,0.13442435796833996,Paid Social
2024-05-01 00:00:00,May,Q2,Smart Kitchen,Home,West,Premium,25,1712.6028742188341,950.266175917472,762.3366983013622,0.130839061504797,Paid Search
2024-05-01 00:00:00,May,Q2,Activewear,Lifestyle,North,Value Seekers,70,4803.337234965981,2593.1612325827923,2210.176002383189,0.042806283116158306,Organic Search
2024-05-01 00:00:00,May,Q2,Activewear,Lifestyle,North,Value Seekers,62,3850.2240674850946,2164.9149399826942,1685.3091275024003,0.1060713873490737,Email
2024-05-01 00:00:00,May,Q2,Activewear,Lifestyle,North,Value Seekers,76,4558.458948675876,2554.5709248297885,2003.8880238460874,0.15084145807155605,Paid Social
2024-05-01 00:00:00,May,Q2,Activewear,Lifestyle,North,Value Seekers,59,3537.33878755039,2123.594216719951,1413.744570830439,0.11533352430689722,Paid Search
2024-05-01 00:00:00,May,Q2,Activewear,Lifestyle,North,Mainstream,58,4065.6681100984256,2266.137176454908,1799.5309336435175,0.0853801131675456,Organic Search
2024-05-01 00:00:00,May,Q2,Activewear,Lifestyle,North,Mainstream,55,3622.9885018122077,2040.926832932272,1582.0616688799357,0.07868493716086905,Email
2024-05-01 00:00:00,May,Q2,Activewear,Lifestyle,North,Mainstream,62,3559.685806755922,1933.292387127867,1626.393419628055,0.145941066407499,Paid Social
2024-05-01 00:00:00,May,Q2,Activewear,Lifestyle,North,Mainstream,63,3791.431563491928,2098.809611047255,1692.6219524446728,0.10633980951340817,Paid Search
2024-05-01 00:00:00,May,Q2,Activewear,Lifestyle,North,Premium,40,2689.6494304782855,1518.6355060205965,1171.013924457689,0.061510391246070606,Organic Search
2024-05-01 00:00:00,May,Q2,Activewear,Lifestyle,North,Premium,36,2481.990725084622,1320.8881239349123,1161.10260114971,0.0642881864047615,Email
2024-05-01 00:00:00,May,Q2,Activewear,Lifestyle,North,Premium,41,2564.1835122140465,1417.8949047742437,1146.2886074398027,0.15334238120015484,Paid Social
2024-05-01 00:00:00,May,Q2,Activewear,Lifestyle,North,Premium,41,2495.78132048681,1356.6012679910925,1139.1800524957173,0.1569870440465218,Paid Search
2024-05-01 00:00:00,May,Q2,Activewear,Lifestyle,South,Value Seekers,52,3678.904016651302,2053.6489248122025,1625.2550918390994,0.06231884435845672,Organic Search
2024-05-01 00:00:00,May,Q2,Activewear,Lifestyle,South,Value Seekers,56,3500.68320391792,1921.6839991906618,1578.999204727258,0.11066055810479417,Email
2024-05-01 00:00:00,May,Q2,Activewear,Lifestyle,South,Value Seekers,45,2605.997591281647,1452.1043493875034,1153.8932418941438,0.20002685765410982,Paid Social
2024-05-01 00:00:00,May,Q2,Activewear,Lifestyle,South,Value Seekers,51,3163.5628184659518,1817.217777449881,1346.3450410160708,0.09466766319957101,Paid Search
2024-05-01 00:00:00,May,Q2,Activewear,Lifestyle,South,Mainstream,55,3460.217587099448,1928.0415309553691,1532.1760561440788,0.062467247803388616,Organic Search
2024-05-01 00:00:00,May,Q2,Activewear,Lifestyle,South,Mainstream,54,3767.9927240063885,2187.9438900030846,1580.048834003304,0.04110731062707712,Email
2024-05-01 00:00:00,May,Q2,Activewear,Lifestyle,South,Mainstream,35,2279.6747534854408,1267.839572191871,1011.8351812935698,0.07697882483568165,Paid Social
2024-05-01 00:00:00,May,Q2,Activewear,Lifestyle,South,Mainstream,31,1851.055222845935,1012.110020064237,838.9452027816981,0.09557635651545295,Paid Search
2024-05-01 00:00:00,May,Q2,Activewear,Lifestyle,South,Premium,44,3163.206955069605,1712.4309556889195,1450.7759993806856,0.054715777039199505,Organic Search
2024-05-01 00:00:00,May,Q2,Activewear,Lifestyle,South,Premium,42,2703.762905119945,1566.2634804064376,1137.4994247135076,0.09202647230143585,Email
2024-05-01 00:00:00,May,Q2,Activewear,Lifestyle,South,Premium,20,1197.734778389781,681.2777825193737,516.4569958704074,0.13969939927717032,Paid Social
2024-05-01 00:00:00,May,Q2,Activewear,Lifestyle,South,Premium,35,2295.1656347805824,1284.9837014603238,1010.1819333202586,0.09050558126563728,Paid Search
2024-05-01 00:00:00,May,Q2,Activewear,Lifestyle,East,Value Seekers,75,4650.137604309064,2578.838560613465,2071.2990436955993,0.08008249010417061,Organic Search
2024-05-01 00:00:00,May,Q2,Activewear,Lifestyle,East,Value Seekers,57,3860.640761578406,2224.2786485125084,1636.3621130658976,0.05288902329516435,Email
2024-05-01 00:00:00,May,Q2,Activewear,Lifestyle,East,Value Seekers,45,2627.96556262815,1389.1384126974435,1238.8271499307066,0.15822736593681577,Paid Social
2024-05-01 00:00:00,May,Q2,Activewear,Lifestyle,East,Value Seekers,66,4038.3966657214823,2253.146218551782,1785.2504471697002,0.12274309416906987,Paid Search
2024-05-01 00:00:00,May,Q2,Activewear,Lifestyle,East,Mainstream,59,4051.7618187538883,2298.206099380288,1753.5557193736004,0.04744742352771403,Organic Search
2024-05-01 00:00:00,May,Q2,Activewear,Lifestyle,East,Mainstream,45,2980.47532428867,1699.8308114686326,1280.6445128200373,0.05029809365240823,Email
2024-05-01 00:00:00,May,Q2,Activewear,Lifestyle,East,Mainstream,49,2826.397815275742,1501.503616135479,1324.8941991402628,0.16307443912851077,Paid Social
2024-05-01 00:00:00,May,Q2,Activewear,Lifestyle,East,Mainstream,50,2923.2760389906466,1576.2789137031293,1346.9971252875173,0.15725343805249603,Paid Search
2024-05-01 00:00:00,May,Q2,Activewear,Lifestyle,East,Premium,35,2535.6847852026162,1413.5176676686015,1122.1671175340148,0.04731553453974887,Organic Search
2024-05-01 00:00:00,May,Q2,Activewear,Lifestyle,East,Premium,33,2347.8681887626403,1398.995337297833,948.8728514648074,0.07755807250870687,Email
2024-05-01 00:00:00,May,Q2,Activewear,Lifestyle,East,Premium,20,1168.5780763922103,630.0762715052032,538.5018048870071,0.15743095115975783,Paid Social
2024-05-01 00:00:00,May,Q2,Activewear,Lifestyle,East,Premium,34,1934.4741343703056,1040.4927540982035,893.9813802721021,0.1520309663380745,Paid Search
2024-05-01 00:00:00,May,Q2,Activewear,Lifestyle,West,Value Seekers,70,4816.450491645542,2611.3290965186275,2205.121395126914,0.08832948293556395,Organic Search
2024-05-01 00:00:00,May,Q2,Activewear,Lifestyle,West,Value Seekers,59,4111.410941903742,2333.5121133203666,1777.8988285833757,0.08142021078283221,Email
2024-05-01 00:00:00,May,Q2,Activewear,Lifestyle,West,Value Seekers,40,2271.1119034853227,1315.244086358619,955.8678171267038,0.2062027276026388,Paid Social
2024-05-01 00:00:00,May,Q2,Activewear,Lifestyle,West,Value Seekers,63,4055.944839381805,2324.5685171961936,1731.3763221856116,0.13191212633038857,Paid Search
2024-05-01 00:00:00,May,Q2,Activewear,Lifestyle,West,Mainstream,62,4454.964506883425,2319.0067558104065,2135.9577510730187,0.047920705701634515,Organic Search
2024-05-01 00:00:00,May,Q2,Activewear,Lifestyle,West,Mainstream,49,3478.674560965449,1952.0907047173903,1526.5838562480587,0.03444413746232817,Email
2024-05-01 00:00:00,May,Q2,Activewear,Lifestyle,West,Mainstream,38,2334.612396319249,1358.67416820369,975.938228115559,0.1542621521519923,Paid Social
2024-05-01 00:00:00,May,Q2,Activewear,Lifestyle,West,Mainstream,55,3032.5492739606857,1669.2200307614423,1363.3292431992434,0.17033885736621748,Paid Search
2024-05-01 00:00:00,May,Q2,Activewear,Lifestyle,West,Premium,44,3143.223318550267,1760.1133048537927,1383.1100136964742,0.03472497189775928,Organic Search
2024-05-01 00:00:00,May,Q2,Activewear,Lifestyle,West,Premium,29,1934.1558573386424,1066.4172824878683,867.7385748507741,0.06557079712213096,Email
2024-05-01 00:00:00,May,Q2,Activewear,Lifestyle,West,Premium,36,2149.1041962806917,1242.0048672482446,907.099329032447,0.15646579881976275,Paid Social
2024-05-01 00:00:00,May,Q2,Activewear,Lifestyle,West,Premium,23,1412.917624478037,805.8262116223727,607.0914128556642,0.13438904814575914,Paid Search
2024-05-01 00:00:00,May,Q2,Premium Audio,Electronics,North,Value Seekers,44,5998.273060514745,3011.602864054777,2986.6701964599683,0.05646317483732078,Organic Search
2024-05-01 00:00:00,May,Q2,Premium Audio,Electronics,North,Value Seekers,37,4530.910509263261,2138.676505685101,2392.23400357816,0.11669994445147432,Email
2024-05-01 00:00:00,May,Q2,Premium Audio,Electronics,North,Value Seekers,42,5158.837009806548,2586.445039141481,2572.3919706650668,0.13253301566414039,Paid Social
2024-05-01 00:00:00,May,Q2,Premium Audio,Electronics,North,Value Seekers,33,4329.009133070526,2079.6467060277496,2249.3624270427767,0.11121933356232139,Paid Search
2024-05-01 00:00:00,May,Q2,Premium Audio,Electronics,North,Mainstream,34,4631.386958932314,2251.372658871112,2380.014300061202,0.047621296923067,Organic Search
2024-05-01 00:00:00,May,Q2,Premium Audio,Electronics,North,Mainstream,30,3769.3403424723474,1873.552744220114,1895.7875982522335,0.07834912874190476,Email
2024-05-01 00:00:00,May,Q2,Premium Audio,Electronics,North,Mainstream,20,2575.359353373711,1218.3711602044693,1356.9881931692419,0.13776991755770832,Paid Social
2024-05-01 00:00:00,May,Q2,Premium Audio,Electronics,North,Mainstream,35,4416.459085439038,2042.455625791292,2374.0034596477462,0.07479261678751213,Paid Search
2024-05-01 00:00:00,May,Q2,Premium Audio,Electronics,North,Premium,26,3709.5374712896046,1928.794251091486,1780.7432201981185,0.0,Organic Search
2024-05-01 00:00:00,May,Q2,Premium Audio,Electronics,North,Premium,19,2493.1357416457586,1145.1322412967593,1348.0035003489993,0.05809843605555333,Email
2024-05-01 00:00:00,May,Q2,Premium Audio,Electronics,North,Premium,19,2364.629236390173,1096.899307401185,1267.729928988988,0.1461817863027189,Paid Social
2024-05-01 00:00:00,May,Q2,Premium Audio,Electronics,North,Premium,23,2873.119883962119,1470.0044424479893,1403.1154415141295,0.09689328993512321,Paid Search
2024-05-01 00:00:00,May,Q2,Premium Audio,Electronics,South,Value Seekers,34,4627.892565787403,2291.5239647350695,2336.368601052334,0.04749599430315843,Organic Search
2024-05-01 00:00:00,May,Q2,Premium Audio,Electronics,South,Value Seekers,27,3393.819513573095,1674.0207519874498,1719.798761585645,0.0852851292713128,Email
2024-05-01 00:00:00,May,Q2,Premium Audio,Electronics,South,Value Seekers,21,2626.8793164066406,1284.6764016024977,1342.202914804143,0.11579858202064007,Paid Social
2024-05-01 00:00:00,May,Q2,Premium Audio,Electronics,South,Value Seekers,26,3159.3131412578578,1453.0292496395027,1706.283891618355,0.1563369745487935,Paid Search
2024-05-01 00:00:00,May,Q2,Premium Audio,Electronics,South,Mainstream,25,3365.1647125365016,1648.112777583123,1717.0519349533786,0.06954856338629796,Organic Search
2024-05-01 00:00:00,May,Q2,Premium Audio,Electronics,South,Mainstream,19,2673.7856854669594,1262.4556106472385,1411.330074819721,0.04233167530676373,Email
2024-05-01 00:00:00,May,Q2,Premium Audio,Electronics,South,Mainstream,23,3029.962828331567,1460.9496097156173,1569.0132186159497,0.11983700418858598,Paid Social
2024-05-01 00:00:00,May,Q2,Premium Audio,Electronics,South,Mainstream,21,2972.802642390706,1443.2126400072614,1529.5900023834445,0.0871280333898897,Paid Search
2024-05-01 00:00:00,May,Q2,Premium Audio,Electronics,South,Premium,21,2769.878276348233,1310.7170821366774,1459.1611942115558,0.06527677262776427,Organic Search
2024-05-01 00:00:00,May,Q2,Premium Audio,Electronics,South,Premium,16,2251.060366272282,1085.4346823543965,1165.6256839178855,0.08683681990395578,Email
2024-05-01 00:00:00,May,Q2,Premium Audio,Electronics,South,Premium,18,2333.6100753541764,1116.105104761773,1217.5049705924034,0.11497476138792966,Paid Social
2024-05-01 00:00:00,May,Q2,Premium Audio,Electronics,South,Premium,22,2835.488676798721,1373.71807394076,1461.770602857961,0.07333248532990144,Paid Search
2024-05-01 00:00:00,May,Q2,Premium Audio,Electronics,East,Value Seekers,38,5369.228113125174,2650.0263492359713,2719.2017638892025,0.0489175422178762,Organic Search
2024-05-01 00:00:00,May,Q2,Premium Audio,Electronics,East,Value Seekers,44,6061.898382769909,3007.0471030190606,3054.851279750849,0.026959879963448938,Email
2024-05-01 00:00:00,May,Q2,Premium Audio,Electronics,East,Value Seekers,32,3454.638902665544,1645.525906243239,1809.1129964223048,0.20882649238849743,Paid Social
2024-05-01 00:00:00,May,Q2,Premium Audio,Electronics,East,Value Seekers,25,3148.038257338832,1590.5246679272616,1557.5135894115704,0.12224961392771118,Paid Search
2024-05-01 00:00:00,May,Q2,Premium Audio,Electronics,East,Mainstream,30,4156.30338214129,2098.69590260214,2057.60747953915,0.07487919162896516,Organic Search
2024-05-01 00:00:00,May,Q2,Premium Audio,Electronics,East,Mainstream,38,5414.466444153953,2560.204856676858,2854.2615874770945,0.07932105621639562,Email
2024-05-01 00:00:00,May,Q2,Premium Audio,Electronics,East,Mainstream,33,3874.748194357811,1889.582507599643,1985.165686758168,0.16695313489486932,Paid Social
2024-05-01 00:00:00,May,Q2,Premium Audio,Electronics,East,Mainstream,22,2810.1199416425393,1321.4101331843292,1488.70980845821,0.08158673274044903,Paid Search
2024-05-01 00:00:00,May,Q2,Premium Audio,Electronics,East,Premium,26,3572.301283918446,1756.6491080685971,1815.652175849849,0.03877729031717484,Organic Search
2024-05-01 00:00:00,May,Q2,Premium Audio,Electronics,East,Premium,22,3009.0805237516242,1532.6496965897884,1476.4308271618359,0.029631253442716728,Email
2024-05-01 00:00:00,May,Q2,Premium Audio,Electronics,East,Premium,27,3113.982671376883,1493.6505593538245,1620.3321120230585,0.17526730801052237,Paid Social
2024-05-01 00:00:00,May,Q2,Premium Audio,Electronics,East,Premium,15,1908.5689051848817,927.9072715194595,980.6616336654222,0.14179256463997034,Paid Search
2024-05-01 00:00:00,May,Q2,Premium Audio,Electronics,West,Value Seekers,36,4745.0890429827705,2327.746808097933,2417.3422348848376,0.1049190044349623,Organic Search
2024-05-01 00:00:00,May,Q2,Premium Audio,Electronics,West,Value Seekers,41,5549.863638942841,2686.2806979479574,2863.5829409948838,0.08595581797085829,Email
2024-05-01 00:00:00,May,Q2,Premium Audio,Electronics,West,Value Seekers,37,4552.295103125163,2053.5245247676967,2498.7705783574665,0.13482012531182555,Paid Social
2024-05-01 00:00:00,May,Q2,Premium Audio,Electronics,West,Value Seekers,36,4255.903735050725,2109.0677546055745,2146.8359804451507,0.1520633427455296,Paid Search
2024-05-01 00:00:00,May,Q2,Premium Audio,Electronics,West,Mainstream,22,3061.275508350387,1498.4174970379042,1562.8580113124829,0.08559884613852917,Organic Search
2024-05-01 00:00:00,May,Q2,Premium Audio,Electronics,West,Mainstream,26,3453.4718490087025,1775.2235954844148,1678.2482535242877,0.073482990768239,Email
2024-05-01 00:00:00,May,Q2,Premium Audio,Electronics,West,Mainstream,29,3673.806766217003,1761.1550823100367,1912.6516839069661,0.1023541898667345,Paid Social
2024-05-01 00:00:00,May,Q2,Premium Audio,Electronics,West,Mainstream,23,2629.668099216567,1346.3703030801364,1283.2977961364306,0.12827597257043033,Paid Search
2024-05-01 00:00:00,May,Q2,Premium Audio,Electronics,West,Premium,24,3182.6746611191165,1487.381092121701,1695.2935689974156,0.049944047088145475,Organic Search
2024-05-01 00:00:00,May,Q2,Premium Audio,Electronics,West,Premium,22,2962.018083492877,1544.5053239133247,1417.5127595795523,0.04486712185006912,Email
2024-05-01 00:00:00,May,Q2,Premium Audio,Electronics,West,Premium,21,2697.90539348363,1311.3867885827722,1386.518604900858,0.13700852743817127,Paid Social
2024-05-01 00:00:00,May,Q2,Premium Audio,Electronics,West,Premium,26,3309.70310485729,1593.449096413315,1716.254008443975,0.11921846464614384,Paid Search
2024-05-01 00:00:00,May,Q2,Pro Camera,Electronics,North,Value Seekers,31,6135.010644063487,2646.8314136402623,3488.179230423225,0.08788091459728083,Organic Search
2024-05-01 00:00:00,May,Q2,Pro Camera,Electronics,North,Value Seekers,26,5015.35680261452,2268.554802578374,2746.802000036146,0.08481709759979389,Email
2024-05-01 00:00:00,May,Q2,Pro Camera,Electronics,North,Value Seekers,26,4540.628299793976,2134.351914931961,2406.276384862015,0.15912646248853418,Paid Social
2024-05-01 00:00:00,May,Q2,Pro Camera,Electronics,North,Value Seekers,30,5359.250761081601,2379.1326216206617,2980.1181394609393,0.12988403699897633,Paid Search
2024-05-01 00:00:00,May,Q2,Pro Camera,Electronics,North,Mainstream,23,4751.444207615478,2210.650656128765,2540.793551486713,0.052694001386313576,Organic Search
2024-05-01 00:00:00,May,Q2,Pro Camera,Electronics,North,Mainstream,21,4118.277189944951,1849.0092173751282,2269.2679725698226,0.07700589865006237,Email
2024-05-01 00:00:00,May,Q2,Pro Camera,Electronics,North,Mainstream,20,3492.371634341713,1588.7734265654328,1903.5982077762803,0.16156886479881719,Paid Social
2024-05-01 00:00:00,May,Q2,Pro Camera,Electronics,North,Mainstream,18,3473.014164769662,1590.8019785730517,1882.2121861966102,0.10407808814483915,Paid Search
2024-05-01 00:00:00,May,Q2,Pro Camera,Electronics,North,Premium,15,3251.223445830737,1438.6698863518325,1812.5535594789046,0.006044778083614123,Organic Search
2024-05-01 00:00:00,May,Q2,Pro Camera,Electronics,North,Premium,13,2579.774289924097,1161.031358062013,1418.742931862084,0.07198948866391403,Email
2024-05-01 00:00:00,May,Q2,Pro Camera,Electronics,North,Premium,7,1339.4366605197208,611.9567322470868,727.479928272634,0.13045922261466972,Paid Social
2024-05-01 00:00:00,May,Q2,Pro Camera,Electronics,North,Premium,15,2874.1223344009077,1284.211340979738,1589.9109934211697,0.13039506814301113,Paid Search
2024-05-01 00:00:00,May,Q2,Pro Camera,Electronics,South,Value Seekers,19,3842.0917116835244,1760.7083733525494,2081.3833383309748,0.07953111637905248,Organic Search
2024-05-01 00:00:00,May,Q2,Pro Camera,Electronics,South,Value Seekers,14,2922.498532157784,1246.5217996789133,1675.9767324788709,0.09647326070564226,Email
2024-05-01 00:00:00,May,Q2,Pro Camera,Electronics,South,Value Seekers,16,3004.5851445567328,1281.6080565001043,1722.9770880566284,0.1703088992271487,Paid Social
2024-05-01 00:00:00,May,Q2,Pro Camera,Electronics,South,Value Seekers,18,3401.5051689306015,1662.0921766228264,1739.412992307775,0.12730764679025722,Paid Search
2024-05-01 00:00:00,May,Q2,Pro Camera,Electronics,South,Mainstream,24,4863.6953386219475,2113.950251069569,2749.7450875523787,0.06459592703847648,Organic Search
2024-05-01 00:00:00,May,Q2,Pro Camera,Electronics,South,Mainstream,18,3634.839717856841,1750.2232800685933,1884.6164377882478,0.07687505745729528,Email
2024-05-01 00:00:00,May,Q2,Pro Camera,Electronics,South,Mainstream,18,3295.049607678023,1490.0613974541297,1804.9882102238935,0.14523372143336724,Paid Social
2024-05-01 00:00:00,May,Q2,Pro Camera,Electronics,South,Mainstream,13,2532.0720003500883,1197.895470837083,1334.1765295130053,0.129811400461763,Paid Search
2024-05-01 00:00:00,May,Q2,Pro Camera,Electronics,South,Premium,15,3303.2469444392436,1529.932956514023,1773.3139879252205,0.04330586203187888,Organic Search
2024-05-01 00:00:00,May,Q2,Pro Camera,Electronics,South,Premium,12,2512.14749240211,1188.4695527163024,1323.6779396858076,0.04438123124809025,Email
2024-05-01 00:00:00,May,Q2,Pro Camera,Electronics,South,Premium,14,2663.502808016382,1272.1599911038788,1391.3428169125032,0.08022303586790103,Paid Social
2024-05-01 00:00:00,May,Q2,Pro Camera,Electronics,South,Premium,7,1416.754372844504,682.0673969257563,734.6869759187476,0.11375861154452702,Paid Search
2024-05-01 00:00:00,May,Q2,Pro Camera,Electronics,East,Value Seekers,13,2636.271397478642,1261.5425403573154,1374.7288571213267,0.06498286954061676,Organic Search
2024-05-01 00:00:00,May,Q2,Pro Camera,Electronics,East,Value Seekers,23,4213.2662609226545,1875.961172047893,2337.3050888747616,0.1395617612542232,Email
2024-05-01 00:00:00,May,Q2,Pro Camera,Electronics,East,Value Seekers,14,2652.1621076750193,1228.3776929842677,1423.7844146907516,0.13027647204866627,Paid Social
2024-05-01 00:00:00,May,Q2,Pro Camera,Electronics,East,Value Seekers,24,4209.383135347672,1891.0843305025464,2318.2988048451252,0.13620122191320033,Paid Search
2024-05-01 00:00:00,May,Q2,Pro Camera,Electronics,East,Mainstream,18,3977.9502792345743,1737.5249195241372,2240.425359710437,0.03004484809104615,Organic Search
2024-05-01 00:00:00,May,Q2,Pro Camera,Electronics,East,Mainstream,13,2754.8603160326566,1239.0265665088555,1515.833749523801,0.06246050480522238,Email
2024-05-01 00:00:00,May,Q2,Pro Camera,Electronics,East,Mainstream,17,3155.080820157998,1415.6982675949641,1739.3825525630339,0.15678175341763384,Paid Social
2024-05-01 00:00:00,May,Q2,Pro Camera,Electronics,East,Mainstream,16,3148.1962436148888,1561.9854814571893,1586.2107621576995,0.06866283628360279,Paid Search
2024-05-01 00:00:00,May,Q2,Pro Camera,Electronics,East,Premium,15,3145.0042330549763,1428.75073169163,1716.2535013633462,0.035634953545415224,Organic Search
2024-05-01 00:00:00,May,Q2,Pro Camera,Electronics,East,Premium,16,3399.317586639173,1570.011798135601,1829.3057885035719,0.04991414314571858,Email
2024-05-01 00:00:00,May,Q2,Pro Camera,Electronics,East,Premium,14,2388.437995653848,1082.5172356007834,1305.9207600530644,0.19390874079323248,Paid Social
2024-05-01 00:00:00,May,Q2,Pro Camera,Electronics,East,Premium,11,2139.3614141364687,951.5452999075966,1187.8161142288723,0.10597277172547506,Paid Search
2024-05-01 00:00:00,May,Q2,Pro Camera,Electronics,West,Value Seekers,23,4785.27300122865,2327.537469848593,2457.735531380057,0.042949555373951606,Organic Search
2024-05-01 00:00:00,May,Q2,Pro Camera,Electronics,West,Value Seekers,21,4542.656389555339,1960.8914568542807,2581.7649327010586,0.054769605049387174,Email
2024-05-01 00:00:00,May,Q2,Pro Camera,Electronics,West,Value Seekers,19,3297.72141604387,1591.2898609267663,1706.4315551171035,0.1819151469960545,Paid Social
2024-05-01 00:00:00,May,Q2,Pro Camera,Electronics,West,Value Seekers,19,3456.7241164398897,1569.922474038432,1886.8016424014577,0.1684113893581211,Paid Search
2024-05-01 00:00:00,May,Q2,Pro Camera,Electronics,West,Mainstream,20,4103.8144033034105,1951.0717664453978,2152.7426368580127,0.05475558054612235,Organic Search
2024-05-01 00:00:00,May,Q2,Pro Camera,Electronics,West,Mainstream,18,3355.5053551939604,1573.6782870003756,1781.8270681935849,0.10811596491206892,Email
2024-05-01 00:00:00,May,Q2,Pro Camera,Electronics,West,Mainstream,25,4371.930171563733,1975.6462698133003,2396.283901750433,0.12751880963763362,Paid Social
2024-05-01 00:00:00,May,Q2,Pro Camera,Electronics,West,Mainstream,14,2705.9932258407134,1213.200399400847,1492.7928264398665,0.13017119087849457,Paid Search
2024-05-01 00:00:00,May,Q2,Pro Camera,Electronics,West,Premium,9,1930.4178319536534,845.3565053112735,1085.0613266423798,0.05455426569280254,Organic Search
2024-05-01 00:00:00,May,Q2,Pro Camera,Electronics,West,Premium,13,2626.58766508493,1304.6849549405313,1321.9027101443987,0.05300235258132922,Email
2024-05-01 00:00:00,May,Q2,Pro Camera,Electronics,West,Premium,11,1997.1801404035666,916.2510352817385,1080.9291051218281,0.1325461868450025,Paid Social
2024-05-01 00:00:00,May,Q2,Pro Camera,Electronics,West,Premium,15,2881.5749620882266,1313.038510272047,1568.5364518161796,0.08483201418601105,Paid Search
2024-05-01 00:00:00,May,Q2,Luxury Set,Lifestyle,North,Value Seekers,19,3165.02780836661,1348.6092120135768,1816.418596353033,0.07661204212378435,Organic Search
2024-05-01 00:00:00,May,Q2,Luxury Set,Lifestyle,North,Value Seekers,10,1716.0981979832386,758.8344154427037,957.2637825405349,0.08268105203068864,Email
2024-05-01 00:00:00,May,Q2,Luxury Set,Lifestyle,North,Value Seekers,19,2892.2763072544685,1275.2768351892196,1616.999472065249,0.17050671322641403,Paid Social
2024-05-01 00:00:00,May,Q2,Luxury Set,Lifestyle,North,Value Seekers,16,2539.5563342800365,1104.8702233445304,1434.6861109355061,0.0939520230267114,Paid Search
2024-05-01 00:00:00,May,Q2,Luxury Set,Lifestyle,North,Mainstream,20,3628.175000785024,1552.6971343614882,2075.477866423536,0.03520309834142269,Organic Search
2024-05-01 00:00:00,May,Q2,Luxury Set,Lifestyle,North,Mainstream,16,2723.6665967366257,1190.2195412179765,1533.4470555186492,0.06043540393193917,Email
2024-05-01 00:00:00,May,Q2,Luxury Set,Lifestyle,North,Mainstream,12,1870.6234487636755,769.809502218591,1100.8139465450845,0.155639782562664,Paid Social
2024-05-01 00:00:00,May,Q2,Luxury Set,Lifestyle,North,Mainstream,10,1525.6431071761704,634.7271630999865,890.9159440761839,0.15973603208904247,Paid Search
2024-05-01 00:00:00,May,Q2,Luxury Set,Lifestyle,North,Premium,14,2378.6397512320273,1022.0386660453686,1356.6010851866586,0.0029254138332068386,Organic Search
2024-05-01 00:00:00,May,Q2,Luxury Set,Lifestyle,North,Premium,8,1446.3101789548657,615.9805170564725,830.3296618983932,0.0773321107251213,Email
2024-05-01 00:00:00,May,Q2,Luxury Set,Lifestyle,North,Premium,10,1552.0633641657312,636.2723814447556,915.7909827209755,0.1593664158972519,Paid Social
2024-05-01 00:00:00,May,Q2,Luxury Set,Lifestyle,North,Premium,5,741.0004292295733,324.60984768017073,416.3905815494026,0.1536254664067895,Paid Search
2024-05-01 00:00:00,May,Q2,Luxury Set,Lifestyle,South,Value Seekers,26,4567.751809178457,2016.6818994703224,2551.069909708134,0.03698829672449321,Organic Search
2024-05-01 00:00:00,May,Q2,Luxury Set,Lifestyle,South,Value Seekers,10,1601.7543795551746,698.9132508538639,902.8411287013107,0.10633696640546836,Email
2024-05-01 00:00:00,May,Q2,Luxury Set,Lifestyle,South,Value Seekers,7,987.1534385438565,432.03732050781963,555.1161180360368,0.19652564055847743,Paid Social
2024-05-01 00:00:00,May,Q2,Luxury Set,Lifestyle,South,Value Seekers,11,1680.129317267742,784.8168331508354,895.3124841169066,0.11669932965886995,Paid Search
2024-05-01 00:00:00,May,Q2,Luxury Set,Lifestyle,South,Mainstream,17,2754.9525342996562,1163.053012774721,1591.8995215249352,0.0639274489642749,Organic Search
2024-05-01 00:00:00,May,Q2,Luxury Set,Lifestyle,South,Mainstream,10,1680.143246238987,705.7982257722267,974.3450204667604,0.08561037847331311,Email
2024-05-01 00:00:00,May,Q2,Luxury Set,Lifestyle,South,Mainstream,14,2005.306625112058,904.8402785522774,1100.4663465597807,0.17807339811209486,Paid Social
2024-05-01 00:00:00,May,Q2,Luxury Set,Lifestyle,South,Mainstream,10,1515.162956264647,615.8770412610011,899.2859150036459,0.08397693080295382,Paid Search
2024-05-01 00:00:00,May,Q2,Luxury Set,Lifestyle,South,Premium,11,1799.9114010625538,792.3017181536485,1007.6096829089053,0.06635059935578702,Organic Search
2024-05-01 00:00:00,May,Q2,Luxury Set,Lifestyle,South,Premium,11,1684.769919879973,748.1497358204172,936.6201840595559,0.06849802017758279,Email
2024-05-01 00:00:00,May,Q2,Luxury Set,Lifestyle,South,Premium,4,596.1977973367492,258.30000739501213,337.8977899417371,0.1605670606643536,Paid Social
2024-05-01 00:00:00,May,Q2,Luxury Set,Lifestyle,South,Premium,10,1498.132240594426,654.9615382187526,843.1707023756735,0.09609660742603651,Paid Search
2024-05-01 00:00:00,May,Q2,Luxury Set,Lifestyle,East,Value Seekers,26,4387.137480050803,1938.9083652251816,2448.2291148256213,0.044688140746140234,Organic Search
2024-05-01 00:00:00,May,Q2,Luxury Set,Lifestyle,East,Value Seekers,16,2616.047331910701,1110.0506865128086,1505.9966453978923,0.07725418708745499,Email
2024-05-01 00:00:00,May,Q2,Luxury Set,Lifestyle,East,Value Seekers,12,1856.5307682360815,784.2017062786385,1072.329061957443,0.14567422684469447,Paid Social
2024-05-01 00:00:00,May,Q2,Luxury Set,Lifestyle,East,Value Seekers,14,2083.216784645012,875.5294533055235,1207.6873313394885,0.12649070949337476,Paid Search
2024-05-01 00:00:00,May,Q2,Luxury Set,Lifestyle,East,Mainstream,18,3063.7688233584313,1326.0045866175083,1737.764236740923,0.030621308888722942,Organic Search
2024-05-01 00:00:00,May,Q2,Luxury Set,Lifestyle,East,Mainstream,15,2479.665997817423,1111.500383568244,1368.165614249179,0.04245795300178298,Email
2024-05-01 00:00:00,May,Q2,Luxury Set,Lifestyle,East,Mainstream,10,1527.0841184223284,617.7457001934977,909.3384182288307,0.11087083460602941,Paid Social
2024-05-01 00:00:00,May,Q2,Luxury Set,Lifestyle,East,Mainstream,17,2691.30918445071,1150.0922597932101,1541.2169246574997,0.10049278663943068,Paid Search
2024-05-01 00:00:00,May,Q2,Luxury Set,Lifestyle,East,Premium,7,1201.843379974602,503.44825626953786,698.3951237050641,0.06479294316954969,Organic Search
2024-05-01 00:00:00,May,Q2,Luxury Set,Lifestyle,East,Premium,8,1404.457780475288,576.7863378581841,827.6714426171039,0.04247112147188943,Email
2024-05-01 00:00:00,May,Q2,Luxury Set,Lifestyle,East,Premium,12,1829.057106896891,767.373680021683,1061.683426875208,0.13903960476745156,Paid Social
2024-05-01 00:00:00,May,Q2,Luxury Set,Lifestyle,East,Premium,5,755.4070301569966,317.7820784966566,437.62495166034,0.12339213633642292,Paid Search
2024-05-01 00:00:00,May,Q2,Luxury Set,Lifestyle,West,Value Seekers,18,3033.1863656477153,1403.0143649562758,1630.1720006914395,0.04881714930372159,Organic Search
2024-05-01 00:00:00,May,Q2,Luxury Set,Lifestyle,West,Value Seekers,17,2775.6658998732123,1188.3443117473018,1587.3215881259105,0.11240998351260958,Email
2024-05-01 00:00:00,May,Q2,Luxury Set,Lifestyle,West,Value Seekers,10,1421.0067739108254,639.0977737366308,781.9090001741946,0.1655960043195809,Paid Social
2024-05-01 00:00:00,May,Q2,Luxury Set,Lifestyle,West,Value Seekers,18,2570.1290654630657,1072.1079250878083,1498.0211403752573,0.17452016471137521,Paid Search
2024-05-01 00:00:00,May,Q2,Luxury Set,Lifestyle,West,Mainstream,16,2624.8619773407886,1169.4232245954017,1455.4387527453869,0.09907894967480542,Organic Search
2024-05-01 00:00:00,May,Q2,Luxury Set,Lifestyle,West,Mainstream,14,2389.517506721691,978.6566869194085,1410.8608198022825,0.07776543071165372,Email
2024-05-01 00:00:00,May,Q2,Luxury Set,Lifestyle,West,Mainstream,17,2590.836296943835,1119.6863435939167,1471.1499533499182,0.1580993186017342,Paid Social
2024-05-01 00:00:00,May,Q2,Luxury Set,Lifestyle,West,Mainstream,16,2538.1065100246883,1047.1679795761286,1490.9385304485597,0.103699449921618,Paid Search
2024-05-01 00:00:00,May,Q2,Luxury Set,Lifestyle,West,Premium,9,1535.548348629774,677.6527508652019,857.895597764572,0.029201854401664062,Organic Search
2024-05-01 00:00:00,May,Q2,Luxury Set,Lifestyle,West,Premium,6,1065.1616216028901,493.1284902181497,572.0331313847405,0.07892904340360127,Email
2024-05-01 00:00:00,May,Q2,Luxury Set,Lifestyle,West,Premium,11,1645.902944805192,715.2671174193658,930.6358273858261,0.11775388072647147,Paid Social
2024-05-01 00:00:00,May,Q2,Luxury Set,Lifestyle,West,Premium,7,1019.9623960703545,424.1842281794503,595.7781678909042,0.13742627447099315,Paid Search
2024-06-01 00:00:00,Jun,Q2,Eco Basics,Essentials,North,Value Seekers,116,2521.9873288747385,1541.5411454742632,980.4461834004753,0.10972868254091145,Organic Search
2024-06-01 00:00:00,Jun,Q2,Eco Basics,Essentials,North,Value Seekers,90,1903.3510822044902,1204.1075128085167,699.2435693959735,0.08974485999022669,Email
2024-06-01 00:00:00,Jun,Q2,Eco Basics,Essentials,North,Value Seekers,108,1988.6720108993022,1292.909004158314,695.7630067409882,0.19788295235809505,Paid Social
2024-06-01 00:00:00,Jun,Q2,Eco Basics,Essentials,North,Value Seekers,100,2032.8824082211747,1241.9549441080924,790.9274641130824,0.11747697203614617,Paid Search
2024-06-01 00:00:00,Jun,Q2,Eco Basics,Essentials,North,Mainstream,114,2643.9506696204007,1621.5711244955685,1022.3795451248322,0.02017566572452158,Organic Search
2024-06-01 00:00:00,Jun,Q2,Eco Basics,Essentials,North,Mainstream,92,2259.428474529128,1408.631899791914,850.7965747372139,0.02560044382595269,Email
2024-06-01 00:00:00,Jun,Q2,Eco Basics,Essentials,North,Mainstream,84,1706.0390594827243,996.3776346504388,709.6614248322854,0.16985536207534982,Paid Social
2024-06-01 00:00:00,Jun,Q2,Eco Basics,Essentials,North,Mainstream,104,2132.6039461714786,1310.48727813801,822.1166680334686,0.1023670819021038,Paid Search
2024-06-01 00:00:00,Jun,Q2,Eco Basics,Essentials,North,Premium,58,1348.3797910989776,865.0519945682605,483.32779653071714,0.03506547347387143,Organic Search
2024-06-01 00:00:00,Jun,Q2,Eco Basics,Essentials,North,Premium,62,1370.617522463377,869.9785062258115,500.63901623756556,0.05072394607146989,Email
2024-06-01 00:00:00,Jun,Q2,Eco Basics,Essentials,North,Premium,67,1377.0510274035926,874.1709881411005,502.8800392624921,0.10710506479454648,Paid Social
2024-06-01 00:00:00,Jun,Q2,Eco Basics,Essentials,North,Premium,67,1343.5597186160587,876.405948948353,467.1537696677058,0.12103854601409736,Paid Search
2024-06-01 00:00:00,Jun,Q2,Eco Basics,Essentials,South,Value Seekers,99,2133.6637577462475,1352.2688821328986,781.3948756133489,0.10402516761924435,Organic Search
2024-06-01 00:00:00,Jun,Q2,Eco Basics,Essentials,South,Value Seekers,77,1517.150468812432,938.3630214483048,578.7874473641273,0.12694300738255188,Email
2024-06-01 00:00:00,Jun,Q2,Eco Basics,Essentials,South,Value Seekers,88,1671.48469304296,976.84442380592,694.6402692370401,0.17260912664296024,Paid Social
2024-06-01 00:00:00,Jun,Q2,Eco Basics,Essentials,South,Value Seekers,73,1522.4622081515654,998.3426803349568,524.1195278166086,0.1276196225498816,Paid Search
2024-06-01 00:00:00,Jun,Q2,Eco Basics,Essentials,South,Mainstream,74,1668.9584626084463,1026.9668989241309,641.9915636843155,0.05308823004602733,Organic Search
2024-06-01 00:00:00,Jun,Q2,Eco Basics,Essentials,South,Mainstream,81,1830.305660504097,1141.697722116146,688.607938387951,0.07310961917269286,Email
2024-06-01 00:00:00,Jun,Q2,Eco Basics,Essentials,South,Mainstream,81,1752.211283771198,1065.2073198234834,687.0039639477145,0.09570258294383892,Paid Social
2024-06-01 00:00:00,Jun,Q2,Eco Basics,Essentials,South,Mainstream,78,1643.2773026955304,969.0809873930475,674.1963153024828,0.09260402092490105,Paid Search
2024-06-01 00:00:00,Jun,Q2,Eco Basics,Essentials,South,Premium,52,1191.0979098437392,757.4672663013431,433.6306435423961,0.053495533962955276,Organic Search
2024-06-01 00:00:00,Jun,Q2,Eco Basics,Essentials,South,Premium,53,1115.4091248498048,700.2622078440677,415.1469170057371,0.1145421196616713,Email
2024-06-01 00:00:00,Jun,Q2,Eco Basics,Essentials,South,Premium,38,744.2485461209453,474.66796043153215,269.58058568941317,0.12897744528472863,Paid Social
2024-06-01 00:00:00,Jun,Q2,Eco Basics,Essentials,South,Premium,48,953.0950462512407,572.419667206326,380.6753790449146,0.13148010453998824,Paid Search
2024-06-01 00:00:00,Jun,Q2,Eco Basics,Essentials,East,Value Seekers,98,1983.523623624329,1239.5552502505172,743.9683733738118,0.11621657672416377,Organic Search
2024-06-01 00:00:00,Jun,Q2,Eco Basics,Essentials,East,Value Seekers,105,2120.1017472933054,1261.7322404431573,858.3695068501481,0.12917136768034465,Email
2024-06-01 00:00:00,Jun,Q2,Eco Basics,Essentials,East,Value Seekers,99,1892.7674870323194,1089.7664647963593,803.0010222359601,0.1490287502380457,Paid Social
2024-06-01 00:00:00,Jun,Q2,Eco Basics,Essentials,East,Value Seekers,104,2203.279491277508,1378.1326760670677,825.1468152104403,0.11548087890843654,Paid Search
2024-06-01 00:00:00,Jun,Q2,Eco Basics,Essentials,East,Mainstream,86,1901.5352737722908,1106.984820856595,794.5504529156958,0.08514118993769909,Organic Search
2024-06-01 00:00:00,Jun,Q2,Eco Basics,Essentials,East,Mainstream,84,1946.433853741398,1203.0245709236265,743.4092828177716,0.05316150880256894,Email
2024-06-01 00:00:00,Jun,Q2,Eco Basics,Essentials,East,Mainstream,92,2012.1360105479175,1223.2106073221737,788.9254032257438,0.1225884727553328,Paid Social
2024-06-01 00:00:00,Jun,Q2,Eco Basics,Essentials,East,Mainstream,91,1898.2084416390535,1191.7124086865228,706.4960329525306,0.12222995491531428,Paid Search
2024-06-01 00:00:00,Jun,Q2,Eco Basics,Essentials,East,Premium,60,1256.2391302394417,794.679065213032,461.5600650264097,0.11257929477264278,Organic Search
2024-06-01 00:00:00,Jun,Q2,Eco Basics,Essentials,East,Premium,56,1325.5149810981834,756.8635207945969,568.6514603035865,0.029808967236920086,Email
2024-06-01 00:00:00,Jun,Q2,Eco Basics,Essentials,East,Premium,47,902.9269589380774,545.9108235385958,357.01613539948164,0.14810864277987312,Paid Social
2024-06-01 00:00:00,Jun,Q2,Eco Basics,Essentials,East,Premium,55,1093.6913047616954,642.0000024552097,451.6913023064857,0.11315930974016829,Paid Search
2024-06-01 00:00:00,Jun,Q2,Eco Basics,Essentials,West,Value Seekers,99,2278.8010196432633,1387.6325977177542,891.1684219255092,0.06553297780980041,Organic Search
2024-06-01 00:00:00,Jun,Q2,Eco Basics,Essentials,West,Value Seekers,108,2313.469348971451,1428.0984730329362,885.3708759385147,0.06937085250636156,Email
2024-06-01 00:00:00,Jun,Q2,Eco Basics,Essentials,West,Value Seekers,87,1657.231786105877,1013.851562311536,643.3802237943411,0.16085511711345188,Paid Social
2024-06-01 00:00:00,Jun,Q2,Eco Basics,Essentials,West,Value Seekers,104,2094.9152547341128,1275.367455451179,819.5477992829337,0.10479433079231373,Paid Search
2024-06-01 00:00:00,Jun,Q2,Eco Basics,Essentials,West,Mainstream,103,2426.260901879604,1516.6468455629501,909.6140563166537,0.012670254694776721,Organic Search
2024-06-01 00:00:00,Jun,Q2,Eco Basics,Essentials,West,Mainstream,86,2027.140022418405,1261.083628587271,766.0563938311338,0.06744859023427881,Email
2024-06-01 00:00:00,Jun,Q2,Eco Basics,Essentials,West,Mainstream,74,1457.5445346970987,920.4692229065625,537.0753117905361,0.18424782669138984,Paid Social
2024-06-01 00:00:00,Jun,Q2,Eco Basics,Essentials,West,Mainstream,78,1585.5767311371494,998.7426337615158,586.8340973756336,0.1289103145883594,Paid Search
2024-06-01 00:00:00,Jun,Q2,Eco Basics,Essentials,West,Premium,67,1597.082700591436,1011.3713702406458,585.7113303507901,0.014515391105098988,Organic Search
2024-06-01 00:00:00,Jun,Q2,Eco Basics,Essentials,West,Premium,60,1258.057345096281,755.4667166935644,502.5906284027167,0.0854715082536159,Email
2024-06-01 00:00:00,Jun,Q2,Eco Basics,Essentials,West,Premium,57,1164.0191824246156,744.2637221121705,419.75546031244505,0.11909512873239574,Paid Social
2024-06-01 00:00:00,Jun,Q2,Eco Basics,Essentials,West,Premium,66,1343.8373055822292,846.861264167744,496.97604141448517,0.11955344612780666,Paid Search
2024-06-01 00:00:00,Jun,Q2,Daily Care,Essentials,North,Value Seekers,123,3571.366216955553,2161.573649369668,1409.792567585885,0.1022867222266341,Organic Search
2024-06-01 00:00:00,Jun,Q2,Daily Care,Essentials,North,Value Seekers,101,2923.75756438742,1817.2301953653082,1106.527369022112,0.09535277455715335,Email
2024-06-01 00:00:00,Jun,Q2,Daily Care,Essentials,North,Value Seekers,88,2250.040872903427,1337.4299505638494,912.6109223395777,0.16025052879351423,Paid Social
2024-06-01 00:00:00,Jun,Q2,Daily Care,Essentials,North,Value Seekers,93,2301.025184960421,1340.644415636523,960.380769323898,0.15006290524338303,Paid Search
2024-06-01 00:00:00,Jun,Q2,Daily Care,Essentials,North,Mainstream,96,2878.782446850398,1795.4711909187522,1083.311255931646,0.07968567879205,Organic Search
2024-06-01 00:00:00,Jun,Q2,Daily Care,Essentials,North,Mainstream,90,2812.8258931379564,1734.5150017757276,1078.3108913622289,0.065035770327976,Email
2024-06-01 00:00:00,Jun,Q2,Daily Care,Essentials,North,Mainstream,83,2196.703345329306,1355.7987020647865,840.9046432645196,0.12667909328050192,Paid Social
2024-06-01 00:00:00,Jun,Q2,Daily Care,Essentials,North,Mainstream,78,2098.9243726451436,1264.8862490488225,834.0381235963212,0.09006169221837095,Paid Search
2024-06-01 00:00:00,Jun,Q2,Daily Care,Essentials,North,Premium,78,2283.847899076901,1308.408558330694,975.4393407462069,0.0790375762120494,Organic Search
2024-06-01 00:00:00,Jun,Q2,Daily Care,Essentials,North,Premium,59,1687.4493887351305,1028.1323551116002,659.3170336235303,0.09099861349355069,Email
2024-06-01 00:00:00,Jun,Q2,Daily Care,Essentials,North,Premium,41,1029.1725130084662,592.8197353928647,436.35277761560155,0.1805468436946263,Paid Social
2024-06-01 00:00:00,Jun,Q2,Daily Care,Essentials,North,Premium,58,1533.3327005534613,947.444461981446,585.8882385720153,0.13578546515681017,Paid Search
2024-06-01 00:00:00,Jun,Q2,Daily Care,Essentials,South,Value Seekers,69,1969.8485760249218,1183.6499109729036,786.1986650520182,0.08320090011369911,Organic Search
2024-06-01 00:00:00,Jun,Q2,Daily Care,Essentials,South,Value Seekers,66,2041.1414120534153,1215.0502428662865,826.0911691871288,0.056207311699383845,Email
2024-06-01 00:00:00,Jun,Q2,Daily Care,Essentials,South,Value Seekers,91,2413.0750555382247,1449.595812391334,963.4792431468907,0.14910722919038158,Paid Social
2024-06-01 00:00:00,Jun,Q2,Daily Care,Essentials,South,Value Seekers,60,1600.4770925904245,955.7803251342782,644.6967674561463,0.162373251539139,Paid Search
2024-06-01 00:00:00,Jun,Q2,Daily Care,Essentials,South,Mainstream,83,2540.3884580877434,1517.455287963899,1022.9331701238443,0.03933500909284907,Organic Search
2024-06-01 00:00:00,Jun,Q2,Daily Care,Essentials,South,Mainstream,62,1945.4729460489727,1200.1919068406467,745.2810392083261,0.08263153357935504,Email
2024-06-01 00:00:00,Jun,Q2,Daily Care,Essentials,South,Mainstream,71,1924.5356136534658,1159.4790970584133,765.0565165950525,0.14295875164137944,Paid Social
2024-06-01 00:00:00,Jun,Q2,Daily Care,Essentials,South,Mainstream,66,1814.718491221999,1096.451334933377,718.2671562886221,0.1497410661371309,Paid Search
2024-06-01 00:00:00,Jun,Q2,Daily Care,Essentials,South,Premium,70,2133.931024657233,1257.8232306651053,876.1077939921279,0.04765977441584084,Organic Search
2024-06-01 00:00:00,Jun,Q2,Daily Care,Essentials,South,Premium,44,1294.7491636832533,772.788120461547,521.9610432217063,0.051220819509403034,Email
2024-06-01 00:00:00,Jun,Q2,Daily Care,Essentials,South,Premium,45,1187.547563428697,753.3027842653829,434.2447791633141,0.16716200307225956,Paid Social
2024-06-01 00:00:00,Jun,Q2,Daily Care,Essentials,South,Premium,45,1280.4359230482598,738.9023465469681,541.5335765012917,0.09556589706290723,Paid Search
2024-06-01 00:00:00,Jun,Q2,Daily Care,Essentials,East,Value Seekers,118,3438.2945733098472,2027.8970632016767,1410.3975101081705,0.07247536123718144,Organic Search
2024-06-01 00:00:00,Jun,Q2,Daily Care,Essentials,East,Value Seekers,100,2968.969445384483,1692.2031787635765,1276.7662666209067,0.11027284431539242,Email
2024-06-01 00:00:00,Jun,Q2,Daily Care,Essentials,East,Value Seekers,87,2310.4453833406487,1429.3942249597803,881.0511583808684,0.16630009403004822,Paid Social
2024-06-01 00:00:00,Jun,Q2,Daily Care,Essentials,East,Value Seekers,77,2092.714759654412,1274.3921696470795,818.3225900073323,0.13311294212052444,Paid Search
2024-06-01 00:00:00,Jun,Q2,Daily Care,Essentials,East,Mainstream,99,3013.71776015343,1911.0560908481357,1102.6616693052943,0.030629945546611775,Organic Search
2024-06-01 00:00:00,Jun,Q2,Daily Care,Essentials,East,Mainstream,74,2226.620030600959,1333.2863121397534,893.3337184612058,0.06624179065590725,Email
2024-06-01 00:00:00,Jun,Q2,Daily Care,Essentials,East,Mainstream,80,2093.4968611870586,1239.112896308845,854.3839648782136,0.12680746470198487,Paid Social
2024-06-01 00:00:00,Jun,Q2,Daily Care,Essentials,East,Mainstream,69,2045.4632727880014,1202.4839699737415,842.9793028142599,0.06995734995686165,Paid Search
2024-06-01 00:00:00,Jun,Q2,Daily Care,Essentials,East,Premium,66,1950.3394521701848,1175.1576523656759,775.181799804509,0.06952938340718998,Organic Search
2024-06-01 00:00:00,Jun,Q2,Daily Care,Essentials,East,Premium,43,1364.5123674398315,881.8973646266192,482.6150028132123,0.031875376496398516,Email
2024-06-01 00:00:00,Jun,Q2,Daily Care,Essentials,East,Premium,47,1279.8100555959866,769.898449760615,509.9116058353716,0.1309692451771407,Paid Social
2024-06-01 00:00:00,Jun,Q2,Daily Care,Essentials,East,Premium,42,1187.1990335177725,685.7676958414204,501.4313376763521,0.10172967185978117,Paid Search
2024-06-01 00:00:00,Jun,Q2,Daily Care,Essentials,West,Value Seekers,101,3145.9922139268792,1810.0455256543157,1335.9466882725635,0.04460841922800436,Organic Search
2024-06-01 00:00:00,Jun,Q2,Daily Care,Essentials,West,Value Seekers,105,2830.512723449796,1686.9119946784767,1143.6007287713192,0.13412064709479343,Email
2024-06-01 00:00:00,Jun,Q2,Daily Care,Essentials,West,Value Seekers,67,1783.6508216841928,1101.0316674770754,682.6191542071174,0.16358514902678262,Paid Social
2024-06-01 00:00:00,Jun,Q2,Daily Care,Essentials,West,Value Seekers,76,1980.331530096535,1182.9720865997754,797.3594434967597,0.15978743589932393,Paid Search
2024-06-01 00:00:00,Jun,Q2,Daily Care,Essentials,West,Mainstream,100,2946.891613109405,1719.2377086372771,1227.653904472128,0.10872771395062582,Organic Search
2024-06-01 00:00:00,Jun,Q2,Daily Care,Essentials,West,Mainstream,73,2073.405092893209,1228.6695485589014,844.7355443343074,0.0724997040941388,Email
2024-06-01 00:00:00,Jun,Q2,Daily Care,Essentials,West,Mainstream,73,2190.036723048276,1356.975949883361,833.0607731649152,0.07772096479621352,Paid Social
2024-06-01 00:00:00,Jun,Q2,Daily Care,Essentials,West,Mainstream,66,1800.4623850175155,1128.8428053931466,671.619579624369,0.11101786739233958,Paid Search
2024-06-01 00:00:00,Jun,Q2,Daily Care,Essentials,West,Premium,53,1609.444917243262,1000.3836979992766,609.0612192439853,0.04841741943046658,Organic Search
2024-06-01 00:00:00,Jun,Q2,Daily Care,Essentials,West,Premium,47,1377.5502580334798,852.4432673454968,525.1069906879831,0.07035841055439401,Email
2024-06-01 00:00:00,Jun,Q2,Daily Care,Essentials,West,Premium,36,939.8472158174411,563.9578287999351,375.889387017506,0.16887493901354045,Paid Social
2024-06-01 00:00:00,Jun,Q2,Daily Care,Essentials,West,Premium,47,1284.070869196767,765.943205876775,518.127663319992,0.12444770978529135,Paid Search
2024-06-01 00:00:00,Jun,Q2,Home Comfort,Home,North,Value Seekers,82,4322.852972080448,2546.2174306899083,1776.6355413905399,0.09137259806591007,Organic Search
2024-06-01 00:00:00,Jun,Q2,Home Comfort,Home,North,Value Seekers,78,4066.1498013731016,2280.964245617397,1785.1855557557046,0.09993819391432886,Email
2024-06-01 00:00:00,Jun,Q2,Home Comfort,Home,North,Value Seekers,63,3139.254911212561,1807.2044243450744,1332.0504868674868,0.14943760261418915,Paid Social
2024-06-01 00:00:00,Jun,Q2,Home Comfort,Home,North,Value Seekers,68,3499.012018280717,1952.911155132507,1546.1008631482098,0.13880352680868105,Paid Search
2024-06-01 00:00:00,Jun,Q2,Home Comfort,Home,North,Mainstream,60,3245.9426766006222,1878.6261559202503,1367.316520680372,0.04782461941704657,Organic Search
2024-06-01 00:00:00,Jun,Q2,Home Comfort,Home,North,Mainstream,59,3127.871713610162,1770.1783109360497,1357.6934026741121,0.07493283530725667,Email
2024-06-01 00:00:00,Jun,Q2,Home Comfort,Home,North,Mainstream,51,2514.514399319414,1388.5155999821334,1125.9987993372808,0.1628913451064586,Paid Social
2024-06-01 00:00:00,Jun,Q2,Home Comfort,Home,North,Mainstream,64,3180.7203520224607,1909.0596336176632,1271.6607184047975,0.10772817762766085,Paid Search
2024-06-01 00:00:00,Jun,Q2,Home Comfort,Home,North,Premium,46,2504.0190407379355,1415.2160296568186,1088.803011081117,0.03283488670379498,Organic Search
2024-06-01 00:00:00,Jun,Q2,Home Comfort,Home,North,Premium,27,1441.5683745424706,851.7542721615707,589.8141023808998,0.05228054493196255,Email
2024-06-01 00:00:00,Jun,Q2,Home Comfort,Home,North,Premium,44,2114.0968154252296,1186.1213067868835,927.9755086383461,0.15309997388960822,Paid Social
2024-06-01 00:00:00,Jun,Q2,Home Comfort,Home,North,Premium,35,1726.6724253864043,1020.0359459805736,706.6364794058306,0.09617106238112269,Paid Search
2024-06-01 00:00:00,Jun,Q2,Home Comfort,Home,South,Value Seekers,65,3372.5448339441923,1841.1459643639598,1531.3988695802325,0.09766142880736611,Organic Search
2024-06-01 00:00:00,Jun,Q2,Home Comfort,Home,South,Value Seekers,60,3087.128461176176,1813.1316408005052,1273.996820375671,0.1053042904654646,Email
2024-06-01 00:00:00,Jun,Q2,Home Comfort,Home,South,Value Seekers,49,2404.5634135343903,1323.5148064889647,1081.0486070454256,0.1347973373309893,Paid Social
2024-06-01 00:00:00,Jun,Q2,Home Comfort,Home,South,Value Seekers,53,2491.9671047620145,1424.3328652018504,1067.6342395601641,0.12289394548711889,Paid Search
2024-06-01 00:00:00,Jun,Q2,Home Comfort,Home,South,Mainstream,58,3209.334402732067,1874.2488227374517,1335.085579994615,0.08853302862003302,Organic Search
2024-06-01 00:00:00,Jun,Q2,Home Comfort,Home,South,Mainstream,66,3504.1878389863177,1878.646354391431,1625.5414845948867,0.07186714606592215,Email
2024-06-01 00:00:00,Jun,Q2,Home Comfort,Home,South,Mainstream,41,2049.738379707662,1164.841216410413,884.8971632972489,0.1159464692952404,Paid Social
2024-06-01 00:00:00,Jun,Q2,Home Comfort,Home,South,Mainstream,60,2982.972335263914,1768.6183174145447,1214.3540178493693,0.08469810984210924,Paid Search
2024-06-01 00:00:00,Jun,Q2,Home Comfort,Home,South,Premium,40,2239.2075697161345,1200.088508580191,1039.1190611359434,0.03971848923791292,Organic Search
2024-06-01 00:00:00,Jun,Q2,Home Comfort,Home,South,Premium,33,1747.854269967938,966.4967108425628,781.3575591253752,0.0684465983382673,Email
2024-06-01 00:00:00,Jun,Q2,Home Comfort,Home,South,Premium,33,1504.7585817978745,845.935692793692,658.8228890041825,0.1785188094129193,Paid Social
2024-06-01 00:00:00,Jun,Q2,Home Comfort,Home,South,Premium,32,1615.3022823610268,886.6478050340753,728.6544773269515,0.14038985611490407,Paid Search
2024-06-01 00:00:00,Jun,Q2,Home Comfort,Home,East,Value Seekers,75,4224.124388738001,2413.0037416354307,1811.1206471025698,0.035154558803144866,Organic Search
2024-06-01 00:00:00,Jun,Q2,Home Comfort,Home,East,Value Seekers,80,4604.837220207074,2699.6473976501275,1905.1898225569466,0.01973429208454791,Email
2024-06-01 00:00:00,Jun,Q2,Home Comfort,Home,East,Value Seekers,72,3318.006867572201,1813.7582245865888,1504.2486429856122,0.1427667732979982,Paid Social
2024-06-01 00:00:00,Jun,Q2,Home Comfort,Home,East,Value Seekers,59,3019.9941273399922,1706.9410415043008,1313.0530858356915,0.10344723862011462,Paid Search
2024-06-01 00:00:00,Jun,Q2,Home Comfort,Home,East,Mainstream,74,4212.731314269192,2404.1052466528167,1808.6260676163752,0.03903931581961817,Organic Search
2024-06-01 00:00:00,Jun,Q2,Home Comfort,Home,East,Mainstream,59,3339.643375303252,1943.0556730058481,1396.587702297404,0.06619952735918255,Email
2024-06-01 00:00:00,Jun,Q2,Home Comfort,Home,East,Mainstream,43,2241.286453155191,1202.9746834394189,1038.311769715772,0.12801187513420542,Paid Social
2024-06-01 00:00:00,Jun,Q2,Home Comfort,Home,East,Mainstream,59,2863.5203149632503,1654.5281528941473,1208.992162069103,0.1069558335675232,Paid Search
2024-06-01 00:00:00,Jun,Q2,Home Comfort,Home,East,Premium,32,1728.759134191883,951.5169327720918,777.2422014197913,0.05971618115083277,Organic Search
2024-06-01 00:00:00,Jun,Q2,Home Comfort,Home,East,Premium,26,1274.716212700535,675.7054407770744,599.0107719234605,0.14003432474087446,Email
2024-06-01 00:00:00,Jun,Q2,Home Comfort,Home,East,Premium,33,1583.9798888040746,914.2364916883257,669.7433971157488,0.1606536404010129,Paid Social
2024-06-01 00:00:00,Jun,Q2,Home Comfort,Home,East,Premium,30,1504.3264579318247,880.0851364053993,624.2413215264254,0.11074943835406889,Paid Search
2024-06-01 00:00:00,Jun,Q2,Home Comfort,Home,West,Value Seekers,82,4498.762353650768,2587.628275644453,1911.1340780063151,0.08248897270623007,Organic Search
2024-06-01 00:00:00,Jun,Q2,Home Comfort,Home,West,Value Seekers,60,3041.6664849977424,1668.8206927712445,1372.845792226498,0.09897120181697298,Email
2024-06-01 00:00:00,Jun,Q2,Home Comfort,Home,West,Value Seekers,48,2120.554692462507,1226.356589370351,894.1981030921559,0.1645728640905064,Paid Social
2024-06-01 00:00:00,Jun,Q2,Home Comfort,Home,West,Value Seekers,57,2761.091056309488,1629.5950026609144,1131.4960536485737,0.13727017263748617,Paid Search
2024-06-01 00:00:00,Jun,Q2,Home Comfort,Home,West,Mainstream,60,3324.0892847457476,1917.0879233780881,1407.0013613676595,0.054544530814679006,Organic Search
2024-06-01 00:00:00,Jun,Q2,Home Comfort,Home,West,Mainstream,55,2943.603909089902,1701.587779989099,1242.016129100803,0.06343560851710946,Email
2024-06-01 00:00:00,Jun,Q2,Home Comfort,Home,West,Mainstream,59,2741.72424275942,1626.932811388236,1114.7914313711842,0.16995563483003218,Paid Social
2024-06-01 00:00:00,Jun,Q2,Home Comfort,Home,West,Mainstream,58,3070.086118121216,1755.7941226800767,1314.291995441139,0.10214895640556362,Paid Search
2024-06-01 00:00:00,Jun,Q2,Home Comfort,Home,West,Premium,37,1943.1140815243946,1079.8343060674642,863.2797754569303,0.0577634909478551,Organic Search
2024-06-01 00:00:00,Jun,Q2,Home Comfort,Home,West,Premium,38,2135.587574136353,1194.2010960997443,941.3864780366087,0.040231354981583214,Email
2024-06-01 00:00:00,Jun,Q2,Home Comfort,Home,West,Premium,34,1704.7820119029316,1031.9794786855084,672.8025332174232,0.12030693916836203,Paid Social
2024-06-01 00:00:00,Jun,Q2,Home Comfort,Home,West,Premium,32,1565.1726816959379,898.7670840705839,666.405597625354,0.12837901416337794,Paid Search
2024-06-01 00:00:00,Jun,Q2,Smart Kitchen,Home,North,Value Seekers,50,4298.675145072679,2432.242058848664,1866.433086224015,0.04873586526241416,Organic Search
2024-06-01 00:00:00,Jun,Q2,Smart Kitchen,Home,North,Value Seekers,45,3784.793956149388,2060.4957451096125,1724.2982110397757,0.06783402076988505,Email
2024-06-01 00:00:00,Jun,Q2,Smart Kitchen,Home,North,Value Seekers,43,2966.7835695805134,1647.557932627542,1319.2256369529714,0.1769409275481222,Paid Social
2024-06-01 00:00:00,Jun,Q2,Smart Kitchen,Home,North,Value Seekers,47,3198.302211072331,1674.1105454839621,1524.1916655883688,0.16287169495244624,Paid Search
2024-06-01 00:00:00,Jun,Q2,Smart Kitchen,Home,North,Mainstream,48,3831.5021053149403,2032.474627419772,1799.0274778951682,0.07756730115185946,Organic Search
2024-06-01 00:00:00,Jun,Q2,Smart Kitchen,Home,North,Mainstream,46,3576.849591609497,1981.6617745481592,1595.187817061338,0.090121398454502,Email
2024-06-01 00:00:00,Jun,Q2,Smart Kitchen,Home,North,Mainstream,39,2919.4923300535647,1640.1874177237999,1279.3049123297649,0.09904385852263667,Paid Social
2024-06-01 00:00:00,Jun,Q2,Smart Kitchen,Home,North,Mainstream,50,3882.3392277877347,2090.273650285093,1792.0655775026416,0.10736381975866181,Paid Search
2024-06-01 00:00:00,Jun,Q2,Smart Kitchen,Home,North,Premium,28,2370.445726732387,1302.2799398442066,1068.1657868881803,0.08444935834813536,Organic Search
2024-06-01 00:00:00,Jun,Q2,Smart Kitchen,Home,North,Premium,36,2995.7525182411414,1686.307816256971,1309.4447019841705,0.01789170946642999,Email
2024-06-01 00:00:00,Jun,Q2,Smart Kitchen,Home,North,Premium,23,1605.1596164228033,861.5107911471657,743.6488252756376,0.14080662026928134,Paid Social
2024-06-01 00:00:00,Jun,Q2,Smart Kitchen,Home,North,Premium,31,2207.0813608062845,1115.4194281097264,1091.661932696558,0.10613516898918621,Paid Search
2024-06-01 00:00:00,Jun,Q2,Smart Kitchen,Home,South,Value Seekers,39,3197.006964359707,1812.365837677708,1384.6411266819991,0.07115529009177293,Organic Search
2024-06-01 00:00:00,Jun,Q2,Smart Kitchen,Home,South,Value Seekers,37,2882.2381584411633,1560.1070090844232,1322.13114935674,0.09503486396788204,Email
2024-06-01 00:00:00,Jun,Q2,Smart Kitchen,Home,South,Value Seekers,30,2021.437276103146,1075.7463613184163,945.6909147847296,0.17597392035531864,Paid Social
2024-06-01 00:00:00,Jun,Q2,Smart Kitchen,Home,South,Value Seekers,49,3389.7140018924038,1762.810775046743,1626.9032268456608,0.10304994361739538,Paid Search
2024-06-01 00:00:00,Jun,Q2,Smart Kitchen,Home,South,Mainstream,41,3331.4104536871196,1739.9309345611114,1591.4795191260082,0.03704664858332857,Organic Search
2024-06-01 00:00:00,Jun,Q2,Smart Kitchen,Home,South,Mainstream,34,2881.7929300515607,1480.6996190213163,1401.0933110302444,0.0,Email
2024-06-01 00:00:00,Jun,Q2,Smart Kitchen,Home,South,Mainstream,34,2476.2045352805785,1411.949750266796,1064.2547850137826,0.1193408678683533,Paid Social
2024-06-01 00:00:00,Jun,Q2,Smart Kitchen,Home,South,Mainstream,26,1794.9857070690719,964.121473447541,830.8642336215308,0.11817576420296803,Paid Search
2024-06-01 00:00:00,Jun,Q2,Smart Kitchen,Home,South,Premium,33,2726.2441818368025,1443.6735018447778,1282.5706799920247,0.0,Organic Search
2024-06-01 00:00:00,Jun,Q2,Smart Kitchen,Home,South,Premium,19,1541.469506291861,807.3303552584338,734.1391510334273,0.06991297878566996,Email
2024-06-01 00:00:00,Jun,Q2,Smart Kitchen,Home,South,Premium,25,1921.4880616733085,1091.4349802678516,830.0530814054569,0.13200419339679803,Paid Social
2024-06-01 00:00:00,Jun,Q2,Smart Kitchen,Home,South,Premium,24,1771.9331529267772,1020.8378982831393,751.0952546436379,0.14332238387984522,Paid Search
2024-06-01 00:00:00,Jun,Q2,Smart Kitchen,Home,East,Value Seekers,54,4415.964209870175,2543.1282965743376,1872.8359132958376,0.09196637125450949,Organic Search
2024-06-01 00:00:00,Jun,Q2,Smart Kitchen,Home,East,Value Seekers,45,3548.5268782532394,1920.987845164568,1627.5390330886714,0.09541386845945515,Email
2024-06-01 00:00:00,Jun,Q2,Smart Kitchen,Home,East,Value Seekers,40,2960.9126850374005,1683.1193152539754,1277.793369783425,0.14147093328412927,Paid Social
2024-06-01 00:00:00,Jun,Q2,Smart Kitchen,Home,East,Value Seekers,43,2834.1291359905395,1507.2069630264116,1326.9221729641279,0.16291419034444252,Paid Search
2024-06-01 00:00:00,Jun,Q2,Smart Kitchen,Home,East,Mainstream,55,4445.393880535489,2404.8892194461596,2040.5046610893296,0.04353088970319054,Organic Search
2024-06-01 00:00:00,Jun,Q2,Smart Kitchen,Home,East,Mainstream,39,2876.8346364320237,1528.4858354089681,1348.3488010230556,0.08103549399732377,Email
2024-06-01 00:00:00,Jun,Q2,Smart Kitchen,Home,East,Mainstream,50,3755.083856787302,1989.3662935501734,1765.7175632371286,0.1410927599247996,Paid Social
2024-06-01 00:00:00,Jun,Q2,Smart Kitchen,Home,East,Mainstream,35,2493.7410786153546,1346.0859861667423,1147.6550924486123,0.13281359070998505,Paid Search
2024-06-01 00:00:00,Jun,Q2,Smart Kitchen,Home,East,Premium,35,2936.241894862324,1580.2762565778066,1355.9656382845174,0.03217019239084668,Organic Search
2024-06-01 00:00:00,Jun,Q2,Smart Kitchen,Home,East,Premium,23,1835.057648325149,997.6058607207118,837.4517876044373,0.07537314911941764,Email
2024-06-01 00:00:00,Jun,Q2,Smart Kitchen,Home,East,Premium,30,2220.6336705880162,1136.2420174700344,1084.3916531179818,0.11523157703146791,Paid Social
2024-06-01 00:00:00,Jun,Q2,Smart Kitchen,Home,East,Premium,25,1801.4323838991977,981.8816019981339,819.5507819010638,0.12930203696668466,Paid Search
2024-06-01 00:00:00,Jun,Q2,Smart Kitchen,Home,West,Value Seekers,41,3184.008729073876,1687.2096791146148,1496.7990499592613,0.10589641160214747,Organic Search
2024-06-01 00:00:00,Jun,Q2,Smart Kitchen,Home,West,Value Seekers,43,3306.626235155498,1744.807694646177,1561.8185405093209,0.08372915820471924,Email
2024-06-01 00:00:00,Jun,Q2,Smart Kitchen,Home,West,Value Seekers,34,2388.144636470323,1253.9484376229343,1134.1961988473886,0.12800880379126892,Paid Social
2024-06-01 00:00:00,Jun,Q2,Smart Kitchen,Home,West,Value Seekers,52,3636.1138817891815,1949.9427532833429,1686.1711285058386,0.15478927546132742,Paid Search
2024-06-01 00:00:00,Jun,Q2,Smart Kitchen,Home,West,Mainstream,46,3702.504177429066,1941.742232557189,1760.7619448718772,0.04294687642155663,Organic Search
2024-06-01 00:00:00,Jun,Q2,Smart Kitchen,Home,West,Mainstream,28,2135.1472325230516,1123.3991857054486,1011.7480468176029,0.08731939424270595,Email
2024-06-01 00:00:00,Jun,Q2,Smart Kitchen,Home,West,Mainstream,30,2061.513316364824,1107.6646139867307,953.8487023780931,0.16487171734469847,Paid Social
2024-06-01 00:00:00,Jun,Q2,Smart Kitchen,Home,West,Mainstream,43,3313.880582552315,1742.0942130566727,1571.7863694956422,0.08657555104648613,Paid Search
2024-06-01 00:00:00,Jun,Q2,Smart Kitchen,Home,West,Premium,34,2709.337705239495,1496.6295581535492,1212.7081470859457,0.0824673322748356,Organic Search
2024-06-01 00:00:00,Jun,Q2,Smart Kitchen,Home,West,Premium,25,2012.6549005676395,1122.472227359821,890.1826732078184,0.08524344308341764,Email
2024-06-01 00:00:00,Jun,Q2,Smart Kitchen,Home,West,Premium,22,1584.210737477787,841.7372543966775,742.4734830811095,0.11873043128429618,Paid Social
2024-06-01 00:00:00,Jun,Q2,Smart Kitchen,Home,West,Premium,29,2062.7877356516233,1082.5414035040087,980.2463321476146,0.12606507032637354,Paid Search
2024-06-01 00:00:00,Jun,Q2,Activewear,Lifestyle,North,Value Seekers,71,4822.155569000805,2697.8201861330713,2124.335382867734,0.0720716210467249,Organic Search
2024-06-01 00:00:00,Jun,Q2,Activewear,Lifestyle,North,Value Seekers,70,4281.31796085237,2344.534839494018,1936.7831213583518,0.10311461707619038,Email
2024-06-01 00:00:00,Jun,Q2,Activewear,Lifestyle,North,Value Seekers,52,3092.0498024767585,1647.2603027418745,1444.789499734884,0.1368371686305063,Paid Social
2024-06-01 00:00:00,Jun,Q2,Activewear,Lifestyle,North,Value Seekers,53,3056.6772368629177,1730.2591272306813,1326.4181096322363,0.15371751190987248,Paid Search
2024-06-01 00:00:00,Jun,Q2,Activewear,Lifestyle,North,Mainstream,52,3606.6396079484575,1926.470878525569,1680.1687294228884,0.048135183074798096,Organic Search
2024-06-01 00:00:00,Jun,Q2,Activewear,Lifestyle,North,Mainstream,55,3623.8392127663,1994.9699075431677,1628.8693052231324,0.083753212030447,Email
2024-06-01 00:00:00,Jun,Q2,Activewear,Lifestyle,North,Mainstream,49,2684.13389750674,1584.878087919659,1099.255809587081,0.18063325772687988,Paid Social
2024-06-01 00:00:00,Jun,Q2,Activewear,Lifestyle,North,Mainstream,43,2603.7316322595016,1434.5197623138151,1169.2118699456864,0.11350697072308669,Paid Search
2024-06-01 00:00:00,Jun,Q2,Activewear,Lifestyle,North,Premium,40,2944.4342556995475,1587.086765187326,1357.3474905122216,0.03982460270483072,Organic Search
2024-06-01 00:00:00,Jun,Q2,Activewear,Lifestyle,North,Premium,30,2051.4108766787713,1134.081708339506,917.3291683392654,0.07256726291871468,Email
2024-06-01 00:00:00,Jun,Q2,Activewear,Lifestyle,North,Premium,35,2101.6231597590786,1202.9317665480412,898.6913932110374,0.11207647789744092,Paid Social
2024-06-01 00:00:00,Jun,Q2,Activewear,Lifestyle,North,Premium,40,2439.0830869298834,1400.7135251535694,1038.369561776314,0.11132096293953875,Paid Search
2024-06-01 00:00:00,Jun,Q2,Activewear,Lifestyle,South,Value Seekers,57,4027.4408094988266,2316.5365122472463,1710.9042972515804,0.05267607488671963,Organic Search
2024-06-01 00:00:00,Jun,Q2,Activewear,Lifestyle,South,Value Seekers,48,2882.655321941228,1625.9316414109592,1256.723680530269,0.09790219555272335,Email
2024-06-01 00:00:00,Jun,Q2,Activewear,Lifestyle,South,Value Seekers,45,2740.331289423573,1548.8574422920597,1191.4738471315131,0.14129772542878344,Paid Social
2024-06-01 00:00:00,Jun,Q2,Activewear,Lifestyle,South,Value Seekers,51,3163.0032415898236,1712.853672014983,1450.1495695748406,0.1357444052007205,Paid Search
2024-06-01 00:00:00,Jun,Q2,Activewear,Lifestyle,South,Mainstream,54,3633.6020414290806,2154.5566441866154,1479.0453972424652,0.05943886832094777,Organic Search
2024-06-01 00:00:00,Jun,Q2,Activewear,Lifestyle,South,Mainstream,46,3119.369808675688,1713.8255851196584,1405.5442235560297,0.08232989221224697,Email
2024-06-01 00:00:00,Jun,Q2,Activewear,Lifestyle,South,Mainstream,43,2801.8533909814773,1548.5604840133124,1253.292906968165,0.08143804155836634,Paid Social
2024-06-01 00:00:00,Jun,Q2,Activewear,Lifestyle,South,Mainstream,50,3142.1818708284486,1770.6600712991815,1371.5217995292671,0.1334294953635434,Paid Search
2024-06-01 00:00:00,Jun,Q2,Activewear,Lifestyle,South,Premium,33,2282.6322771251535,1274.2743842785196,1008.3578928466338,0.06562044557634689,Organic Search
2024-06-01 00:00:00,Jun,Q2,Activewear,Lifestyle,South,Premium,24,1540.6489666488455,851.044888557491,689.6040780913545,0.08946935769944456,Email
2024-06-01 00:00:00,Jun,Q2,Activewear,Lifestyle,South,Premium,29,1805.8134682577274,1036.9712651769075,768.8422030808199,0.14813129189635862,Paid Social
2024-06-01 00:00:00,Jun,Q2,Activewear,Lifestyle,South,Premium,30,1940.9061994890264,1113.2908492673616,827.6153502216648,0.11288011108381417,Paid Search
2024-06-01 00:00:00,Jun,Q2,Activewear,Lifestyle,East,Value Seekers,61,4029.126216344001,2252.256830610032,1776.869385733969,0.05833452579560887,Organic Search
2024-06-01 00:00:00,Jun,Q2,Activewear,Lifestyle,East,Value Seekers,51,3333.0727018339744,1819.9227136055376,1513.1499882284368,0.08803523010077953,Email
2024-06-01 00:00:00,Jun,Q2,Activewear,Lifestyle,East,Value Seekers,53,3059.347405328305,1639.888418452692,1419.458986875613,0.15563890164286795,Paid Social
2024-06-01 00:00:00,Jun,Q2,Activewear,Lifestyle,East,Value Seekers,49,2921.759536170765,1684.7001670648267,1237.0593691059382,0.17269910481373357,Paid Search
2024-06-01 00:00:00,Jun,Q2,Activewear,Lifestyle,East,Mainstream,62,4007.517156256492,2270.551186163051,1736.9659700934408,0.055417991053072074,Organic Search
2024-06-01 00:00:00,Jun,Q2,Activewear,Lifestyle,East,Mainstream,57,3570.2847272724603,2063.018348349089,1507.2663789233711,0.07612243254281824,Email
2024-06-01 00:00:00,Jun,Q2,Activewear,Lifestyle,East,Mainstream,37,2211.814345263793,1234.0843665914751,977.7299786723177,0.11804695740986369,Paid Social
2024-06-01 00:00:00,Jun,Q2,Activewear,Lifestyle,East,Mainstream,38,2331.9157119021565,1274.700064274658,1057.2156476274986,0.1308243232010909,Paid Search
2024-06-01 00:00:00,Jun,Q2,Activewear,Lifestyle,East,Premium,31,2213.190482070058,1239.2168454848888,973.9736365851691,0.04438300245925325,Organic Search
2024-06-01 00:00:00,Jun,Q2,Activewear,Lifestyle,East,Premium,33,2144.5347963437007,1284.7510614746604,859.7837348690402,0.09148535636898633,Email
2024-06-01 00:00:00,Jun,Q2,Activewear,Lifestyle,East,Premium,30,1790.8117399014334,1029.4949691460736,761.3167707553598,0.14967870790152268,Paid Social
2024-06-01 00:00:00,Jun,Q2,Activewear,Lifestyle,East,Premium,28,1730.978622176812,994.7515850710441,736.2270371057679,0.10137553081287361,Paid Search
2024-06-01 00:00:00,Jun,Q2,Activewear,Lifestyle,West,Value Seekers,56,4068.624764317845,2371.5140697152938,1697.1106946025511,0.025274690237463975,Organic Search
2024-06-01 00:00:00,Jun,Q2,Activewear,Lifestyle,West,Value Seekers,65,4518.825801091897,2563.778382807978,1955.0474182839193,0.08182316422840535,Email
2024-06-01 00:00:00,Jun,Q2,Activewear,Lifestyle,West,Value Seekers,45,2748.653011607951,1506.8228630362148,1241.8301485717363,0.13212184343341282,Paid Social
2024-06-01 00:00:00,Jun,Q2,Activewear,Lifestyle,West,Value Seekers,44,2532.500797244697,1489.4203991872284,1043.0803980574685,0.14487419264976895,Paid Search
2024-06-01 00:00:00,Jun,Q2,Activewear,Lifestyle,West,Mainstream,57,3785.559007671762,2210.0855769845307,1575.4734306872315,0.06349877251887757,Organic Search
2024-06-01 00:00:00,Jun,Q2,Activewear,Lifestyle,West,Mainstream,49,3340.391845394318,1890.4507221538852,1449.9411232404327,0.06917329996595581,Email
2024-06-01 00:00:00,Jun,Q2,Activewear,Lifestyle,West,Mainstream,62,3890.2327807152815,2087.0018543145547,1803.2309264007267,0.1250680266038438,Paid Social
2024-06-01 00:00:00,Jun,Q2,Activewear,Lifestyle,West,Mainstream,43,2676.624726602799,1451.1481042590206,1225.4766223437784,0.12465171081176367,Paid Search
2024-06-01 00:00:00,Jun,Q2,Activewear,Lifestyle,West,Premium,38,2385.2725467381642,1358.1655329890616,1027.1070137491026,0.0669637413655263,Organic Search
2024-06-01 00:00:00,Jun,Q2,Activewear,Lifestyle,West,Premium,51,3441.444514375522,1844.2311490710017,1597.2133653045203,0.05641996249059158,Email
2024-06-01 00:00:00,Jun,Q2,Activewear,Lifestyle,West,Premium,34,2023.2134876762282,1128.7572985870825,894.4561890891457,0.14082158434950534,Paid Social
2024-06-01 00:00:00,Jun,Q2,Activewear,Lifestyle,West,Premium,30,1897.4322742959798,1095.7070419145205,801.7252323814594,0.13223029561660754,Paid Search
2024-06-01 00:00:00,Jun,Q2,Premium Audio,Electronics,North,Value Seekers,44,5864.117559912227,2799.397828547024,3064.719731365203,0.04454365246455679,Organic Search
2024-06-01 00:00:00,Jun,Q2,Premium Audio,Electronics,North,Value Seekers,38,4941.554647965266,2524.776978033254,2416.7776699320116,0.11440346725167304,Email
2024-06-01 00:00:00,Jun,Q2,Premium Audio,Electronics,North,Value Seekers,28,3278.5919848963576,1574.7634946250378,1703.8284902713199,0.13601612598379692,Paid Social
2024-06-01 00:00:00,Jun,Q2,Premium Audio,Electronics,North,Value Seekers,38,4429.256128229506,2277.6557659411833,2151.600362288323,0.13542746081440182,Paid Search
2024-06-01 00:00:00,Jun,Q2,Premium Audio,Electronics,North,Mainstream,39,5535.897445292711,2585.3046274849853,2950.592817807726,0.03265583481258124,Organic Search
2024-06-01 00:00:00,Jun,Q2,Premium Audio,Electronics,North,Mainstream,32,4056.522698758007,2068.949762904956,1987.5729358530511,0.09277267587584374,Email
2024-06-01 00:00:00,Jun,Q2,Premium Audio,Electronics,North,Mainstream,27,3423.6787510185777,1759.2576130775888,1664.421137940989,0.15638885895721133,Paid Social
2024-06-01 00:00:00,Jun,Q2,Premium Audio,Electronics,North,Mainstream,32,4415.98388664783,2178.8118492712624,2237.172037376568,0.09569162490459529,Paid Search
2024-06-01 00:00:00,Jun,Q2,Premium Audio,Electronics,North,Premium,27,3715.0699337648407,1880.197856334951,1834.8720774298897,0.04730040784968475,Organic Search
2024-06-01 00:00:00,Jun,Q2,Premium Audio,Electronics,North,Premium,21,2871.3367086737976,1433.3268941138913,1438.0098145599063,0.07835936867183248,Email
2024-06-01 00:00:00,Jun,Q2,Premium Audio,Electronics,North,Premium,27,3337.9896765391118,1432.7972741069525,1905.1924024321593,0.1309570753045684,Paid Social
2024-06-01 00:00:00,Jun,Q2,Premium Audio,Electronics,North,Premium,18,2230.9772783758704,1051.3566247098486,1179.6206536660218,0.10875874515392965,Paid Search
2024-06-01 00:00:00,Jun,Q2,Premium Audio,Electronics,South,Value Seekers,37,4948.068744025797,2498.069431674959,2449.999312350838,0.09508414731822865,Organic Search
2024-06-01 00:00:00,Jun,Q2,Premium Audio,Electronics,South,Value Seekers,20,2737.0065273139226,1310.7839130369202,1426.2226142770023,0.046844650951052766,Email
2024-06-01 00:00:00,Jun,Q2,Premium Audio,Electronics,South,Value Seekers,34,4532.998320310829,2260.6476950790666,2272.350625231762,0.11217871616630426,Paid Social
2024-06-01 00:00:00,Jun,Q2,Premium Audio,Electronics,South,Value Seekers,25,2972.501902651706,1450.0477871427206,1522.4541155089855,0.13894170260849467,Paid Search
2024-06-01 00:00:00,Jun,Q2,Premium Audio,Electronics,South,Mainstream,29,3865.9815739965143,1928.209175683636,1937.7723983128783,0.06125136677962866,Organic Search
2024-06-01 00:00:00,Jun,Q2,Premium Audio,Electronics,South,Mainstream,26,3427.1746626687664,1714.942111241342,1712.2325514274244,0.11193098982436142,Email
2024-06-01 00:00:00,Jun,Q2,Premium Audio,Electronics,South,Mainstream,29,3397.498649740751,1704.028436776984,1693.4702129637667,0.16761194259593667,Paid Social
2024-06-01 00:00:00,Jun,Q2,Premium Audio,Electronics,South,Mainstream,23,2884.849623899447,1327.2949124599743,1557.5547114394728,0.11042262697100515,Paid Search
2024-06-01 00:00:00,Jun,Q2,Premium Audio,Electronics,South,Premium,19,2558.0158378045394,1241.4098004199416,1316.6060373845978,0.11787042348715804,Organic Search
2024-06-01 00:00:00,Jun,Q2,Premium Audio,Electronics,South,Premium,14,1881.193979463395,927.9295922193459,953.2643872440491,0.07023565901409434,Email
2024-06-01 00:00:00,Jun,Q2,Premium Audio,Electronics,South,Premium,16,1944.8082276565588,945.4005418305496,999.4076858260091,0.14408619366543696,Paid Social
2024-06-01 00:00:00,Jun,Q2,Premium Audio,Electronics,South,Premium,20,2517.0933659648304,1229.7794005244684,1287.313965440362,0.1484464443992343,Paid Search
2024-06-01 00:00:00,Jun,Q2,Premium Audio,Electronics,East,Value Seekers,30,3875.6579853249755,1988.6015942877052,1887.0563910372703,0.10093424483908998,Organic Search
2024-06-01 00:00:00,Jun,Q2,Premium Audio,Electronics,East,Value Seekers,38,4974.749849839137,2493.190488004312,2481.559361834825,0.08741030263382339,Email
2024-06-01 00:00:00,Jun,Q2,Premium Audio,Electronics,East,Value Seekers,31,3592.887951287242,1724.735903396719,1868.1520478905227,0.148509867531063,Paid Social
2024-06-01 00:00:00,Jun,Q2,Premium Audio,Electronics,East,Value Seekers,26,3249.4408735115644,1672.1358429914499,1577.3050305201145,0.1256574213926837,Paid Search
2024-06-01 00:00:00,Jun,Q2,Premium Audio,Electronics,East,Mainstream,41,5722.448787038329,2996.631817746698,2725.8169692916313,0.07736406136534489,Organic Search
2024-06-01 00:00:00,Jun,Q2,Premium Audio,Electronics,East,Mainstream,35,4901.655698199194,2470.2489706592505,2431.406727539944,0.05751995004310175,Email
2024-06-01 00:00:00,Jun,Q2,Premium Audio,Electronics,East,Mainstream,33,3793.376183207111,1887.852628357712,1905.5235548493988,0.1872320613562563,Paid Social
2024-06-01 00:00:00,Jun,Q2,Premium Audio,Electronics,East,Mainstream,19,2611.2072551155184,1263.6733612878006,1347.5338938277177,0.09549029371291312,Paid Search
2024-06-01 00:00:00,Jun,Q2,Premium Audio,Electronics,East,Premium,16,2184.180251661418,1049.6587613709344,1134.5214902904836,0.03387760353389156,Organic Search
2024-06-01 00:00:00,Jun,Q2,Premium Audio,Electronics,East,Premium,23,3298.2137279775634,1671.0936643055581,1627.1200636720052,0.03585510179872639,Email
2024-06-01 00:00:00,Jun,Q2,Premium Audio,Electronics,East,Premium,13,1624.4755960474788,744.1956533713083,880.2799426761705,0.16943021968542288,Paid Social
2024-06-01 00:00:00,Jun,Q2,Premium Audio,Electronics,East,Premium,17,2165.8400361384834,1043.8361438836514,1122.003892254832,0.08925292211783648,Paid Search
2024-06-01 00:00:00,Jun,Q2,Premium Audio,Electronics,West,Value Seekers,32,4295.059472720955,2048.6960098168997,2246.363462904055,0.07548272282830136,Organic Search
2024-06-01 00:00:00,Jun,Q2,Premium Audio,Electronics,West,Value Seekers,29,4020.1856146881305,1888.1444395497567,2132.0411751383735,0.03561128057531076,Email
2024-06-01 00:00:00,Jun,Q2,Premium Audio,Electronics,West,Value Seekers,24,2753.346414904342,1307.0678286432897,1446.2785862610524,0.15685451621129168,Paid Social
2024-06-01 00:00:00,Jun,Q2,Premium Audio,Electronics,West,Value Seekers,22,2864.69472712634,1424.62788443387,1440.06684269247,0.1072828967252715,Paid Search
2024-06-01 00:00:00,Jun,Q2,Premium Audio,Electronics,West,Mainstream,21,2933.013500416145,1444.7097419120366,1488.3037585041081,0.05951300763290757,Organic Search
2024-06-01 00:00:00,Jun,Q2,Premium Audio,Electronics,West,Mainstream,38,4982.272406543661,2523.246599755544,2459.0258067881173,0.11009254638667326,Email
2024-06-01 00:00:00,Jun,Q2,Premium Audio,Electronics,West,Mainstream,23,2851.41304378635,1356.2972482575244,1495.1157955288256,0.14333913538839946,Paid Social
2024-06-01 00:00:00,Jun,Q2,Premium Audio,Electronics,West,Mainstream,33,3951.569327010105,1866.9578678752048,2084.6114591349005,0.10854004091968014,Paid Search
2024-06-01 00:00:00,Jun,Q2,Premium Audio,Electronics,West,Premium,14,1788.7938523747116,873.9868683252927,914.8069840494189,0.13444420603223406,Organic Search
2024-06-01 00:00:00,Jun,Q2,Premium Audio,Electronics,West,Premium,20,2745.088529563583,1322.5271469820818,1422.5613825815012,0.05711326817290353,Email
2024-06-01 00:00:00,Jun,Q2,Premium Audio,Electronics,West,Premium,22,2589.806499895195,1206.480328075029,1383.3261718201659,0.17461262406627587,Paid Social
2024-06-01 00:00:00,Jun,Q2,Premium Audio,Electronics,West,Premium,20,2513.1150337970516,1295.7711918007983,1217.3438419962533,0.13346257891597607,Paid Search
2024-06-01 00:00:00,Jun,Q2,Pro Camera,Electronics,North,Value Seekers,40,8351.911087419116,3739.535114204958,4612.375973214157,0.07133460681197555,Organic Search
2024-06-01 00:00:00,Jun,Q2,Pro Camera,Electronics,North,Value Seekers,21,4044.7023043577597,1867.660707258303,2177.0415970994563,0.09730663640389281,Email
2024-06-01 00:00:00,Jun,Q2,Pro Camera,Electronics,North,Value Seekers,29,5614.219897976326,2452.2116992689967,3162.0081987073295,0.14866851185132396,Paid Social
2024-06-01 00:00:00,Jun,Q2,Pro Camera,Electronics,North,Value Seekers,19,3405.3073337508094,1550.8350415692896,1854.4722921815198,0.17134336965549335,Paid Search
2024-06-01 00:00:00,Jun,Q2,Pro Camera,Electronics,North,Mainstream,20,4323.716035088375,2034.4344865017513,2289.281548586624,0.049790980318213586,Organic Search
2024-06-01 00:00:00,Jun,Q2,Pro Camera,Electronics,North,Mainstream,27,5608.221672296755,2577.034757290611,3031.186915006144,0.07141766622098164,Email
2024-06-01 00:00:00,Jun,Q2,Pro Camera,Electronics,North,Mainstream,17,3136.7739594838304,1490.964146868975,1645.8098126148554,0.13492078677538305,Paid Social
2024-06-01 00:00:00,Jun,Q2,Pro Camera,Electronics,North,Mainstream,16,3017.77306193503,1372.950675307607,1644.822386627423,0.13893260559436868,Paid Search
2024-06-01 00:00:00,Jun,Q2,Pro Camera,Electronics,North,Premium,16,3022.0948790223324,1344.7775594514767,1677.3173195708557,0.06312923283155422,Organic Search
2024-06-01 00:00:00,Jun,Q2,Pro Camera,Electronics,North,Premium,7,1456.858511248877,664.6339620186499,792.2245492302271,0.05272364056515261,Email
2024-06-01 00:00:00,Jun,Q2,Pro Camera,Electronics,North,Premium,6,1084.7538671882498,506.40781217378145,578.3460550144684,0.12402537364833308,Paid Social
2024-06-01 00:00:00,Jun,Q2,Pro Camera,Electronics,North,Premium,10,1806.8889923717322,880.6262378063382,926.2627545653941,0.1342775657147842,Paid Search
2024-06-01 00:00:00,Jun,Q2,Pro Camera,Electronics,South,Value Seekers,24,4640.8529224979875,2168.390081470077,2472.4628410279106,0.05394682065420992,Organic Search
2024-06-01 00:00:00,Jun,Q2,Pro Camera,Electronics,South,Value Seekers,9,1787.3316759930237,805.7243469301688,981.6073290628549,0.0962136276279747,Email
2024-06-01 00:00:00,Jun,Q2,Pro Camera,Electronics,South,Value Seekers,23,4209.40439303569,1918.7575112092675,2290.646881826423,0.16460543073825235,Paid Social
2024-06-01 00:00:00,Jun,Q2,Pro Camera,Electronics,South,Value Seekers,16,2634.372283118509,1183.8236912338953,1450.5485918846139,0.13144956635488061,Paid Search
2024-06-01 00:00:00,Jun,Q2,Pro Camera,Electronics,South,Mainstream,28,5965.0903797623405,2509.894119959145,3455.1962598031955,0.04328305306187608,Organic Search
2024-06-01 00:00:00,Jun,Q2,Pro Camera,Electronics,South,Mainstream,15,3053.5539360453454,1474.7833472057348,1578.7705888396106,0.06857907869482627,Email
2024-06-01 00:00:00,Jun,Q2,Pro Camera,Electronics,South,Mainstream,7,1331.3305441906407,579.213340415118,752.1172037755227,0.12640041466568291,Paid Social
2024-06-01 00:00:00,Jun,Q2,Pro Camera,Electronics,South,Mainstream,21,4028.2689194932664,1731.6903210758994,2296.578598417367,0.13482635125707554,Paid Search
2024-06-01 00:00:00,Jun,Q2,Pro Camera,Electronics,South,Premium,8,1688.4537621446773,850.8837876798788,837.5699744647985,0.004681800873171424,Organic Search
2024-06-01 00:00:00,Jun,Q2,Pro Camera,Electronics,South,Premium,12,2352.268771666246,1065.879122617029,1286.3896490492168,0.08523774740531101,Email
2024-06-01 00:00:00,Jun,Q2,Pro Camera,Electronics,South,Premium,8,1328.121234366175,603.1485944723347,724.9726398938403,0.2221940296847185,Paid Social
2024-06-01 00:00:00,Jun,Q2,Pro Camera,Electronics,South,Premium,13,2556.1537901538854,1170.100172239437,1386.0536179144485,0.12283336159763254,Paid Search
2024-06-01 00:00:00,Jun,Q2,Pro Camera,Electronics,East,Value Seekers,22,4784.51694311707,2301.73609597145,2482.7808471456196,0.05838995546475224,Organic Search
2024-06-01 00:00:00,Jun,Q2,Pro Camera,Electronics,East,Value Seekers,19,3794.5710950737675,1768.4743292578596,2026.096765815908,0.09268812501076998,Email
2024-06-01 00:00:00,Jun,Q2,Pro Camera,Electronics,East,Value Seekers,14,2564.922552092337,1069.8555578865169,1495.06699420582,0.14518001917053383,Paid Social
2024-06-01 00:00:00,Jun,Q2,Pro Camera,Electronics,East,Value Seekers,24,4438.87913790823,2056.3037762947547,2382.5753616134757,0.11246683428075724,Paid Search
2024-06-01 00:00:00,Jun,Q2,Pro Camera,Electronics,East,Mainstream,25,5041.229148004747,2275.818912421301,2765.410235583446,0.08156443517410375,Organic Search
2024-06-01 00:00:00,Jun,Q2,Pro Camera,Electronics,East,Mainstream,12,2547.436257751693,1191.0935029996933,1356.3427547519998,0.053404172429357744,Email
2024-06-01 00:00:00,Jun,Q2,Pro Camera,Electronics,East,Mainstream,21,3680.0748670776857,1765.664400718496,1914.4104663591897,0.18657172803500444,Paid Social
2024-06-01 00:00:00,Jun,Q2,Pro Camera,Electronics,East,Mainstream,20,3947.4907275259156,1822.529851527102,2124.9608759988137,0.11120849540414461,Paid Search
2024-06-01 00:00:00,Jun,Q2,Pro Camera,Electronics,East,Premium,11,2424.9060722107806,1101.9325871272558,1322.9734850835248,0.04899906981197252,Organic Search
2024-06-01 00:00:00,Jun,Q2,Pro Camera,Electronics,East,Premium,11,2304.6012101847878,939.4571013935608,1365.144108791227,0.08962816463650138,Email
2024-06-01 00:00:00,Jun,Q2,Pro Camera,Electronics,East,Premium,10,1910.8852088490687,888.9833171321017,1021.901891716967,0.11950712442831526,Paid Social
2024-06-01 00:00:00,Jun,Q2,Pro Camera,Electronics,East,Premium,8,1429.5144331831234,667.774443964763,761.7399892183604,0.1298497643043752,Paid Search
2024-06-01 00:00:00,Jun,Q2,Pro Camera,Electronics,West,Value Seekers,18,3761.767255802621,1835.8511209131339,1925.9161348894872,0.09428360711353705,Organic Search
2024-06-01 00:00:00,Jun,Q2,Pro Camera,Electronics,West,Value Seekers,24,4672.803537827672,2242.9092424065448,2429.894295421127,0.09467519303686801,Email
2024-06-01 00:00:00,Jun,Q2,Pro Camera,Electronics,West,Value Seekers,24,4495.473241760943,2086.0049028912913,2409.4683388696517,0.16465232552189837,Paid Social
2024-06-01 00:00:00,Jun,Q2,Pro Camera,Electronics,West,Value Seekers,17,3414.741593749599,1565.234322950522,1849.5072707990769,0.10290052351331455,Paid Search
2024-06-01 00:00:00,Jun,Q2,Pro Camera,Electronics,West,Mainstream,22,4626.864912617193,2163.5558791631206,2463.3090334540725,0.06075357435788428,Organic Search
2024-06-01 00:00:00,Jun,Q2,Pro Camera,Electronics,West,Mainstream,12,2603.619239048458,1144.100680310264,1459.518558738194,0.01965438109297306,Email
2024-06-01 00:00:00,Jun,Q2,Pro Camera,Electronics,West,Mainstream,18,3216.765122931057,1490.410388847064,1726.3547340839928,0.16673618470310475,Paid Social
2024-06-01 00:00:00,Jun,Q2,Pro Camera,Electronics,West,Mainstream,12,2326.570940670632,1041.9106407250238,1284.6602999456081,0.11380209935642477,Paid Search
2024-06-01 00:00:00,Jun,Q2,Pro Camera,Electronics,West,Premium,12,2537.6369287837533,1140.3108987733783,1397.326030010375,0.03950382510421928,Organic Search
2024-06-01 00:00:00,Jun,Q2,Pro Camera,Electronics,West,Premium,15,3171.3469728722775,1417.757671749599,1753.5893011226785,0.07821705873741208,Email
2024-06-01 00:00:00,Jun,Q2,Pro Camera,Electronics,West,Premium,19,3607.019494395649,1695.288988737646,1911.730505658003,0.12910356612546484,Paid Social
2024-06-01 00:00:00,Jun,Q2,Pro Camera,Electronics,West,Premium,8,1447.8520235661338,640.7910115441872,807.0610120219466,0.1470815444073576,Paid Search
2024-06-01 00:00:00,Jun,Q2,Luxury Set,Lifestyle,North,Value Seekers,14,2296.25310116721,987.9086222008974,1308.3444789663126,0.1283254104563172,Organic Search
2024-06-01 00:00:00,Jun,Q2,Luxury Set,Lifestyle,North,Value Seekers,17,2662.092158157272,1138.9256740364722,1523.1664841207999,0.11168486232494941,Email
2024-06-01 00:00:00,Jun,Q2,Luxury Set,Lifestyle,North,Value Seekers,16,2445.0539011495657,1027.4191316349873,1417.6347695145785,0.13234139607307227,Paid Social
2024-06-01 00:00:00,Jun,Q2,Luxury Set,Lifestyle,North,Value Seekers,17,2527.508545595933,1052.761372450278,1474.7471731456549,0.1130564016267414,Paid Search
2024-06-01 00:00:00,Jun,Q2,Luxury Set,Lifestyle,North,Mainstream,17,2778.31061240126,1176.3143338283958,1601.9962785728644,0.06193972048882512,Organic Search
2024-06-01 00:00:00,Jun,Q2,Luxury Set,Lifestyle,North,Mainstream,20,3370.6188924066173,1504.4465629365304,1866.1723294700869,0.07078972515381446,Email
2024-06-01 00:00:00,Jun,Q2,Luxury Set,Lifestyle,North,Mainstream,17,2490.589540248382,1168.564106909085,1322.025433339297,0.13583786039296136,Paid Social
2024-06-01 00:00:00,Jun,Q2,Luxury Set,Lifestyle,North,Mainstream,11,1943.792804513553,899.0497733007844,1044.7430312127685,0.07437555632597206,Paid Search
2024-06-01 00:00:00,Jun,Q2,Luxury Set,Lifestyle,North,Premium,10,1621.460299398213,725.7506163672784,895.7096830309346,0.11065445009604438,Organic Search
2024-06-01 00:00:00,Jun,Q2,Luxury Set,Lifestyle,North,Premium,7,1227.7506449334169,462.368983438286,765.3816614951309,0.07449238452765518,Email
2024-06-01 00:00:00,Jun,Q2,Luxury Set,Lifestyle,North,Premium,13,2032.928049102153,927.7979644870569,1105.1300846150962,0.08689932310302872,Paid Social
2024-06-01 00:00:00,Jun,Q2,Luxury Set,Lifestyle,North,Premium,10,1404.3167359054694,616.0938373670954,788.222898538374,0.14731344584020759,Paid Search
2024-06-01 00:00:00,Jun,Q2,Luxury Set,Lifestyle,South,Value Seekers,18,2593.8682116075674,1138.86848211295,1454.9997294946174,0.07819684015776146,Organic Search
2024-06-01 00:00:00,Jun,Q2,Luxury Set,Lifestyle,South,Value Seekers,12,1895.4640167446903,824.5678003657521,1070.8962163789383,0.053563563387285996,Email
2024-06-01 00:00:00,Jun,Q2,Luxury Set,Lifestyle,South,Value Seekers,10,1416.1636173544316,633.9587805343496,782.204836820082,0.16057706389256013,Paid Social
2024-06-01 00:00:00,Jun,Q2,Luxury Set,Lifestyle,South,Value Seekers,16,2424.439141650889,1046.201104769682,1378.2380368812069,0.1762554843458427,Paid Search
2024-06-01 00:00:00,Jun,Q2,Luxury Set,Lifestyle,South,Mainstream,12,2040.2042460649398,852.7679905922488,1187.4362554726908,0.0011186210227106946,Organic Search
2024-06-01 00:00:00,Jun,Q2,Luxury Set,Lifestyle,South,Mainstream,10,1577.801046910518,659.9117603281214,917.8892865823965,0.08335755124325415,Email
2024-06-01 00:00:00,Jun,Q2,Luxury Set,Lifestyle,South,Mainstream,11,1760.1856652347865,757.6929965632854,1002.4926686715011,0.12557526833519586,Paid Social
2024-06-01 00:00:00,Jun,Q2,Luxury Set,Lifestyle,South,Mainstream,10,1587.8742733511872,706.9354656963989,880.9388076547883,0.12334138752640617,Paid Search
2024-06-01 00:00:00,Jun,Q2,Luxury Set,Lifestyle,South,Premium,11,1858.2985374615105,765.7918975353572,1092.5066399261532,0.052576826048102196,Organic Search
2024-06-01 00:00:00,Jun,Q2,Luxury Set,Lifestyle,South,Premium,7,1187.1186744234844,520.2973897087905,666.8212847146939,0.06435566818210495,Email
2024-06-01 00:00:00,Jun,Q2,Luxury Set,Lifestyle,South,Premium,5,783.510492518421,340.21473076369256,443.2957617547284,0.13614174060300724,Paid Social
2024-06-01 00:00:00,Jun,Q2,Luxury Set,Lifestyle,South,Premium,4,582.2859402745275,251.7958278412427,330.4901124332848,0.1333594140710012,Paid Search
2024-06-01 00:00:00,Jun,Q2,Luxury Set,Lifestyle,East,Value Seekers,11,1836.5105263759933,803.5475668520077,1032.9629595239858,0.0918266516583025,Organic Search
2024-06-01 00:00:00,Jun,Q2,Luxury Set,Lifestyle,East,Value Seekers,4,717.2597364821175,287.04626456598027,430.2134719161373,0.014150265946368284,Email
2024-06-01 00:00:00,Jun,Q2,Luxury Set,Lifestyle,East,Value Seekers,16,2401.534873231071,1006.7512702005746,1394.7836030304961,0.13684402218528624,Paid Social
2024-06-01 00:00:00,Jun,Q2,Luxury Set,Lifestyle,East,Value Seekers,17,2509.4843175125825,1090.0299051999168,1419.4544123126657,0.17088579439392002,Paid Search
2024-06-01 00:00:00,Jun,Q2,Luxury Set,Lifestyle,East,Mainstream,21,3766.428306386301,1614.8153233945727,2151.612982991728,0.006557845043866417,Organic Search
2024-06-01 00:00:00,Jun,Q2,Luxury Set,Lifestyle,East,Mainstream,8,1313.4227443365032,539.1716872408055,774.2510570956978,0.08813547067894416,Email
2024-06-01 00:00:00,Jun,Q2,Luxury Set,Lifestyle,East,Mainstream,13,1960.5984305491104,889.0386746814436,1071.5597558676668,0.15447653931736677,Paid Social
2024-06-01 00:00:00,Jun,Q2,Luxury Set,Lifestyle,East,Mainstream,12,1865.3275343050914,773.8100066858572,1091.5175276192342,0.10337420274240186,Paid Search
2024-06-01 00:00:00,Jun,Q2,Luxury Set,Lifestyle,East,Premium,7,1265.0409144398632,580.488804743902,684.5521096959611,0.03359913104398363,Organic Search
2024-06-01 00:00:00,Jun,Q2,Luxury Set,Lifestyle,East,Premium,12,1870.768087367627,803.2417290092425,1067.5263583583846,0.08698453432529767,Email
2024-06-01 00:00:00,Jun,Q2,Luxury Set,Lifestyle,East,Premium,6,886.304738401588,376.57725031478117,509.72748808680683,0.11975661331525472,Paid Social
2024-06-01 00:00:00,Jun,Q2,Luxury Set,Lifestyle,East,Premium,11,1559.6464688189294,693.7223064706744,865.924162348255,0.1591947877448916,Paid Search
2024-06-01 00:00:00,Jun,Q2,Luxury Set,Lifestyle,West,Value Seekers,16,2749.0820062826447,1154.8629282366346,1594.21907804601,0.04954994538145635,Organic Search
2024-06-01 00:00:00,Jun,Q2,Luxury Set,Lifestyle,West,Value Seekers,11,1739.726834530978,748.6866343687896,991.0402001621885,0.07458174725108997,Email
2024-06-01 00:00:00,Jun,Q2,Luxury Set,Lifestyle,West,Value Seekers,6,895.7501651966619,415.4077731618341,480.3423920348278,0.15944228652718923,Paid Social
2024-06-01 00:00:00,Jun,Q2,Luxury Set,Lifestyle,West,Value Seekers,10,1545.1578880423342,649.7774659046582,895.380422137676,0.14261285090189552,Paid Search
2024-06-01 00:00:00,Jun,Q2,Luxury Set,Lifestyle,West,Mainstream,8,1269.7962468761737,493.82592487553126,775.9703220006425,0.07582435587285077,Organic Search
2024-06-01 00:00:00,Jun,Q2,Luxury Set,Lifestyle,West,Mainstream,14,2310.5306788545727,896.8150089748699,1413.7156698797028,0.06466418257280189,Email
2024-06-01 00:00:00,Jun,Q2,Luxury Set,Lifestyle,West,Mainstream,16,2444.8226855023822,1069.81647471899,1375.0062107833921,0.13019880543332216,Paid Social
2024-06-01 00:00:00,Jun,Q2,Luxury Set,Lifestyle,West,Mainstream,14,2211.0693713593164,905.8239139792175,1305.2454573800987,0.0946176906437546,Paid Search
2024-06-01 00:00:00,Jun,Q2,Luxury Set,Lifestyle,West,Premium,10,1721.9878495140651,729.2290040801436,992.7588454339216,0.04196572245369521,Organic Search
2024-06-01 00:00:00,Jun,Q2,Luxury Set,Lifestyle,West,Premium,8,1349.5949459759663,598.8168062196852,750.7781397562811,0.06410866498711995,Email
2024-06-01 00:00:00,Jun,Q2,Luxury Set,Lifestyle,West,Premium,4,630.7970231949053,267.51668123028946,363.2803419646158,0.08219532492654258,Paid Social
2024-06-01 00:00:00,Jun,Q2,Luxury Set,Lifestyle,West,Premium,7,1155.6877035630364,462.2155807428983,693.4721228201381,0.10775025127796795,Paid Search
2024-07-01 00:00:00,Jul,Q3,Eco Basics,Essentials,North,Value Seekers,179,2603.456039364242,1703.7226092840103,899.7334300802315,0.277789875300109,Organic Search
2024-07-01 00:00:00,Jul,Q3,Eco Basics,Essentials,North,Value Seekers,137,2130.255508308694,1402.1422893559616,728.1132189527325,0.23859814318220923,Email
2024-07-01 00:00:00,Jul,Q3,Eco Basics,Essentials,North,Value Seekers,167,1908.9356089703197,1264.909649439343,644.0259595309767,0.36329395957950883,Paid Social
2024-07-01 00:00:00,Jul,Q3,Eco Basics,Essentials,North,Value Seekers,169,2414.576580903254,1666.3741915655623,748.2023893376918,0.28591755831135296,Paid Search
2024-07-01 00:00:00,Jul,Q3,Eco Basics,Essentials,North,Mainstream,164,2365.2157296429436,1597.949136182627,767.2665934603167,0.23087293368566886,Organic Search
2024-07-01 00:00:00,Jul,Q3,Eco Basics,Essentials,North,Mainstream,141,2072.917821394577,1323.2301048330696,749.6877165615074,0.2274662422404047,Email
2024-07-01 00:00:00,Jul,Q3,Eco Basics,Essentials,North,Mainstream,146,1786.882791195883,1181.4390359773793,605.4437552185038,0.3424786395380801,Paid Social
2024-07-01 00:00:00,Jul,Q3,Eco Basics,Essentials,North,Mainstream,128,1727.2380502364815,1156.3083022926485,570.929747943833,0.2638243549925336,Paid Search
2024-07-01 00:00:00,Jul,Q3,Eco Basics,Essentials,North,Premium,112,1658.6820641065656,1010.6445222172956,648.03754188927,0.1930962736987071,Organic Search
2024-07-01 00:00:00,Jul,Q3,Eco Basics,Essentials,North,Premium,99,1446.6260337489468,913.3452265274764,533.2808072214705,0.26658653366383356,Email
2024-07-01 00:00:00,Jul,Q3,Eco Basics,Essentials,North,Premium,100,1300.3042924340502,857.2441774678606,443.06011496618964,0.3073329046205119,Paid Social
2024-07-01 00:00:00,Jul,Q3,Eco Basics,Essentials,North,Premium,101,1402.531560882925,872.1550488585698,530.3765120243553,0.2774441333953606,Paid Search
2024-07-01 00:00:00,Jul,Q3,Eco Basics,Essentials,South,Value Seekers,123,1792.8492992725403,1164.975812534938,627.8734867376022,0.24304186622929366,Organic Search
2024-07-01 00:00:00,Jul,Q3,Eco Basics,Essentials,South,Value Seekers,137,1915.9081379990098,1256.8747743727683,659.0333636262415,0.2502048708549185,Email
2024-07-01 00:00:00,Jul,Q3,Eco Basics,Essentials,South,Value Seekers,100,1297.3729187607346,876.8343939681647,420.5385247925699,0.29992050135505083,Paid Social
2024-07-01 00:00:00,Jul,Q3,Eco Basics,Essentials,South,Value Seekers,143,2084.8183765295885,1390.6591798765662,694.1591966530223,0.2889563319125769,Paid Search
2024-07-01 00:00:00,Jul,Q3,Eco Basics,Essentials,South,Mainstream,129,1911.2301017497539,1296.7248890149674,614.5052127347865,0.20867100485693546,Organic Search
2024-07-01 00:00:00,Jul,Q3,Eco Basics,Essentials,South,Mainstream,126,2013.830224494893,1323.1699782170285,690.6602462778644,0.2191020766636618,Email
2024-07-01 00:00:00,Jul,Q3,Eco Basics,Essentials,South,Mainstream,86,1107.183145697093,720.7120374737877,386.47110822330535,0.3281439212258026,Paid Social
2024-07-01 00:00:00,Jul,Q3,Eco Basics,Essentials,South,Mainstream,108,1555.769395266361,1005.8230470603161,549.946348206045,0.2712623280760308,Paid Search
2024-07-01 00:00:00,Jul,Q3,Eco Basics,Essentials,South,Premium,101,1545.4961035810775,985.8509614999039,559.6451420811736,0.2280576370945685,Organic Search
2024-07-01 00:00:00,Jul,Q3,Eco Basics,Essentials,South,Premium,79,1134.2186787011651,783.6940690443138,350.52460965685134,0.2278255975593319,Email
2024-07-01 00:00:00,Jul,Q3,Eco Basics,Essentials,South,Premium,74,952.5719527840843,637.7607173560951,314.8112354279891,0.3128569883167121,Paid Social
2024-07-01 00:00:00,Jul,Q3,Eco Basics,Essentials,South,Premium,69,921.2971684728923,604.7608952055458,316.5362732673465,0.2638871320210113,Paid Search
2024-07-01 00:00:00,Jul,Q3,Eco Basics,Essentials,East,Value Seekers,174,2546.0552781901347,1731.1978468591294,814.8574313310053,0.24244325273897482,Organic Search
2024-07-01 00:00:00,Jul,Q3,Eco Basics,Essentials,East,Value Seekers,163,2489.455791861841,1606.2354362849765,883.2203555768647,0.279074395655901,Email
2024-07-01 00:00:00,Jul,Q3,Eco Basics,Essentials,East,Value Seekers,130,1806.9970821690652,1131.2194618474896,675.7776203215756,0.286258749250854,Paid Social
2024-07-01 00:00:00,Jul,Q3,Eco Basics,Essentials,East,Value Seekers,151,1753.30301338955,1136.2571624594323,617.0458509301177,0.3316253558517925,Paid Search
2024-07-01 00:00:00,Jul,Q3,Eco Basics,Essentials,East,Mainstream,152,2054.0304889308723,1377.4030789699157,676.6274099609566,0.2519756199625957,Organic Search
2024-07-01 00:00:00,Jul,Q3,Eco Basics,Essentials,East,Mainstream,150,2233.8018241854056,1498.1017682396987,735.7000559457069,0.2567171838414727,Email
2024-07-01 00:00:00,Jul,Q3,Eco Basics,Essentials,East,Mainstream,129,1718.9801432700524,1143.464300497567,575.5158427724855,0.30523365839738575,Paid Social
2024-07-01 00:00:00,Jul,Q3,Eco Basics,Essentials,East,Mainstream,126,1904.9513936089525,1207.097429584813,697.8539640241395,0.24823078027926151,Paid Search
2024-07-01 00:00:00,Jul,Q3,Eco Basics,Essentials,East,Premium,82,1332.147605225749,890.7654859764833,441.38211924926566,0.18872553926867616,Organic Search
2024-07-01 00:00:00,Jul,Q3,Eco Basics,Essentials,East,Premium,93,1433.094435123009,947.6413259460638,485.4531091769451,0.21031121327591948,Email
2024-07-01 00:00:00,Jul,Q3,Eco Basics,Essentials,East,Premium,85,1162.8267932076808,764.3991228402533,398.4276703674275,0.2825325766185298,Paid Social
2024-07-01 00:00:00,Jul,Q3,Eco Basics,Essentials,East,Premium,92,1224.8648540020777,764.1462669600725,460.7185870420052,0.2966339196911239,Paid Search
2024-07-01 00:00:00,Jul,Q3,Eco Basics,Essentials,West,Value Seekers,134,2077.298840533946,1347.2301201561256,730.0687203778205,0.1923992252462789,Organic Search
2024-07-01 00:00:00,Jul,Q3,Eco Basics,Essentials,West,Value Seekers,145,2218.896472023538,1446.393191578503,772.503280445035,0.27849510540626216,Email
2024-07-01 00:00:00,Jul,Q3,Eco Basics,Essentials,West,Value Seekers,150,2003.502300014132,1306.2674709854034,697.2348290287287,0.33305453989784023,Paid Social
2024-07-01 00:00:00,Jul,Q3,Eco Basics,Essentials,West,Value Seekers,129,1673.0150615049488,1095.4876104002271,577.5274511047216,0.3175548227912408,Paid Search
2024-07-01 00:00:00,Jul,Q3,Eco Basics,Essentials,West,Mainstream,136,2087.467664167934,1345.500565545774,741.9670986221599,0.247404113169172,Organic Search
2024-07-01 00:00:00,Jul,Q3,Eco Basics,Essentials,West,Mainstream,133,2072.9134678993646,1377.6879461526821,695.2255217466825,0.2296064462866842,Email
2024-07-01 00:00:00,Jul,Q3,Eco Basics,Essentials,West,Mainstream,111,1583.2452373558433,1030.7060495931603,552.539187762683,0.2701222859934949,Paid Social
2024-07-01 00:00:00,Jul,Q3,Eco Basics,Essentials,West,Mainstream,137,1951.7387970963323,1308.3309554569619,643.4078416393704,0.2388028276535789,Paid Search
2024-07-01 00:00:00,Jul,Q3,Eco Basics,Essentials,West,Premium,93,1510.4441979227681,1016.528294564302,493.91590335846615,0.21342833503298042,Organic Search
2024-07-01 00:00:00,Jul,Q3,Eco Basics,Essentials,West,Premium,76,1127.8596870008016,720.489613208277,407.37007379252464,0.26754086546574934,Email
2024-07-01 00:00:00,Jul,Q3,Eco Basics,Essentials,West,Premium,73,909.6997769329768,612.237830446561,297.46194648641574,0.32722211552412656,Paid Social
2024-07-01 00:00:00,Jul,Q3,Eco Basics,Essentials,West,Premium,77,1029.3037787829423,682.6052429736833,346.69853580925906,0.28371125709127637,Paid Search
2024-07-01 00:00:00,Jul,Q3,Daily Care,Essentials,North,Value Seekers,158,3204.6614217986407,1975.0179955617443,1229.6434262368964,0.19569351368975516,Organic Search
2024-07-01 00:00:00,Jul,Q3,Daily Care,Essentials,North,Value Seekers,150,2965.8737831435797,1803.5039849848858,1162.3697981586938,0.26704457954586575,Email
2024-07-01 00:00:00,Jul,Q3,Daily Care,Essentials,North,Value Seekers,144,2379.499718406301,1468.26365607684,911.2360623294608,0.3212800977643492,Paid Social
2024-07-01 00:00:00,Jul,Q3,Daily Care,Essentials,North,Value Seekers,135,2161.7982682673382,1301.663808909419,860.1344593579192,0.3570585584556642,Paid Search
2024-07-01 00:00:00,Jul,Q3,Daily Care,Essentials,North,Mainstream,140,3031.3456311215486,1985.4369407678707,1045.908690353678,0.17494487274157972,Organic Search
2024-07-01 00:00:00,Jul,Q3,Daily Care,Essentials,North,Mainstream,134,2669.1180725634235,1749.3096612223078,919.8084113411157,0.22826414828801678,Email
2024-07-01 00:00:00,Jul,Q3,Daily Care,Essentials,North,Mainstream,114,1992.310298701507,1314.1329940598284,678.1773046416786,0.31949432026007824,Paid Social
2024-07-01 00:00:00,Jul,Q3,Daily Care,Essentials,North,Mainstream,138,2510.1715720178477,1653.9602586100602,856.2113134077874,0.2984295326674644,Paid Search
2024-07-01 00:00:00,Jul,Q3,Daily Care,Essentials,North,Premium,80,1627.3297739096895,1051.0524930396991,576.2772808699904,0.21502099346735265,Organic Search
2024-07-01 00:00:00,Jul,Q3,Daily Care,Essentials,North,Premium,80,1641.8308626212927,1004.5804659020959,637.2503967191968,0.2315486008744547,Email
2024-07-01 00:00:00,Jul,Q3,Daily Care,Essentials,North,Premium,89,1582.203763327608,998.3297391339642,583.8740241936438,0.3086988533151698,Paid Social
2024-07-01 00:00:00,Jul,Q3,Daily Care,Essentials,North,Premium,90,1696.549167498487,1036.2123899630708,660.3367775354161,0.26491928320924063,Paid Search
2024-07-01 00:00:00,Jul,Q3,Daily Care,Essentials,South,Value Seekers,127,2712.5434645924715,1672.492703411266,1040.0507611812056,0.2205600854932885,Organic Search
2024-07-01 00:00:00,Jul,Q3,Daily Care,Essentials,South,Value Seekers,140,2666.5194832939646,1721.5902412834887,944.929242010476,0.2855436621148873,Email
2024-07-01 00:00:00,Jul,Q3,Daily Care,Essentials,South,Value Seekers,105,1798.038971367358,1151.806008895681,646.232962471677,0.30529107443835907,Paid Social
2024-07-01 00:00:00,Jul,Q3,Daily Care,Essentials,South,Value Seekers,120,2072.6805167916195,1233.1139139310467,839.5666028605729,0.3054809729372585,Paid Search
2024-07-01 00:00:00,Jul,Q3,Daily Care,Essentials,South,Mainstream,119,2559.782647506625,1638.6932309342533,921.0894165723716,0.2129864168351447,Organic Search
2024-07-01 00:00:00,Jul,Q3,Daily Care,Essentials,South,Mainstream,112,2219.025356708649,1410.3142523246404,808.7111043840084,0.22108403764652393,Email
2024-07-01 00:00:00,Jul,Q3,Daily Care,Essentials,South,Mainstream,102,1805.152221787125,1137.004910921461,668.1473108656639,0.2938033235188684,Paid Social
2024-07-01 00:00:00,Jul,Q3,Daily Care,Essentials,South,Mainstream,105,1786.198090330948,1190.7552396633212,595.4428506676268,0.2933008081355667,Paid Search
2024-07-01 00:00:00,Jul,Q3,Daily Care,Essentials,South,Premium,73,1516.0579797114497,994.2598171130809,521.7981625983688,0.2314683283789834,Organic Search
2024-07-01 00:00:00,Jul,Q3,Daily Care,Essentials,South,Premium,65,1252.9423500127516,826.9135791990542,426.0287708136974,0.2643694322230238,Email
2024-07-01 00:00:00,Jul,Q3,Daily Care,Essentials,South,Premium,61,1073.196799577812,682.6362448149155,390.5605547628966,0.29544962327542906,Paid Social
2024-07-01 00:00:00,Jul,Q3,Daily Care,Essentials,South,Premium,61,1056.1944186714256,654.422026843666,401.77239182775963,0.3024106180476853,Paid Search
2024-07-01 00:00:00,Jul,Q3,Daily Care,Essentials,East,Value Seekers,138,2822.815974784654,1846.1122679734526,976.7037068112013,0.2077349900286966,Organic Search
2024-07-01 00:00:00,Jul,Q3,Daily Care,Essentials,East,Value Seekers,138,2682.522261216735,1682.487205697546,1000.035055519189,0.24669574322072876,Email
2024-07-01 00:00:00,Jul,Q3,Daily Care,Essentials,East,Value Seekers,126,2134.884634717362,1305.5682583248893,829.3163763924729,0.34776281378781104,Paid Social
2024-07-01 00:00:00,Jul,Q3,Daily Care,Essentials,East,Value Seekers,130,2276.0321642409035,1417.8195717241422,858.2125925167613,0.2887093477823468,Paid Search
2024-07-01 00:00:00,Jul,Q3,Daily Care,Essentials,East,Mainstream,129,2648.159178786478,1754.6499244082304,893.5092543782478,0.21178562451092015,Organic Search
2024-07-01 00:00:00,Jul,Q3,Daily Care,Essentials,East,Mainstream,126,2417.974924974404,1518.2168818436248,899.7580431307792,0.25027767261132844,Email
2024-07-01 00:00:00,Jul,Q3,Daily Care,Essentials,East,Mainstream,123,2149.857481390409,1368.5534010559913,781.3040803344174,0.28531419964277516,Paid Social
2024-07-01 00:00:00,Jul,Q3,Daily Care,Essentials,East,Mainstream,125,2305.504782039417,1436.9019852790755,868.6027967603416,0.2908655602145486,Paid Search
2024-07-01 00:00:00,Jul,Q3,Daily Care,Essentials,East,Premium,95,1950.719504695401,1207.0134715508482,743.7060331445527,0.26169170264059066,Organic Search
2024-07-01 00:00:00,Jul,Q3,Daily Care,Essentials,East,Premium,78,1552.9845370732041,933.6586121271549,619.3259249460492,0.25312456302164504,Email
2024-07-01 00:00:00,Jul,Q3,Daily Care,Essentials,East,Premium,74,1319.3251112507303,831.267286258708,488.05782499202223,0.30973142303566825,Paid Social
2024-07-01 00:00:00,Jul,Q3,Daily Care,Essentials,East,Premium,73,1249.6486546196693,772.3899188431172,477.25873577655204,0.3230292282189816,Paid Search
2024-07-01 00:00:00,Jul,Q3,Daily Care,Essentials,West,Value Seekers,140,3082.3328082734065,1960.4658279585176,1121.866980314889,0.20792554065233892,Organic Search
2024-07-01 00:00:00,Jul,Q3,Daily Care,Essentials,West,Value Seekers,111,2195.15165989215,1457.8792973036016,737.2723625885483,0.23959901151324398,Email
2024-07-01 00:00:00,Jul,Q3,Daily Care,Essentials,West,Value Seekers,116,2019.0275403295973,1264.560222329566,754.4673180000314,0.2951977579975095,Paid Social
2024-07-01 00:00:00,Jul,Q3,Daily Care,Essentials,West,Value Seekers,109,1956.3791867622404,1216.7509783879761,739.6282083742642,0.3126791439803889,Paid Search
2024-07-01 00:00:00,Jul,Q3,Daily Care,Essentials,West,Mainstream,117,2346.8891406687235,1427.7827211905908,919.1064194781327,0.19470565865086203,Organic Search
2024-07-01 00:00:00,Jul,Q3,Daily Care,Essentials,West,Mainstream,100,2189.896630966266,1353.8270645061154,836.0695664601506,0.20701431598008666,Email
2024-07-01 00:00:00,Jul,Q3,Daily Care,Essentials,West,Mainstream,116,2032.6784344059993,1296.1295871518882,736.548847254111,0.3023128151068439,Paid Social
2024-07-01 00:00:00,Jul,Q3,Daily Care,Essentials,West,Mainstream,115,2103.6888044032044,1371.3138631496229,732.3749412535815,0.2659566333984839,Paid Search
2024-07-01 00:00:00,Jul,Q3,Daily Care,Essentials,West,Premium,88,1734.4881158688004,1125.870084687007,608.6180311817934,0.23427214722720396,Organic Search
2024-07-01 00:00:00,Jul,Q3,Daily Care,Essentials,West,Premium,66,1314.7762922382594,881.4633662168648,433.3129260213947,0.24946432243194627,Email
2024-07-01 00:00:00,Jul,Q3,Daily Care,Essentials,West,Premium,57,974.6555044201788,634.0995448695728,340.55595955060596,0.32945987003941946,Paid Social
2024-07-01 00:00:00,Jul,Q3,Daily Care,Essentials,West,Premium,74,1275.697364868227,787.9702558564205,487.7271090118064,0.3168657781878781,Paid Search
2024-07-01 00:00:00,Jul,Q3,Home Comfort,Home,North,Value Seekers,87,3115.8987875400503,1840.1469850384708,1275.7518025015795,0.23260921954673547,Organic Search
2024-07-01 00:00:00,Jul,Q3,Home Comfort,Home,North,Value Seekers,100,3469.6334718347152,2179.704421182351,1289.9290506523644,0.25236068449286897,Email
2024-07-01 00:00:00,Jul,Q3,Home Comfort,Home,North,Value Seekers,81,2484.529590558324,1470.7367558408237,1013.7928347175002,0.31924960669880253,Paid Social
2024-07-01 00:00:00,Jul,Q3,Home Comfort,Home,North,Value Seekers,69,2115.4862603856113,1190.0536405096275,925.4326198759838,0.3378448563782761,Paid Search
2024-07-01 00:00:00,Jul,Q3,Home Comfort,Home,North,Mainstream,75,3009.594434792735,1717.107973015772,1292.4864617769629,0.19062956840998715,Organic Search
2024-07-01 00:00:00,Jul,Q3,Home Comfort,Home,North,Mainstream,77,3014.3115897180764,1890.0060560635861,1124.3055336544903,0.19430483677289068,Email
2024-07-01 00:00:00,Jul,Q3,Home Comfort,Home,North,Mainstream,50,1586.018184200922,944.3495978013514,641.6685863995706,0.2987299970391722,Paid Social
2024-07-01 00:00:00,Jul,Q3,Home Comfort,Home,North,Mainstream,66,2155.569991519418,1341.4696754988656,814.1003160205526,0.30319162278431344,Paid Search
2024-07-01 00:00:00,Jul,Q3,Home Comfort,Home,North,Premium,48,1666.6771737212046,1022.3075434192276,644.3696303019769,0.22116601254138465,Organic Search
2024-07-01 00:00:00,Jul,Q3,Home Comfort,Home,North,Premium,52,1925.6979433346673,1118.2651447572073,807.4327985774601,0.2018737735113172,Email
2024-07-01 00:00:00,Jul,Q3,Home Comfort,Home,North,Premium,35,1112.0735136372214,666.8727366953186,445.20077694190275,0.31651809561147476,Paid Social
2024-07-01 00:00:00,Jul,Q3,Home Comfort,Home,North,Premium,50,1748.4427790441648,1020.1171401021421,728.3256389420227,0.28226534004311943,Paid Search
2024-07-01 00:00:00,Jul,Q3,Home Comfort,Home,South,Value Seekers,69,2509.728343283844,1455.0493076726837,1054.6790356111603,0.1994632380719169,Organic Search
2024-07-01 00:00:00,Jul,Q3,Home Comfort,Home,South,Value Seekers,73,2569.0716336562673,1498.0267595913704,1071.044874064897,0.245159940099815,Email
2024-07-01 00:00:00,Jul,Q3,Home Comfort,Home,South,Value Seekers,70,2114.8303644278285,1298.969161106164,815.8612033216646,0.3195779255021221,Paid Social
2024-07-01 00:00:00,Jul,Q3,Home Comfort,Home,South,Value Seekers,60,2021.8225860875991,1212.753203270616,809.0693828169831,0.2583444299790346,Paid Search
2024-07-01 00:00:00,Jul,Q3,Home Comfort,Home,South,Mainstream,46,1863.6528932347044,1166.7211408660985,696.9317523686059,0.1888373010557447,Organic Search
2024-07-01 00:00:00,Jul,Q3,Home Comfort,Home,South,Mainstream,73,2615.7252914158444,1600.8058660160798,1014.9194253997646,0.25465506077153816,Email
2024-07-01 00:00:00,Jul,Q3,Home Comfort,Home,South,Mainstream,55,1767.1837759880361,1017.6949539501226,749.4888220379136,0.276503319499463,Paid Social
2024-07-01 00:00:00,Jul,Q3,Home Comfort,Home,South,Mainstream,41,1321.5996223941559,756.0317467487196,565.5678756454363,0.2901517895490013,Paid Search
2024-07-01 00:00:00,Jul,Q3,Home Comfort,Home,South,Premium,34,1247.5919352764477,770.6426659403661,476.94926933608156,0.2323999302603409,Organic Search
2024-07-01 00:00:00,Jul,Q3,Home Comfort,Home,South,Premium,48,1746.3915583115463,1071.399673861542,674.9918844500044,0.22981899003514633,Email
2024-07-01 00:00:00,Jul,Q3,Home Comfort,Home,South,Premium,34,1058.1637247087542,629.8759142897103,428.2878104190439,0.3398380999652371,Paid Social
2024-07-01 00:00:00,Jul,Q3,Home Comfort,Home,South,Premium,36,1138.323458446914,697.9451700244873,440.37828842242664,0.29057297900568135,Paid Search
2024-07-01 00:00:00,Jul,Q3,Home Comfort,Home,East,Value Seekers,95,3336.936897400799,1993.3502301196888,1343.58666728111,0.24935448796358067,Organic Search
2024-07-01 00:00:00,Jul,Q3,Home Comfort,Home,East,Value Seekers,74,2646.683284939657,1612.1501677215692,1034.5331172180877,0.24907407048502164,Email
2024-07-01 00:00:00,Jul,Q3,Home Comfort,Home,East,Value Seekers,62,1952.678622320106,1184.6255724601779,768.053049859928,0.2878719625358845,Paid Social
2024-07-01 00:00:00,Jul,Q3,Home Comfort,Home,East,Value Seekers,71,2153.789645171804,1304.2222070557243,849.5674381160795,0.2928906035229835,Paid Search
2024-07-01 00:00:00,Jul,Q3,Home Comfort,Home,East,Mainstream,63,2237.290648040853,1360.451306260108,876.8393417807449,0.22599899226653836,Organic Search
2024-07-01 00:00:00,Jul,Q3,Home Comfort,Home,East,Mainstream,82,3347.5770229782324,2025.336858564684,1322.2401644135484,0.1754863294377127,Email
2024-07-01 00:00:00,Jul,Q3,Home Comfort,Home,East,Mainstream,62,1823.4187905479514,1096.268888994181,727.1499015537704,0.3408038060961324,Paid Social
2024-07-01 00:00:00,Jul,Q3,Home Comfort,Home,East,Mainstream,56,1849.5718744342125,1099.2692797364255,750.3025946977871,0.26712940259098183,Paid Search
2024-07-01 00:00:00,Jul,Q3,Home Comfort,Home,East,Premium,40,1501.185016909781,866.7797087037046,634.4053082060765,0.22902927532684164,Organic Search
2024-07-01 00:00:00,Jul,Q3,Home Comfort,Home,East,Premium,46,1737.1415284667237,1058.443132742033,678.6983957246907,0.2151602410152359,Email
2024-07-01 00:00:00,Jul,Q3,Home Comfort,Home,East,Premium,53,1724.1867244579942,1030.597819774648,693.5889046833461,0.2934584728489386,Paid Social
2024-07-01 00:00:00,Jul,Q3,Home Comfort,Home,East,Premium,40,1321.6721869208477,791.8134687427723,529.8587181780754,0.3013933812994048,Paid Search
2024-07-01 00:00:00,Jul,Q3,Home Comfort,Home,West,Value Seekers,67,2555.2908942147596,1574.6380848745578,980.6528093402019,0.22568873094929276,Organic Search
2024-07-01 00:00:00,Jul,Q3,Home Comfort,Home,West,Value Seekers,60,2129.6695477349685,1299.002617789939,830.6669299450296,0.21052045809572312,Email
2024-07-01 00:00:00,Jul,Q3,Home Comfort,Home,West,Value Seekers,69,2130.553903139296,1255.5079537634017,875.0459493758942,0.3116494916440599,Paid Social
2024-07-01 00:00:00,Jul,Q3,Home Comfort,Home,West,Value Seekers,75,2711.7413246804786,1581.7086355578297,1130.032689122649,0.2887102336688231,Paid Search
2024-07-01 00:00:00,Jul,Q3,Home Comfort,Home,West,Mainstream,52,2025.6277433199325,1256.938485798205,768.6892575217275,0.21876249429478498,Organic Search
2024-07-01 00:00:00,Jul,Q3,Home Comfort,Home,West,Mainstream,60,2093.2198554132005,1257.0142960902965,836.205559322904,0.19980988731083849,Email
2024-07-01 00:00:00,Jul,Q3,Home Comfort,Home,West,Mainstream,58,1955.190288110308,1169.7231137710494,785.4671743392587,0.29732853248027236,Paid Social
2024-07-01 00:00:00,Jul,Q3,Home Comfort,Home,West,Mainstream,51,1692.9561547303342,1090.823259779654,602.1328949506801,0.2897187075897619,Paid Search
2024-07-01 00:00:00,Jul,Q3,Home Comfort,Home,West,Premium,43,1532.1362386772653,938.6425704581471,593.4936682191181,0.26846627351386404,Organic Search
2024-07-01 00:00:00,Jul,Q3,Home Comfort,Home,West,Premium,44,1617.530421611645,974.7303676247864,642.8000539868585,0.22756946103154793,Email
2024-07-01 00:00:00,Jul,Q3,Home Comfort,Home,West,Premium,43,1321.134976316714,800.1443270805347,520.9906492361794,0.2962651446599394,Paid Social
2024-07-01 00:00:00,Jul,Q3,Home Comfort,Home,West,Premium,38,1245.0306279531735,717.1558604842079,527.8747674689656,0.2620530910105218,Paid Search
2024-07-01 00:00:00,Jul,Q3,Smart Kitchen,Home,North,Value Seekers,66,3397.6451851113798,2069.8077590614103,1327.8374260499695,0.2634355510393181,Organic Search
2024-07-01 00:00:00,Jul,Q3,Smart Kitchen,Home,North,Value Seekers,61,3208.2242790475516,1905.5116853828326,1302.712593664719,0.2512498606780077,Email
2024-07-01 00:00:00,Jul,Q3,Smart Kitchen,Home,North,Value Seekers,49,2535.2674815166747,1473.7478835984093,1061.5195979182654,0.265859525153805,Paid Social
2024-07-01 00:00:00,Jul,Q3,Smart Kitchen,Home,North,Value Seekers,50,2254.467984752779,1334.2115519053389,920.2564328474402,0.3320929796933305,Paid Search
2024-07-01 00:00:00,Jul,Q3,Smart Kitchen,Home,North,Mainstream,46,2569.416199272066,1583.3768565786474,986.0393426934186,0.22921705342216803,Organic Search
2024-07-01 00:00:00,Jul,Q3,Smart Kitchen,Home,North,Mainstream,55,2869.16014280539,1714.2922722390917,1154.8678705662983,0.24176962435988109,Email
2024-07-01 00:00:00,Jul,Q3,Smart Kitchen,Home,North,Mainstream,37,1775.2022189484885,1005.1987350120487,770.0034839364398,0.29662966185764006,Paid Social
2024-07-01 00:00:00,Jul,Q3,Smart Kitchen,Home,North,Mainstream,41,1996.4252299270167,1141.4146613424086,855.0105685846081,0.28538096532969254,Paid Search
2024-07-01 00:00:00,Jul,Q3,Smart Kitchen,Home,North,Premium,30,1622.5803095836206,909.0749384293102,713.5053711543104,0.21246004167037175,Organic Search
2024-07-01 00:00:00,Jul,Q3,Smart Kitchen,Home,North,Premium,40,2255.8751756345778,1333.1382895428985,922.7368860916793,0.20988808154821,Email
2024-07-01 00:00:00,Jul,Q3,Smart Kitchen,Home,North,Premium,43,1992.6115102126416,1179.3599628791485,813.2515473334931,0.3413248917212163,Paid Social
2024-07-01 00:00:00,Jul,Q3,Smart Kitchen,Home,North,Premium,30,1511.020220030914,894.9842221592396,616.0359978716745,0.2733948842416708,Paid Search
2024-07-01 00:00:00,Jul,Q3,Smart Kitchen,Home,South,Value Seekers,45,2373.5571785441593,1334.9038685624942,1038.6533099816652,0.22166935031593996,Organic Search
2024-07-01 00:00:00,Jul,Q3,Smart Kitchen,Home,South,Value Seekers,41,2302.6444401699605,1302.8909923669196,999.7534478030409,0.22085791815873926,Email
2024-07-01 00:00:00,Jul,Q3,Smart Kitchen,Home,South,Value Seekers,44,1867.5017135445044,1107.281428261857,760.2202852826474,0.3232243026952975,Paid Social
2024-07-01 00:00:00,Jul,Q3,Smart Kitchen,Home,South,Value Seekers,40,2016.6740287556913,1145.7249581699814,870.9490705857099,0.3018018348034114,Paid Search
2024-07-01 00:00:00,Jul,Q3,Smart Kitchen,Home,South,Mainstream,30,1754.3690836550702,1024.6190956561736,729.7499879988966,0.14410402576216985,Organic Search
2024-07-01 00:00:00,Jul,Q3,Smart Kitchen,Home,South,Mainstream,31,1675.6974225282195,963.092412752393,712.6050097758265,0.23397716314609668,Email
2024-07-01 00:00:00,Jul,Q3,Smart Kitchen,Home,South,Mainstream,53,2497.807497385207,1391.1634590155963,1106.6440383696108,0.3045442223845955,Paid Social
2024-07-01 00:00:00,Jul,Q3,Smart Kitchen,Home,South,Mainstream,39,1873.9271494564541,1021.0064819261273,852.9206675303268,0.3139998817640612,Paid Search
2024-07-01 00:00:00,Jul,Q3,Smart Kitchen,Home,South,Premium,29,1612.9844117683915,933.0913731122646,679.8930386561269,0.20863121110298066,Organic Search
2024-07-01 00:00:00,Jul,Q3,Smart Kitchen,Home,South,Premium,29,1570.3605580916173,850.3380192943564,720.022538797261,0.1951888368374203,Email
2024-07-01 00:00:00,Jul,Q3,Smart Kitchen,Home,South,Premium,30,1450.498413678083,822.5561712888991,627.9422423891838,0.2991954858717747,Paid Social
2024-07-01 00:00:00,Jul,Q3,Smart Kitchen,Home,South,Premium,28,1398.9610344983148,762.5201907381086,636.4408437602062,0.28365697609528384,Paid Search
2024-07-01 00:00:00,Jul,Q3,Smart Kitchen,Home,East,Value Seekers,55,2955.7083630112834,1693.844589408703,1261.8637736025803,0.2339105505105167,Organic Search
2024-07-01 00:00:00,Jul,Q3,Smart Kitchen,Home,East,Value Seekers,46,2267.5930179072393,1349.6687776319766,917.9242402752627,0.2717456420349003,Email
2024-07-01 00:00:00,Jul,Q3,Smart Kitchen,Home,East,Value Seekers,58,2798.350399873236,1700.571599304342,1097.7788005688938,0.3402995963158505,Paid Social
2024-07-01 00:00:00,Jul,Q3,Smart Kitchen,Home,East,Value Seekers,34,1650.3250645798323,969.9423044473597,680.3827601324726,0.3080760405946845,Paid Search
2024-07-01 00:00:00,Jul,Q3,Smart Kitchen,Home,East,Mainstream,56,2901.6840374590597,1678.387587621328,1223.2964498377316,0.23520886234235036,Organic Search
2024-07-01 00:00:00,Jul,Q3,Smart Kitchen,Home,East,Mainstream,35,1782.811701432988,1000.874957972298,781.93674346069,0.22835677639118918,Email
2024-07-01 00:00:00,Jul,Q3,Smart Kitchen,Home,East,Mainstream,44,2100.7409259006945,1155.1109852140987,945.6299406865958,0.30923782790791066,Paid Social
2024-07-01 00:00:00,Jul,Q3,Smart Kitchen,Home,East,Mainstream,43,2173.228432117739,1261.75796348713,911.470468630609,0.25201104063821117,Paid Search
2024-07-01 00:00:00,Jul,Q3,Smart Kitchen,Home,East,Premium,30,1730.3245275926922,992.3816901694422,737.94283742325,0.18596823752123814,Organic Search
2024-07-01 00:00:00,Jul,Q3,Smart Kitchen,Home,East,Premium,35,1751.571725226924,1033.644343714978,717.9273815119459,0.24858408903767287,Email
2024-07-01 00:00:00,Jul,Q3,Smart Kitchen,Home,East,Premium,23,1135.5099948483803,677.6310082962809,457.8789865520994,0.2483010178161811,Paid Social
2024-07-01 00:00:00,Jul,Q3,Smart Kitchen,Home,East,Premium,17,780.9031193980907,446.38530138140936,334.5178180166813,0.3073807888982094,Paid Search
2024-07-01 00:00:00,Jul,Q3,Smart Kitchen,Home,West,Value Seekers,47,2746.4988429274435,1518.105261232849,1228.3935816945946,0.21814595786254196,Organic Search
2024-07-01 00:00:00,Jul,Q3,Smart Kitchen,Home,West,Value Seekers,50,2507.207614134521,1372.0394218590486,1135.1681922754724,0.2598109426019057,Email
2024-07-01 00:00:00,Jul,Q3,Smart Kitchen,Home,West,Value Seekers,47,2181.0303215651084,1202.8145830091112,978.2157385559972,0.30787900189577844,Paid Social
2024-07-01 00:00:00,Jul,Q3,Smart Kitchen,Home,West,Value Seekers,49,2382.3896907910344,1393.7794659195677,988.6102248714667,0.3032341084569938,Paid Search
2024-07-01 00:00:00,Jul,Q3,Smart Kitchen,Home,West,Mainstream,47,2660.203541087905,1554.9241691920954,1105.2793718958094,0.20026735948116076,Organic Search
2024-07-01 00:00:00,Jul,Q3,Smart Kitchen,Home,West,Mainstream,51,2704.195723193022,1518.5684049012316,1185.6273182917903,0.21716007373911644,Email
2024-07-01 00:00:00,Jul,Q3,Smart Kitchen,Home,West,Mainstream,50,2630.8231842469345,1448.7629426308642,1182.0602416160702,0.27578063153977483,Paid Social
2024-07-01 00:00:00,Jul,Q3,Smart Kitchen,Home,West,Mainstream,38,1668.80039453674,981.1837998203575,687.6165947163825,0.3187569706019642,Paid Search
2024-07-01 00:00:00,Jul,Q3,Smart Kitchen,Home,West,Premium,25,1258.0568560386484,706.9211506635199,551.1357053751285,0.25529253022453746,Organic Search
2024-07-01 00:00:00,Jul,Q3,Smart Kitchen,Home,West,Premium,29,1554.584306930197,916.566817522524,638.017489407673,0.21479004217255498,Email
2024-07-01 00:00:00,Jul,Q3,Smart Kitchen,Home,West,Premium,28,1336.0260583266377,751.3713351804183,584.6547231462193,0.3060761657413413,Paid Social
2024-07-01 00:00:00,Jul,Q3,Smart Kitchen,Home,West,Premium,38,1999.0197982853554,1175.8921036798672,823.1276946054882,0.26462930123877476,Paid Search
2024-07-01 00:00:00,Jul,Q3,Activewear,Lifestyle,North,Value Seekers,91,4171.969336542526,2526.9672690650414,1645.002067477485,0.22847291178050613,Organic Search
2024-07-01 00:00:00,Jul,Q3,Activewear,Lifestyle,North,Value Seekers,66,3223.6427538943394,1966.480505115015,1257.1622487793245,0.19814297949176027,Email
2024-07-01 00:00:00,Jul,Q3,Activewear,Lifestyle,North,Value Seekers,69,2940.5182558194247,1751.7219915559224,1188.7962642635023,0.26456713038348284,Paid Social
2024-07-01 00:00:00,Jul,Q3,Activewear,Lifestyle,North,Value Seekers,54,2189.068937178704,1325.4574901729632,863.6114470057407,0.29226322313251407,Paid Search
2024-07-01 00:00:00,Jul,Q3,Activewear,Lifestyle,North,Mainstream,69,3375.91939528322,2047.7763887588653,1328.1430065243549,0.1997431621904796,Organic Search
2024-07-01 00:00:00,Jul,Q3,Activewear,Lifestyle,North,Mainstream,58,2823.9385298131774,1622.2735468672258,1201.6649829459516,0.21922324647644179,Email
2024-07-01 00:00:00,Jul,Q3,Activewear,Lifestyle,North,Mainstream,50,1951.0080096239192,1143.2144343488947,807.7935752750245,0.30309770614090176,Paid Social
2024-07-01 00:00:00,Jul,Q3,Activewear,Lifestyle,North,Mainstream,56,2153.804957651012,1266.1682041044623,887.6367535465497,0.317117260064969,Paid Search
2024-07-01 00:00:00,Jul,Q3,Activewear,Lifestyle,North,Premium,45,2230.7746544427846,1370.6404687898978,860.1341856528868,0.22610171357487394,Organic Search
2024-07-01 00:00:00,Jul,Q3,Activewear,Lifestyle,North,Premium,35,1523.4916498602618,942.2581621184639,581.2334877417978,0.23117355413624396,Email
2024-07-01 00:00:00,Jul,Q3,Activewear,Lifestyle,North,Premium,34,1319.729485892256,717.3107717162007,602.4187141760552,0.2919929692509745,Paid Social
2024-07-01 00:00:00,Jul,Q3,Activewear,Lifestyle,North,Premium,60,2587.835597920629,1566.7940520140032,1021.0415459066257,0.2492660629845419,Paid Search
2024-07-01 00:00:00,Jul,Q3,Activewear,Lifestyle,South,Value Seekers,67,2931.1613124902656,1730.7134348747566,1200.447877615509,0.2557359978185988,Organic Search
2024-07-01 00:00:00,Jul,Q3,Activewear,Lifestyle,South,Value Seekers,47,2033.367284492626,1234.2137004573517,799.1535840352742,0.2595684904677113,Email
2024-07-01 00:00:00,Jul,Q3,Activewear,Lifestyle,South,Value Seekers,53,2141.507725464172,1290.5392205540365,850.9685049101354,0.32835756744063155,Paid Social
2024-07-01 00:00:00,Jul,Q3,Activewear,Lifestyle,South,Value Seekers,54,2269.4252027918715,1301.7946664500741,967.6305363417973,0.2977862487114248,Paid Search
2024-07-01 00:00:00,Jul,Q3,Activewear,Lifestyle,South,Mainstream,48,2368.048144429188,1360.4411874497573,1007.6069569794308,0.21454441561986892,Organic Search
2024-07-01 00:00:00,Jul,Q3,Activewear,Lifestyle,South,Mainstream,51,2124.592747970834,1292.4437458191753,832.1490021516586,0.2526341251450763,Email
2024-07-01 00:00:00,Jul,Q3,Activewear,Lifestyle,South,Mainstream,49,1949.9812917277181,1204.8997021219413,745.0815896057768,0.2780687607505316,Paid Social
2024-07-01 00:00:00,Jul,Q3,Activewear,Lifestyle,South,Mainstream,51,1916.451019295547,1086.2684338596157,830.1825854359313,0.3062101658058743,Paid Search
2024-07-01 00:00:00,Jul,Q3,Activewear,Lifestyle,South,Premium,32,1534.9837194619465,944.1293573854282,590.8543620765183,0.19534494453481793,Organic Search
2024-07-01 00:00:00,Jul,Q3,Activewear,Lifestyle,South,Premium,26,1159.2120793437866,706.6934922158794,452.51858712790727,0.22265011978491078,Email
2024-07-01 00:00:00,Jul,Q3,Activewear,Lifestyle,South,Premium,33,1353.8645345740788,780.8409988234662,573.0235357506126,0.2916881686872102,Paid Social
2024-07-01 00:00:00,Jul,Q3,Activewear,Lifestyle,South,Premium,21,859.3207307750972,499.45879458533796,359.86193618975926,0.29815680564692876,Paid Search
2024-07-01 00:00:00,Jul,Q3,Activewear,Lifestyle,East,Value Seekers,61,2981.217899248485,1836.373879976709,1144.844019271776,0.18741044599317605,Organic Search
2024-07-01 00:00:00,Jul,Q3,Activewear,Lifestyle,East,Value Seekers,54,2359.207386030426,1326.7679685684914,1032.4394174619345,0.2387350068828992,Email
2024-07-01 00:00:00,Jul,Q3,Activewear,Lifestyle,East,Value Seekers,58,2324.437702006489,1394.8991646562204,929.5385373502686,0.270649804943359,Paid Social
2024-07-01 00:00:00,Jul,Q3,Activewear,Lifestyle,East,Value Seekers,55,2169.2377021718544,1246.2670126058617,922.9706895659926,0.30224268156712514,Paid Search
2024-07-01 00:00:00,Jul,Q3,Activewear,Lifestyle,East,Mainstream,57,2740.063855579018,1611.979749345624,1128.0841062333939,0.16274145494332368,Organic Search
2024-07-01 00:00:00,Jul,Q3,Activewear,Lifestyle,East,Mainstream,66,3152.5057016237597,1961.502781957129,1191.0029196666308,0.21277588110366255,Email
2024-07-01 00:00:00,Jul,Q3,Activewear,Lifestyle,East,Mainstream,50,1798.5241117691628,1032.0432664193027,766.4808453498601,0.33068948762667816,Paid Social
2024-07-01 00:00:00,Jul,Q3,Activewear,Lifestyle,East,Mainstream,43,1939.549127740515,1120.0089579943387,819.5401697461762,0.26460660832571115,Paid Search
2024-07-01 00:00:00,Jul,Q3,Activewear,Lifestyle,East,Premium,41,2175.877286513719,1302.2705285458128,873.6067579679061,0.18133864959742804,Organic Search
2024-07-01 00:00:00,Jul,Q3,Activewear,Lifestyle,East,Premium,29,1326.6226133915604,800.2522062507534,526.3704071408071,0.2394050579465029,Email
2024-07-01 00:00:00,Jul,Q3,Activewear,Lifestyle,East,Premium,35,1551.4214891118002,903.544162469569,647.8773266422312,0.2767100464117799,Paid Social
2024-07-01 00:00:00,Jul,Q3,Activewear,Lifestyle,East,Premium,38,1531.9046904725863,879.7869917931222,652.1176986794641,0.28805602202206027,Paid Search
2024-07-01 00:00:00,Jul,Q3,Activewear,Lifestyle,West,Value Seekers,69,2827.8532503383103,1762.6681562494646,1065.1850940888457,0.26675256954296744,Organic Search
2024-07-01 00:00:00,Jul,Q3,Activewear,Lifestyle,West,Value Seekers,60,2707.0185695535247,1611.0912495227835,1095.9273200307412,0.2424871079875717,Email
2024-07-01 00:00:00,Jul,Q3,Activewear,Lifestyle,West,Value Seekers,39,1557.587474776861,960.1529827203356,597.4344920565254,0.2932984038109291,Paid Social
2024-07-01 00:00:00,Jul,Q3,Activewear,Lifestyle,West,Value Seekers,57,2463.378052828159,1502.6529483911545,960.7251044370046,0.2650843758540763,Paid Search
2024-07-01 00:00:00,Jul,Q3,Activewear,Lifestyle,West,Mainstream,58,2785.2468464668223,1605.0171405384285,1180.2297059283937,0.21130857811628728,Organic Search
2024-07-01 00:00:00,Jul,Q3,Activewear,Lifestyle,West,Mainstream,59,2973.5233858598244,1771.8146139311689,1201.7087719286556,0.20013853608562016,Email
2024-07-01 00:00:00,Jul,Q3,Activewear,Lifestyle,West,Mainstream,50,2117.579151822707,1250.702532761313,866.876619061394,0.2886634337407658,Paid Social
2024-07-01 00:00:00,Jul,Q3,Activewear,Lifestyle,West,Mainstream,45,1752.411922010296,995.0966868183795,757.3152351919165,0.28628023621104737,Paid Search
2024-07-01 00:00:00,Jul,Q3,Activewear,Lifestyle,West,Premium,46,1956.374593554872,1215.5882558819003,740.7863376729717,0.25864168756383193,Organic Search
2024-07-01 00:00:00,Jul,Q3,Activewear,Lifestyle,West,Premium,41,1843.3160936151578,1134.6703558105035,708.6457378046543,0.2628611724994249,Email
2024-07-01 00:00:00,Jul,Q3,Activewear,Lifestyle,West,Premium,48,1842.7475589946675,1025.5550489911848,817.1925100034828,0.35418400946858003,Paid Social
2024-07-01 00:00:00,Jul,Q3,Activewear,Lifestyle,West,Premium,35,1430.9664828270443,836.390596125204,594.5758867018403,0.28806401239993884,Paid Search
2024-07-01 00:00:00,Jul,Q3,Premium Audio,Electronics,North,Value Seekers,29,2671.7282632507563,1407.7277716514013,1264.000491599355,0.22157098621429785,Organic Search
2024-07-01 00:00:00,Jul,Q3,Premium Audio,Electronics,North,Value Seekers,35,3056.141305920749,1655.3309280049514,1400.8103779157975,0.2646312706385567,Email
2024-07-01 00:00:00,Jul,Q3,Premium Audio,Electronics,North,Value Seekers,28,2280.5956676504948,1168.8259058373399,1111.769761813155,0.33168160437584665,Paid Social
2024-07-01 00:00:00,Jul,Q3,Premium Audio,Electronics,North,Value Seekers,29,2359.7505276962065,1203.893244318759,1155.8572833774476,0.28882124304234674,Paid Search
2024-07-01 00:00:00,Jul,Q3,Premium Audio,Electronics,North,Mainstream,29,2684.2155306513205,1432.8313353314745,1251.384195319846,0.2045470134837296,Organic Search
2024-07-01 00:00:00,Jul,Q3,Premium Audio,Electronics,North,Mainstream,23,1962.78555926581,888.4663052007053,1074.3192540651048,0.2565663908402425,Email
2024-07-01 00:00:00,Jul,Q3,Premium Audio,Electronics,North,Mainstream,22,1762.116341858892,1013.9495582124489,748.166783646443,0.2985240042102329,Paid Social
2024-07-01 00:00:00,Jul,Q3,Premium Audio,Electronics,North,Mainstream,27,2232.8934458698877,1130.0709656438225,1102.8224802260652,0.2922841284308158,Paid Search
2024-07-01 00:00:00,Jul,Q3,Premium Audio,Electronics,North,Premium,26,2216.168512909837,1189.3409707601552,1026.8275421496817,0.23561261061119296,Organic Search
2024-07-01 00:00:00,Jul,Q3,Premium Audio,Electronics,North,Premium,17,1477.5683318821364,774.4184161592142,703.1499157229222,0.265247616381723,Email
2024-07-01 00:00:00,Jul,Q3,Premium Audio,Electronics,North,Premium,15,1250.7480547643524,649.0443878022279,601.7036669621245,0.2821151607190207,Paid Social
2024-07-01 00:00:00,Jul,Q3,Premium Audio,Electronics,North,Premium,13,1106.6186166707855,626.241558310182,480.37705836060354,0.2940547382671311,Paid Search
2024-07-01 00:00:00,Jul,Q3,Premium Audio,Electronics,South,Value Seekers,25,2157.3218998936204,1152.32751101236,1004.9943888812604,0.2563781792895295,Organic Search
2024-07-01 00:00:00,Jul,Q3,Premium Audio,Electronics,South,Value Seekers,26,2535.40960436742,1320.6251605102116,1214.7844438572083,0.23540493082700045,Email
2024-07-01 00:00:00,Jul,Q3,Premium Audio,Electronics,South,Value Seekers,12,901.7432056628587,474.63884169151396,427.10436397134475,0.3594758425273001,Paid Social
2024-07-01 00:00:00,Jul,Q3,Premium Audio,Electronics,South,Value Seekers,22,1748.8931527828013,853.1404446284557,895.7527081543456,0.30842484600241404,Paid Search
2024-07-01 00:00:00,Jul,Q3,Premium Audio,Electronics,South,Mainstream,31,2876.9068445106336,1414.5109566181284,1462.3958878925052,0.19094380555598628,Organic Search
2024-07-01 00:00:00,Jul,Q3,Premium Audio,Electronics,South,Mainstream,19,1821.4759964409545,985.1056534348368,836.3703430061178,0.21538373511741954,Email
2024-07-01 00:00:00,Jul,Q3,Premium Audio,Electronics,South,Mainstream,24,1831.1837331016388,992.8356506940675,838.3480824075714,0.3613215405285601,Paid Social
2024-07-01 00:00:00,Jul,Q3,Premium Audio,Electronics,South,Mainstream,27,2309.0243512626103,1219.3240266756088,1089.7003245870014,0.289192431330622,Paid Search
2024-07-01 00:00:00,Jul,Q3,Premium Audio,Electronics,South,Premium,16,1504.7218933266172,787.4840099866548,717.2378833399624,0.2117714726205079,Organic Search
2024-07-01 00:00:00,Jul,Q3,Premium Audio,Electronics,South,Premium,14,1284.6261478949475,668.656010855068,615.9701370398795,0.2333435735321748,Email
2024-07-01 00:00:00,Jul,Q3,Premium Audio,Electronics,South,Premium,14,1039.180496775166,526.0937595173559,513.08673725781,0.3494846117853576,Paid Social
2024-07-01 00:00:00,Jul,Q3,Premium Audio,Electronics,South,Premium,19,1434.5117232608343,753.3709425933384,681.1407806674958,0.3278910505164848,Paid Search
2024-07-01 00:00:00,Jul,Q3,Premium Audio,Electronics,East,Value Seekers,39,3423.8037062289586,1806.3222773235693,1617.4814289053893,0.26501385966252006,Organic Search
2024-07-01 00:00:00,Jul,Q3,Premium Audio,Electronics,East,Value Seekers,22,2139.8955173396157,1131.240490854856,1008.6550264847597,0.2127851505509399,Email
2024-07-01 00:00:00,Jul,Q3,Premium Audio,Electronics,East,Value Seekers,32,2622.5640991681803,1450.4895740715806,1172.0745250965997,0.3293817362260825,Paid Social
2024-07-01 00:00:00,Jul,Q3,Premium Audio,Electronics,East,Value Seekers,33,2686.9451117596973,1334.8069062078976,1352.1382055517997,0.2695689026593217,Paid Search
2024-07-01 00:00:00,Jul,Q3,Premium Audio,Electronics,East,Mainstream,25,2546.999853299248,1255.6361997270362,1291.363653572212,0.10838492140664027,Organic Search
2024-07-01 00:00:00,Jul,Q3,Premium Audio,Electronics,East,Mainstream,25,2211.3264780933177,1182.6318252828107,1028.694652810507,0.25866680670321207,Email
2024-07-01 00:00:00,Jul,Q3,Premium Audio,Electronics,East,Mainstream,25,2075.183325772744,1122.2082520195822,952.9750737531617,0.3023255322055358,Paid Social
2024-07-01 00:00:00,Jul,Q3,Premium Audio,Electronics,East,Mainstream,36,2953.6798647833953,1524.7888621075424,1428.8910026758529,0.29335286170743174,Paid Search
2024-07-01 00:00:00,Jul,Q3,Premium Audio,Electronics,East,Premium,16,1463.0861762787313,754.4883622723214,708.5978140064099,0.21090551426163168,Organic Search
2024-07-01 00:00:00,Jul,Q3,Premium Audio,Electronics,East,Premium,16,1439.758648168995,728.6631585593162,711.0954896096788,0.24399370068974757,Email
2024-07-01 00:00:00,Jul,Q3,Premium Audio,Electronics,East,Premium,8,619.9027940475158,326.19947033801196,293.7033237095039,0.35493709302636456,Paid Social
2024-07-01 00:00:00,Jul,Q3,Premium Audio,Electronics,East,Premium,10,836.2428024131361,440.2017529630334,396.0410494501027,0.26920628686522824,Paid Search
2024-07-01 00:00:00,Jul,Q3,Premium Audio,Electronics,West,Value Seekers,32,2891.9219752001673,1452.7897643965557,1439.1322108036115,0.2553140926674007,Organic Search
2024-07-01 00:00:00,Jul,Q3,Premium Audio,Electronics,West,Value Seekers,23,1971.9680993335805,1037.6110766525053,934.3570226810753,0.27965858089206774,Email
2024-07-01 00:00:00,Jul,Q3,Premium Audio,Electronics,West,Value Seekers,20,1580.3120249957642,773.6876722026784,806.6243527930858,0.2920864339163116,Paid Social
2024-07-01 00:00:00,Jul,Q3,Premium Audio,Electronics,West,Value Seekers,26,2107.2862246862296,1080.220155547793,1027.0660691384367,0.2721683432801898,Paid Search
2024-07-01 00:00:00,Jul,Q3,Premium Audio,Electronics,West,Mainstream,27,2634.578008708635,1346.8324450196699,1287.7455636889651,0.21174719989673524,Organic Search
2024-07-01 00:00:00,Jul,Q3,Premium Audio,Electronics,West,Mainstream,22,2001.2624653993867,989.9623821136756,1011.300083285711,0.2356839980030207,Email
2024-07-01 00:00:00,Jul,Q3,Premium Audio,Electronics,West,Mainstream,25,2103.324641065663,1120.0221766229477,983.3024644427153,0.32527797678610887,Paid Social
2024-07-01 00:00:00,Jul,Q3,Premium Audio,Electronics,West,Mainstream,22,1865.8509789663608,934.0296611171641,931.8213178491967,0.27839792808577896,Paid Search
2024-07-01 00:00:00,Jul,Q3,Premium Audio,Electronics,West,Premium,17,1617.121281585448,833.3704651884265,783.7508163970216,0.2232381361082015,Organic Search
2024-07-01 00:00:00,Jul,Q3,Premium Audio,Electronics,West,Premium,14,1254.5787710831432,674.7456216543391,579.8331494288042,0.23503402071711216,Email
2024-07-01 00:00:00,Jul,Q3,Premium Audio,Electronics,West,Premium,10,738.1806154691728,386.2890909656308,351.89152450354203,0.3343260582346201,Paid Social
2024-07-01 00:00:00,Jul,Q3,Premium Audio,Electronics,West,Premium,11,809.8148790425809,414.91250279985417,394.9023762427267,0.28804408898659756,Paid Search
2024-07-01 00:00:00,Jul,Q3,Pro Camera,Electronics,North,Value Seekers,25,3328.420824402522,1615.3057661294781,1713.115058273044,0.24266718448797964,Organic Search
2024-07-01 00:00:00,Jul,Q3,Pro Camera,Electronics,North,Value Seekers,26,3305.6440847594154,1630.6168831054083,1675.027201654007,0.29078601004495663,Email
2024-07-01 00:00:00,Jul,Q3,Pro Camera,Electronics,North,Value Seekers,21,2535.5232880571634,1181.8801448581837,1353.6431431989797,0.29746839436050304,Paid Social
2024-07-01 00:00:00,Jul,Q3,Pro Camera,Electronics,North,Value Seekers,14,1838.852267992841,914.0780729611282,924.7741950317128,0.2925907026561688,Paid Search
2024-07-01 00:00:00,Jul,Q3,Pro Camera,Electronics,North,Mainstream,17,2385.3960840840095,1190.694402072929,1194.7016820110805,0.21895966532820438,Organic Search
2024-07-01 00:00:00,Jul,Q3,Pro Camera,Electronics,North,Mainstream,16,2288.458351654491,1125.8381207275993,1162.6202309268915,0.21323309408987254,Email
2024-07-01 00:00:00,Jul,Q3,Pro Camera,Electronics,North,Mainstream,21,2575.0884338608575,1321.2672363382717,1253.8211975225859,0.3193208512316601,Paid Social
2024-07-01 00:00:00,Jul,Q3,Pro Camera,Electronics,North,Mainstream,18,2288.6763529823625,1098.0771477252729,1190.5992052570896,0.29242704852508006,Paid Search
2024-07-01 00:00:00,Jul,Q3,Pro Camera,Electronics,North,Premium,12,1732.64576113825,818.6603347255376,913.9854264127124,0.22561855066203765,Organic Search
2024-07-01 00:00:00,Jul,Q3,Pro Camera,Electronics,North,Premium,16,2256.068063285041,1141.4740249899858,1114.594038295055,0.24823554845875842,Email
2024-07-01 00:00:00,Jul,Q3,Pro Camera,Electronics,North,Premium,9,1150.7648834899787,581.7119306513032,569.0529528386755,0.2884999483972049,Paid Social
2024-07-01 00:00:00,Jul,Q3,Pro Camera,Electronics,North,Premium,19,2635.109206515655,1232.766327158069,1402.3428793575858,0.2718215738340432,Paid Search
2024-07-01 00:00:00,Jul,Q3,Pro Camera,Electronics,South,Value Seekers,9,1150.3631133767137,595.7118489471409,554.6512644295728,0.2396043970334416,Organic Search
2024-07-01 00:00:00,Jul,Q3,Pro Camera,Electronics,South,Value Seekers,10,1340.4381850952525,671.4478925733898,668.9902925218627,0.275136258376952,Email
2024-07-01 00:00:00,Jul,Q3,Pro Camera,Electronics,South,Value Seekers,13,1615.1413016581955,817.9171109546753,797.2241907035202,0.31546314494109834,Paid Social
2024-07-01 00:00:00,Jul,Q3,Pro Camera,Electronics,South,Value Seekers,17,2068.59982997975,999.9571183041686,1068.6427116755817,0.2956496721168461,Paid Search
2024-07-01 00:00:00,Jul,Q3,Pro Camera,Electronics,South,Mainstream,25,3465.7006226993326,1658.696360835035,1807.0042618642976,0.21684479813215501,Organic Search
2024-07-01 00:00:00,Jul,Q3,Pro Camera,Electronics,South,Mainstream,11,1522.5554487708246,741.6569678206969,780.8984809501277,0.25483877568281643,Email
2024-07-01 00:00:00,Jul,Q3,Pro Camera,Electronics,South,Mainstream,15,1694.0656752532311,778.68395847199,915.3817167812412,0.3047411849252997,Paid Social
2024-07-01 00:00:00,Jul,Q3,Pro Camera,Electronics,South,Mainstream,16,2082.914100785149,1129.1704796690155,953.7436211161335,0.26318979535514336,Paid Search
2024-07-01 00:00:00,Jul,Q3,Pro Camera,Electronics,South,Premium,10,1465.3127613153222,745.1239320332531,720.188829282069,0.1885230670908686,Organic Search
2024-07-01 00:00:00,Jul,Q3,Pro Camera,Electronics,South,Premium,7,993.5874366970944,492.85868946688464,500.72874723020976,0.22867370020187236,Email
2024-07-01 00:00:00,Jul,Q3,Pro Camera,Electronics,South,Premium,9,1095.7665406026492,584.028409211041,511.73813139160825,0.3087412439286869,Paid Social
2024-07-01 00:00:00,Jul,Q3,Pro Camera,Electronics,South,Premium,11,1374.3552390047566,699.0932232530107,675.2620157517459,0.2643797198866028,Paid Search
2024-07-01 00:00:00,Jul,Q3,Pro Camera,Electronics,East,Value Seekers,16,2222.7849668438066,1043.0910215246092,1179.6939453191974,0.23699553989860694,Organic Search
2024-07-01 00:00:00,Jul,Q3,Pro Camera,Electronics,East,Value Seekers,19,2522.2997054446355,1309.8753617436266,1212.4243437010089,0.28215630216137144,Email
2024-07-01 00:00:00,Jul,Q3,Pro Camera,Electronics,East,Value Seekers,14,1834.992582031419,900.4693568255385,934.5232252058805,0.29192747109807926,Paid Social
2024-07-01 00:00:00,Jul,Q3,Pro Camera,Electronics,East,Value Seekers,16,2002.358857122355,936.5591656567303,1065.7996914656246,0.288172314665987,Paid Search
2024-07-01 00:00:00,Jul,Q3,Pro Camera,Electronics,East,Mainstream,12,1533.4135199614554,747.0277282719153,786.3857916895402,0.27725787518221734,Organic Search
2024-07-01 00:00:00,Jul,Q3,Pro Camera,Electronics,East,Mainstream,14,1949.2027660876608,989.6593451084518,959.543420979209,0.20813059439364082,Email
2024-07-01 00:00:00,Jul,Q3,Pro Camera,Electronics,East,Mainstream,15,1753.714551936226,888.2251512862836,865.4894006499424,0.3445349929150215,Paid Social
2024-07-01 00:00:00,Jul,Q3,Pro Camera,Electronics,East,Mainstream,15,1860.0443156458102,950.9849413555303,909.05937429028,0.30175150542268714,Paid Search
2024-07-01 00:00:00,Jul,Q3,Pro Camera,Electronics,East,Premium,13,1887.106925774562,829.4096885212251,1057.6972372533369,0.18486110072040632,Organic Search
2024-07-01 00:00:00,Jul,Q3,Pro Camera,Electronics,East,Premium,13,1806.6081546469627,930.8254511297629,875.7827035171998,0.24003574148418655,Email
2024-07-01 00:00:00,Jul,Q3,Pro Camera,Electronics,East,Premium,14,1849.9767488882014,951.6691174801817,898.3076314080197,0.2859476547462954,Paid Social
2024-07-01 00:00:00,Jul,Q3,Pro Camera,Electronics,East,Premium,9,1141.866363869728,554.4885365227263,587.3778273470017,0.2606822834967255,Paid Search
2024-07-01 00:00:00,Jul,Q3,Pro Camera,Electronics,West,Value Seekers,20,2869.084939468692,1374.9056101349706,1494.1793293337214,0.20082926787697228,Organic Search
2024-07-01 00:00:00,Jul,Q3,Pro Camera,Electronics,West,Value Seekers,16,2204.4788114174507,1146.8564558015162,1057.6223556159346,0.24475065096566187,Email
2024-07-01 00:00:00,Jul,Q3,Pro Camera,Electronics,West,Value Seekers,17,2064.4856885560894,1087.499455168222,976.9862333878673,0.29982554333400163,Paid Social
2024-07-01 00:00:00,Jul,Q3,Pro Camera,Electronics,West,Value Seekers,15,1675.7162390923556,850.0698410812483,825.6463980111073,0.3725735407126336,Paid Search
2024-07-01 00:00:00,Jul,Q3,Pro Camera,Electronics,West,Mainstream,10,1389.5357540409586,663.5986046236527,725.9371494173059,0.2158645616768837,Organic Search
2024-07-01 00:00:00,Jul,Q3,Pro Camera,Electronics,West,Mainstream,19,2642.239773092628,1304.169980675398,1338.0697924172302,0.22221576896822517,Email
2024-07-01 00:00:00,Jul,Q3,Pro Camera,Electronics,West,Mainstream,13,1574.185753720008,784.9664201295855,789.2193335904226,0.30953878939723156,Paid Social
2024-07-01 00:00:00,Jul,Q3,Pro Camera,Electronics,West,Mainstream,17,2234.1190315386807,1072.360341370634,1161.7586901680468,0.25302438851830256,Paid Search
2024-07-01 00:00:00,Jul,Q3,Pro Camera,Electronics,West,Premium,12,1711.8964714061583,812.6806222262231,899.2158491799352,0.22919069405668388,Organic Search
2024-07-01 00:00:00,Jul,Q3,Pro Camera,Electronics,West,Premium,9,1249.8094199970756,630.585421841388,619.2239981556876,0.2461951242987706,Email
2024-07-01 00:00:00,Jul,Q3,Pro Camera,Electronics,West,Premium,7,854.9448775989446,444.9732845452807,409.97159305366387,0.3204716016396277,Paid Social
2024-07-01 00:00:00,Jul,Q3,Pro Camera,Electronics,West,Premium,10,1262.3706999451865,591.157461828446,671.2132381167405,0.26440310320354415,Paid Search
2024-07-01 00:00:00,Jul,Q3,Luxury Set,Lifestyle,North,Value Seekers,14,1583.8309917482286,693.3393905592153,890.4916011890133,0.2226642149421672,Organic Search
2024-07-01 00:00:00,Jul,Q3,Luxury Set,Lifestyle,North,Value Seekers,12,1387.236057215473,594.0173255150839,793.2187317003891,0.21738627751039727,Email
2024-07-01 00:00:00,Jul,Q3,Luxury Set,Lifestyle,North,Value Seekers,13,1323.9904837377514,647.6606801948462,676.3298035429052,0.32944279400284593,Paid Social
2024-07-01 00:00:00,Jul,Q3,Luxury Set,Lifestyle,North,Value Seekers,13,1320.7373113206124,618.9068894129294,701.830421907683,0.2942322256878795,Paid Search
2024-07-01 00:00:00,Jul,Q3,Luxury Set,Lifestyle,North,Mainstream,14,1432.7831370378196,678.1392800797995,754.6438569580201,0.24896570042675217,Organic Search
2024-07-01 00:00:00,Jul,Q3,Luxury Set,Lifestyle,North,Mainstream,12,1388.2410649983324,683.9049629626675,704.3361020356649,0.2171141283829654,Email
2024-07-01 00:00:00,Jul,Q3,Luxury Set,Lifestyle,North,Mainstream,11,1003.4912473817872,462.7485719037731,540.742675478014,0.3617983443107965,Paid Social
2024-07-01 00:00:00,Jul,Q3,Luxury Set,Lifestyle,North,Mainstream,10,986.9688629173695,460.45661988317914,526.5122430341903,0.30164681471460864,Paid Search
2024-07-01 00:00:00,Jul,Q3,Luxury Set,Lifestyle,North,Premium,10,1169.2253437793513,564.6089767672613,604.61636701209,0.18963743519293957,Organic Search
2024-07-01 00:00:00,Jul,Q3,Luxury Set,Lifestyle,North,Premium,10,1085.5654546924752,475.69413024556695,609.8713244469083,0.24644084227519228,Email
2024-07-01 00:00:00,Jul,Q3,Luxury Set,Lifestyle,North,Premium,7,746.7450725597862,338.8660808681574,407.8789916916288,0.2705825453557274,Paid Social
2024-07-01 00:00:00,Jul,Q3,Luxury Set,Lifestyle,North,Premium,4,435.08584844792387,202.13651198962776,232.9493364582961,0.25371677454941804,Paid Search
2024-07-01 00:00:00,Jul,Q3,Luxury Set,Lifestyle,South,Value Seekers,8,955.5374166045959,406.56004961983945,548.9773669847565,0.21048989305723723,Organic Search
2024-07-01 00:00:00,Jul,Q3,Luxury Set,Lifestyle,South,Value Seekers,13,1514.6943623219213,700.7806892286819,813.9136730932394,0.2503652795075096,Email
2024-07-01 00:00:00,Jul,Q3,Luxury Set,Lifestyle,South,Value Seekers,13,1261.0593069297663,558.8958095459803,702.163497383786,0.3388513571211429,Paid Social
2024-07-01 00:00:00,Jul,Q3,Luxury Set,Lifestyle,South,Value Seekers,7,677.5666869957877,325.1575089453364,352.40917805045126,0.3249986085827758,Paid Search
2024-07-01 00:00:00,Jul,Q3,Luxury Set,Lifestyle,South,Mainstream,9,1034.322998929018,470.53044498450316,563.7925539445148,0.22695795682835404,Organic Search
2024-07-01 00:00:00,Jul,Q3,Luxury Set,Lifestyle,South,Mainstream,4,460.7129156399931,214.9782055439762,245.73471009601693,0.20798981743534,Email
2024-07-01 00:00:00,Jul,Q3,Luxury Set,Lifestyle,South,Mainstream,9,905.2015514692831,421.568946265496,483.63260520378714,0.2910023615704188,Paid Social
2024-07-01 00:00:00,Jul,Q3,Luxury Set,Lifestyle,South,Mainstream,9,958.5858727183117,434.80669565564125,523.7791770626704,0.25143023262509,Paid Search
2024-07-01 00:00:00,Jul,Q3,Luxury Set,Lifestyle,South,Premium,4,517.8033689022263,252.46431792604213,265.33905097618424,0.17671045846605835,Organic Search
2024-07-01 00:00:00,Jul,Q3,Luxury Set,Lifestyle,South,Premium,4,476.70865945694203,219.1459751843725,257.5626842725695,0.2150484169087793,Email
2024-07-01 00:00:00,Jul,Q3,Luxury Set,Lifestyle,South,Premium,7,603.4877371616534,281.8282992254485,321.6594379362049,0.3370814721214148,Paid Social
2024-07-01 00:00:00,Jul,Q3,Luxury Set,Lifestyle,South,Premium,7,807.1305343553214,389.203900827026,417.9266335282954,0.23660665157630933,Paid Search
2024-07-01 00:00:00,Jul,Q3,Luxury Set,Lifestyle,East,Value Seekers,13,1449.9767374811809,666.7464576360401,783.2302798451408,0.23719799053115,Organic Search
2024-07-01 00:00:00,Jul,Q3,Luxury Set,Lifestyle,East,Value Seekers,6,697.8972121834819,326.65789750696086,371.239314676521,0.2239528266880658,Email
2024-07-01 00:00:00,Jul,Q3,Luxury Set,Lifestyle,East,Value Seekers,13,1300.3088214501468,652.6603273362191,647.6484941139277,0.31905705125586026,Paid Social
2024-07-01 00:00:00,Jul,Q3,Luxury Set,Lifestyle,East,Value Seekers,10,962.6312380143216,424.7812747739087,537.849963240413,0.33266542673237626,Paid Search
2024-07-01 00:00:00,Jul,Q3,Luxury Set,Lifestyle,East,Mainstream,16,2047.804894584585,985.4687625329298,1062.3361320516553,0.1798056294393901,Organic Search
2024-07-01 00:00:00,Jul,Q3,Luxury Set,Lifestyle,East,Mainstream,18,2159.5713410408816,1008.1503976956168,1151.4209433452647,0.22823415050870066,Email
2024-07-01 00:00:00,Jul,Q3,Luxury Set,Lifestyle,East,Mainstream,14,1337.9027575533821,624.8793936647749,713.0233638886073,0.3117103839547195,Paid Social
2024-07-01 00:00:00,Jul,Q3,Luxury Set,Lifestyle,East,Mainstream,11,1127.943433949725,515.8575905926805,612.0858433570445,0.289336133886111,Paid Search
2024-07-01 00:00:00,Jul,Q3,Luxury Set,Lifestyle,East,Premium,11,1361.1501770478956,612.9412294730354,748.2089475748602,0.21022183647131035,Organic Search
2024-07-01 00:00:00,Jul,Q3,Luxury Set,Lifestyle,East,Premium,9,1047.916492675698,477.1623050296665,570.7541876460315,0.2232182170135761,Email
2024-07-01 00:00:00,Jul,Q3,Luxury Set,Lifestyle,East,Premium,7,711.1038843211186,321.6966518556049,389.4072324655137,0.2902448873509937,Paid Social
2024-07-01 00:00:00,Jul,Q3,Luxury Set,Lifestyle,East,Premium,6,603.3150421238078,295.9278462386349,307.38719588517284,0.27553483911475274,Paid Search
2024-07-01 00:00:00,Jul,Q3,Luxury Set,Lifestyle,West,Value Seekers,11,1228.9855657871087,507.0641177587348,721.9214480283739,0.23230953647497427,Organic Search
2024-07-01 00:00:00,Jul,Q3,Luxury Set,Lifestyle,West,Value Seekers,13,1556.055413111605,732.6303881897215,823.4250249218835,0.21388396867328963,Email
2024-07-01 00:00:00,Jul,Q3,Luxury Set,Lifestyle,West,Value Seekers,13,1141.1643086257588,489.55976446454633,651.6045441612125,0.37370598004894107,Paid Social
2024-07-01 00:00:00,Jul,Q3,Luxury Set,Lifestyle,West,Value Seekers,11,1192.0352819304446,515.8750611955494,676.1602207348952,0.24754531341822,Paid Search
2024-07-01 00:00:00,Jul,Q3,Luxury Set,Lifestyle,West,Mainstream,9,1027.9895903066385,458.82066988767633,569.1689204189622,0.2151959595841018,Organic Search
2024-07-01 00:00:00,Jul,Q3,Luxury Set,Lifestyle,West,Mainstream,11,1309.485426694285,587.7236046087842,721.7618220855009,0.21038582518493693,Email
2024-07-01 00:00:00,Jul,Q3,Luxury Set,Lifestyle,West,Mainstream,9,815.0988591351492,419.162373579793,395.93648555535617,0.3821430928420461,Paid Social
2024-07-01 00:00:00,Jul,Q3,Luxury Set,Lifestyle,West,Mainstream,7,671.614347194355,322.27013848580344,349.34420870855155,0.29421924238348623,Paid Search
2024-07-01 00:00:00,Jul,Q3,Luxury Set,Lifestyle,West,Premium,10,1135.6879398339893,516.6950831390624,618.9928566949269,0.22311293586485442,Organic Search
2024-07-01 00:00:00,Jul,Q3,Luxury Set,Lifestyle,West,Premium,8,927.3843706350834,430.0575436123535,497.3268270227299,0.2255281348787986,Email
2024-07-01 00:00:00,Jul,Q3,Luxury Set,Lifestyle,West,Premium,3,289.1477681222215,135.027970573204,154.11979754901753,0.3106745920965525,Paid Social
2024-07-01 00:00:00,Jul,Q3,Luxury Set,Lifestyle,West,Premium,6,574.790943031625,261.2693032790685,313.52163975255655,0.30769558206042,Paid Search
2024-08-01 00:00:00,Aug,Q3,Eco Basics,Essentials,North,Value Seekers,193,2795.005089554971,1809.9741091568212,985.03098039815,0.23334082982971835,Organic Search
2024-08-01 00:00:00,Aug,Q3,Eco Basics,Essentials,North,Value Seekers,166,2423.138342638714,1575.2271920554465,847.9111505832677,0.30952478723348353,Email
2024-08-01 00:00:00,Aug,Q3,Eco Basics,Essentials,North,Value Seekers,147,2004.2381581920545,1285.4408106405247,718.7973475515298,0.2706276242232651,Paid Social
2024-08-01 00:00:00,Aug,Q3,Eco Basics,Essentials,North,Value Seekers,169,2342.0664481414037,1518.2022847186756,823.8641634227281,0.25824554518959436,Paid Search
2024-08-01 00:00:00,Aug,Q3,Eco Basics,Essentials,North,Mainstream,154,2207.0944722673416,1407.2642781740992,799.8301940932424,0.22547319033988095,Organic Search
2024-08-01 00:00:00,Aug,Q3,Eco Basics,Essentials,North,Mainstream,139,2052.313555311825,1354.3265273671873,697.9870279446377,0.224664223370044,Email
2024-08-01 00:00:00,Aug,Q3,Eco Basics,Essentials,North,Mainstream,120,1694.6859440201492,1074.023886678613,620.6620573415362,0.28695260655979404,Paid Social
2024-08-01 00:00:00,Aug,Q3,Eco Basics,Essentials,North,Mainstream,131,1746.0764219096127,1187.762314508731,558.3141074008818,0.288536918476177,Paid Search
2024-08-01 00:00:00,Aug,Q3,Eco Basics,Essentials,North,Premium,119,1935.8902894837513,1295.8318896480025,640.0583998357488,0.19656039862030103,Organic Search
2024-08-01 00:00:00,Aug,Q3,Eco Basics,Essentials,North,Premium,106,1476.7869540957793,1014.0536062300974,462.7333478656818,0.2429872218537003,Email
2024-08-01 00:00:00,Aug,Q3,Eco Basics,Essentials,North,Premium,84,1202.3714183248758,799.0068055623971,403.3646127624787,0.267055036689515,Paid Social
2024-08-01 00:00:00,Aug,Q3,Eco Basics,Essentials,North,Premium,93,1311.4875934891068,864.9596274745979,446.5279660145088,0.2726120926686121,Paid Search
2024-08-01 00:00:00,Aug,Q3,Eco Basics,Essentials,South,Value Seekers,146,2299.316844020537,1463.2207705154974,836.0960735050394,0.1939969717730147,Organic Search
2024-08-01 00:00:00,Aug,Q3,Eco Basics,Essentials,South,Value Seekers,122,1783.1938863758712,1120.1109081372576,663.0829782386136,0.27484224190751594,Email
2024-08-01 00:00:00,Aug,Q3,Eco Basics,Essentials,South,Value Seekers,105,1328.1456083189807,885.4733148147045,442.67229350427624,0.345626582401278,Paid Social
2024-08-01 00:00:00,Aug,Q3,Eco Basics,Essentials,South,Value Seekers,114,1499.7635135997393,977.6166227382699,522.1468908614694,0.28616894539493953,Paid Search
2024-08-01 00:00:00,Aug,Q3,Eco Basics,Essentials,South,Mainstream,135,2049.7437400616222,1297.9320196228007,751.8117204388216,0.1981635935086326,Organic Search
2024-08-01 00:00:00,Aug,Q3,Eco Basics,Essentials,South,Mainstream,105,1416.6303875607389,902.1120730851098,514.518314475629,0.247434833154882,Email
2024-08-01 00:00:00,Aug,Q3,Eco Basics,Essentials,South,Mainstream,98,1228.322576285335,820.3919288407031,407.93064744463175,0.3350726195990548,Paid Social
2024-08-01 00:00:00,Aug,Q3,Eco Basics,Essentials,South,Mainstream,102,1316.3759063111754,830.4107899508115,485.96511636036394,0.29068748302230046,Paid Search
2024-08-01 00:00:00,Aug,Q3,Eco Basics,Essentials,South,Premium,97,1545.7455229870861,1012.68909621555,533.0564267715362,0.18802963552404703,Organic Search
2024-08-01 00:00:00,Aug,Q3,Eco Basics,Essentials,South,Premium,84,1299.7944475670013,853.0752528466695,446.71919472033176,0.23195487829233563,Email
2024-08-01 00:00:00,Aug,Q3,Eco Basics,Essentials,South,Premium,63,815.7165508599401,536.2579130395005,279.45863782043955,0.30994737733664873,Paid Social
2024-08-01 00:00:00,Aug,Q3,Eco Basics,Essentials,South,Premium,73,1105.190754873818,705.551752082624,399.6390027911939,0.23251722072886918,Paid Search
2024-08-01 00:00:00,Aug,Q3,Eco Basics,Essentials,East,Value Seekers,165,2354.5328904783164,1471.3502609492577,883.1826295290587,0.22839858913385652,Organic Search
2024-08-01 00:00:00,Aug,Q3,Eco Basics,Essentials,East,Value Seekers,161,2335.740236778063,1552.561836541636,783.1784002364268,0.23382810244824337,Email
2024-08-01 00:00:00,Aug,Q3,Eco Basics,Essentials,East,Value Seekers,137,1687.3664579261024,1084.9311366023842,602.4353213237182,0.3576646211533394,Paid Social
2024-08-01 00:00:00,Aug,Q3,Eco Basics,Essentials,East,Value Seekers,145,1807.0033944787847,1193.717207657551,613.2861868212337,0.33081340387501423,Paid Search
2024-08-01 00:00:00,Aug,Q3,Eco Basics,Essentials,East,Mainstream,161,2535.4032459566242,1697.121953599916,838.2812923567083,0.19559985198761903,Organic Search
2024-08-01 00:00:00,Aug,Q3,Eco Basics,Essentials,East,Mainstream,154,2502.641148591774,1563.6176017640335,939.0235468277403,0.22409906071116148,Email
2024-08-01 00:00:00,Aug,Q3,Eco Basics,Essentials,East,Mainstream,120,1587.6908114846417,1024.125646008429,563.5651654762128,0.30124109408918803,Paid Social
2024-08-01 00:00:00,Aug,Q3,Eco Basics,Essentials,East,Mainstream,137,1968.9773300902373,1313.6231403259603,655.354189764277,0.24919106239196645,Paid Search
2024-08-01 00:00:00,Aug,Q3,Eco Basics,Essentials,East,Premium,103,1656.9431862590773,1081.567262966431,575.3759232926463,0.1959528837184379,Organic Search
2024-08-01 00:00:00,Aug,Q3,Eco Basics,Essentials,East,Premium,102,1720.7340118750305,1146.8810215232481,573.8529903517824,0.21649964153574847,Email
2024-08-01 00:00:00,Aug,Q3,Eco Basics,Essentials,East,Premium,71,964.284925378891,640.8380847831844,323.4468405957066,0.3156067288585207,Paid Social
2024-08-01 00:00:00,Aug,Q3,Eco Basics,Essentials,East,Premium,98,1413.7153699441865,887.5413599950336,526.1740099491528,0.27903213077633726,Paid Search
2024-08-01 00:00:00,Aug,Q3,Eco Basics,Essentials,West,Value Seekers,158,2313.729172775445,1442.528363649949,871.2008091254961,0.21006348692983942,Organic Search
2024-08-01 00:00:00,Aug,Q3,Eco Basics,Essentials,West,Value Seekers,133,1796.4959884969935,1178.4789826207825,618.017005876211,0.29504620064089726,Email
2024-08-01 00:00:00,Aug,Q3,Eco Basics,Essentials,West,Value Seekers,125,1734.9574492572178,1135.5902237937732,599.3672254634446,0.3003492931399192,Paid Social
2024-08-01 00:00:00,Aug,Q3,Eco Basics,Essentials,West,Value Seekers,129,1763.502429043644,1168.1378198186285,595.3646092250156,0.2952093521085646,Paid Search
2024-08-01 00:00:00,Aug,Q3,Eco Basics,Essentials,West,Mainstream,135,2150.038268379741,1419.2997703904712,730.73849798927,0.19589096116097104,Organic Search
2024-08-01 00:00:00,Aug,Q3,Eco Basics,Essentials,West,Mainstream,115,1631.7883976242647,1030.677398401197,601.1109992230677,0.27260116199554796,Email
2024-08-01 00:00:00,Aug,Q3,Eco Basics,Essentials,West,Mainstream,126,1613.496706863709,1074.0436608617922,539.4530460019168,0.31148107015948284,Paid Social
2024-08-01 00:00:00,Aug,Q3,Eco Basics,Essentials,West,Mainstream,119,1705.8626740891846,1141.0550375422702,564.8076365469144,0.26055544590739005,Paid Search
2024-08-01 00:00:00,Aug,Q3,Eco Basics,Essentials,West,Premium,107,1591.9117108889113,1081.3042264332169,510.6074844556945,0.25294119216702016,Organic Search
2024-08-01 00:00:00,Aug,Q3,Eco Basics,Essentials,West,Premium,92,1388.8883170607862,936.5930546535142,452.29526240727205,0.24575232895328764,Email
2024-08-01 00:00:00,Aug,Q3,Eco Basics,Essentials,West,Premium,76,1004.4706821509038,642.102963894223,362.36771825668086,0.31626849260232903,Paid Social
2024-08-01 00:00:00,Aug,Q3,Eco Basics,Essentials,West,Premium,98,1430.8714259124376,910.9591192139623,519.9123066984754,0.2484386899583835,Paid Search
2024-08-01 00:00:00,Aug,Q3,Daily Care,Essentials,North,Value Seekers,171,3574.7645012455637,2249.17427931276,1325.5902219328036,0.23181715312659254,Organic Search
2024-08-01 00:00:00,Aug,Q3,Daily Care,Essentials,North,Value Seekers,123,2437.6669588033133,1504.3669257751553,933.3000330281579,0.26848812002010736,Email
2024-08-01 00:00:00,Aug,Q3,Daily Care,Essentials,North,Value Seekers,151,2597.770066606113,1652.785315682156,944.9847509239569,0.33431538480142076,Paid Social
2024-08-01 00:00:00,Aug,Q3,Daily Care,Essentials,North,Value Seekers,144,2457.621181277905,1533.9472459559186,923.6739353219866,0.3464081928340622,Paid Search
2024-08-01 00:00:00,Aug,Q3,Daily Care,Essentials,North,Mainstream,171,3533.7898567566867,2280.9105349970387,1252.879321759648,0.23628952613566237,Organic Search
2024-08-01 00:00:00,Aug,Q3,Daily Care,Essentials,North,Mainstream,147,2863.8304102110937,1841.4234442149514,1022.4069659961424,0.28001564830535836,Email
2024-08-01 00:00:00,Aug,Q3,Daily Care,Essentials,North,Mainstream,107,1902.9309865523774,1184.1021293850347,718.8288571673427,0.3120125058283915,Paid Social
2024-08-01 00:00:00,Aug,Q3,Daily Care,Essentials,North,Mainstream,130,2196.655819311379,1332.1596379671546,864.4961813442246,0.2900215252866707,Paid Search
2024-08-01 00:00:00,Aug,Q3,Daily Care,Essentials,North,Premium,96,2084.2668986220206,1368.229470516054,716.0374281059665,0.19088632737231223,Organic Search
2024-08-01 00:00:00,Aug,Q3,Daily Care,Essentials,North,Premium,104,2034.009253787903,1331.2893598947999,702.7198938931031,0.2633417435286989,Email
2024-08-01 00:00:00,Aug,Q3,Daily Care,Essentials,North,Premium,79,1527.36960938501,1023.9287690244054,503.44084036060474,0.2708252954464834,Paid Social
2024-08-01 00:00:00,Aug,Q3,Daily Care,Essentials,North,Premium,100,1713.0404029268805,1058.321099931303,654.7193029955774,0.2712850570866293,Paid Search
2024-08-01 00:00:00,Aug,Q3,Daily Care,Essentials,South,Value Seekers,120,2523.6266041172166,1632.4709707658883,891.1556333513283,0.20424230873566637,Organic Search
2024-08-01 00:00:00,Aug,Q3,Daily Care,Essentials,South,Value Seekers,119,2409.6176586522606,1540.3512564475793,869.2664022046813,0.1983902258992789,Email
2024-08-01 00:00:00,Aug,Q3,Daily Care,Essentials,South,Value Seekers,82,1477.625139297752,917.98529031332,559.639848984432,0.29838770970608414,Paid Social
2024-08-01 00:00:00,Aug,Q3,Daily Care,Essentials,South,Value Seekers,99,1764.2443906724832,1124.4083428780327,639.8360477944505,0.25667465528771655,Paid Search
2024-08-01 00:00:00,Aug,Q3,Daily Care,Essentials,South,Mainstream,98,2046.7069667672529,1308.4943812063657,738.2125855608872,0.21572350609740693,Organic Search
2024-08-01 00:00:00,Aug,Q3,Daily Care,Essentials,South,Mainstream,108,2209.99407038681,1365.5238734371935,844.4701969496166,0.2350881188803718,Email
2024-08-01 00:00:00,Aug,Q3,Daily Care,Essentials,South,Mainstream,103,1860.300970007212,1104.3102896661624,755.9906803410497,0.2513687075759688,Paid Social
2024-08-01 00:00:00,Aug,Q3,Daily Care,Essentials,South,Mainstream,107,1934.6839902252316,1242.6818197516836,692.002170473548,0.28199690135675565,Paid Search
2024-08-01 00:00:00,Aug,Q3,Daily Care,Essentials,South,Premium,91,1760.9663492852956,1109.096273781922,651.8700755033735,0.23768235643464028,Organic Search
2024-08-01 00:00:00,Aug,Q3,Daily Care,Essentials,South,Premium,68,1432.5312187208217,871.8541514533664,560.6770672674553,0.22685836536818696,Email
2024-08-01 00:00:00,Aug,Q3,Daily Care,Essentials,South,Premium,69,1275.2247973347157,798.2691339971259,476.95566333758984,0.29610856154275256,Paid Social
2024-08-01 00:00:00,Aug,Q3,Daily Care,Essentials,South,Premium,66,1277.2078445237478,836.518958530462,440.6888859932858,0.25692967625043917,Paid Search
2024-08-01 00:00:00,Aug,Q3,Daily Care,Essentials,East,Value Seekers,156,3196.4224396635695,2048.008561086922,1148.4138785766477,0.2470044020015819,Organic Search
2024-08-01 00:00:00,Aug,Q3,Daily Care,Essentials,East,Value Seekers,137,2796.890709370554,1720.6108059612402,1076.2799034093136,0.24900894805262716,Email
2024-08-01 00:00:00,Aug,Q3,Daily Care,Essentials,East,Value Seekers,143,2531.7578678563113,1676.5872382070447,855.1706296492666,0.3142735819464578,Paid Social
2024-08-01 00:00:00,Aug,Q3,Daily Care,Essentials,East,Value Seekers,122,2209.129085704759,1366.2929917536412,842.8360939511176,0.2710357710613418,Paid Search
2024-08-01 00:00:00,Aug,Q3,Daily Care,Essentials,East,Mainstream,115,2475.8657940238427,1562.0240191942955,913.8417748295471,0.1936114366047265,Organic Search
2024-08-01 00:00:00,Aug,Q3,Daily Care,Essentials,East,Mainstream,125,2504.4889130621077,1522.3777891791326,982.1111238829751,0.24785593669329273,Email
2024-08-01 00:00:00,Aug,Q3,Daily Care,Essentials,East,Mainstream,112,2018.4733565365345,1316.9140919041897,701.5592646323448,0.3191357682308774,Paid Social
2024-08-01 00:00:00,Aug,Q3,Daily Care,Essentials,East,Mainstream,125,2357.991018735596,1420.4991192210896,937.4918995145063,0.2768474395860461,Paid Search
2024-08-01 00:00:00,Aug,Q3,Daily Care,Essentials,East,Premium,96,2098.9994987547484,1399.8515416125997,699.1479571421487,0.19261556336290594,Organic Search
2024-08-01 00:00:00,Aug,Q3,Daily Care,Essentials,East,Premium,77,1471.1871263883968,972.0651713763538,499.12195501204303,0.2472301717412269,Email
2024-08-01 00:00:00,Aug,Q3,Daily Care,Essentials,East,Premium,79,1434.2740779936935,955.6376586318825,478.636419361811,0.29338470994413307,Paid Social
2024-08-01 00:00:00,Aug,Q3,Daily Care,Essentials,East,Premium,85,1526.024591762273,952.8553653989985,573.1692263632746,0.2774524407056143,Paid Search
2024-08-01 00:00:00,Aug,Q3,Daily Care,Essentials,West,Value Seekers,143,2920.93453360486,1802.9743538156877,1117.9601797891723,0.21299143452250316,Organic Search
2024-08-01 00:00:00,Aug,Q3,Daily Care,Essentials,West,Value Seekers,115,2246.9859425720892,1358.910409437178,888.0755331349112,0.276662541479526,Email
2024-08-01 00:00:00,Aug,Q3,Daily Care,Essentials,West,Value Seekers,113,1937.3424555580013,1205.4511632651322,731.8912922928691,0.31285978706527395,Paid Social
2024-08-01 00:00:00,Aug,Q3,Daily Care,Essentials,West,Value Seekers,123,2126.3284541581456,1331.601926243264,794.7265279148817,0.307061262231631,Paid Search
2024-08-01 00:00:00,Aug,Q3,Daily Care,Essentials,West,Mainstream,104,2059.2905284739745,1346.445840591211,712.8446878827635,0.2416761165632318,Organic Search
2024-08-01 00:00:00,Aug,Q3,Daily Care,Essentials,West,Mainstream,108,2197.5814987754966,1386.2631840019674,811.3183147735292,0.21095180389864293,Email
2024-08-01 00:00:00,Aug,Q3,Daily Care,Essentials,West,Mainstream,125,2262.8322731129347,1400.7578383791922,862.0744347337425,0.3156198847367376,Paid Social
2024-08-01 00:00:00,Aug,Q3,Daily Care,Essentials,West,Mainstream,113,2198.1487877557497,1348.4857904686612,849.6629972870885,0.28077060511068913,Paid Search
2024-08-01 00:00:00,Aug,Q3,Daily Care,Essentials,West,Premium,93,2012.589266042663,1264.9550264636196,747.6342395790434,0.18768180072406798,Organic Search
2024-08-01 00:00:00,Aug,Q3,Daily Care,Essentials,West,Premium,71,1498.4303739670393,949.3687127052963,549.061661261743,0.2269708526799249,Email
2024-08-01 00:00:00,Aug,Q3,Daily Care,Essentials,West,Premium,72,1339.9151584133288,880.9602370146423,458.95492139868645,0.24694666468313828,Paid Social
2024-08-01 00:00:00,Aug,Q3,Daily Care,Essentials,West,Premium,78,1472.9411634515598,970.5464818553206,502.39468159623914,0.27636636713780655,Paid Search
2024-08-01 00:00:00,Aug,Q3,Home Comfort,Home,North,Value Seekers,78,2980.7878300491607,1806.43716205068,1174.3506679984807,0.22442069397567826,Organic Search
2024-08-01 00:00:00,Aug,Q3,Home Comfort,Home,North,Value Seekers,87,2789.251028715773,1617.7174899154024,1171.5335388003705,0.3041469935347798,Email
2024-08-01 00:00:00,Aug,Q3,Home Comfort,Home,North,Value Seekers,84,2622.1586520911887,1634.7855052860612,987.3731468051276,0.3080755152669316,Paid Social
2024-08-01 00:00:00,Aug,Q3,Home Comfort,Home,North,Value Seekers,69,2234.0441617798833,1285.9746407943153,948.069520985568,0.3176274934226185,Paid Search
2024-08-01 00:00:00,Aug,Q3,Home Comfort,Home,North,Mainstream,69,2564.560601467028,1446.2674919814112,1118.2931094856167,0.23698808790125425,Organic Search
2024-08-01 00:00:00,Aug,Q3,Home Comfort,Home,North,Mainstream,70,2517.0835279453145,1465.3951995905472,1051.6883283547672,0.23038920687031508,Email
2024-08-01 00:00:00,Aug,Q3,Home Comfort,Home,North,Mainstream,67,2046.8462096865542,1239.464474590809,807.3817350957452,0.3341859760790766,Paid Social
2024-08-01 00:00:00,Aug,Q3,Home Comfort,Home,North,Mainstream,78,2369.3563528709733,1394.4026721943037,974.9536806766696,0.3195181760599629,Paid Search
2024-08-01 00:00:00,Aug,Q3,Home Comfort,Home,North,Premium,64,2511.6286873142576,1464.3045082756764,1047.3241790385812,0.18507272189336638,Organic Search
2024-08-01 00:00:00,Aug,Q3,Home Comfort,Home,North,Premium,40,1390.5238155302297,874.505754109845,516.0180614203847,0.23034575499309243,Email
2024-08-01 00:00:00,Aug,Q3,Home Comfort,Home,North,Premium,35,1124.8045493047507,689.3425243224714,435.46202498227933,0.27135654292369876,Paid Social
2024-08-01 00:00:00,Aug,Q3,Home Comfort,Home,North,Premium,51,1734.1327750453154,1079.0514316213837,655.0813434239317,0.3050950472408884,Paid Search
2024-08-01 00:00:00,Aug,Q3,Home Comfort,Home,South,Value Seekers,74,2973.455339647948,1806.9294984072849,1166.5258412406633,0.1735758653880826,Organic Search
2024-08-01 00:00:00,Aug,Q3,Home Comfort,Home,South,Value Seekers,70,2281.10794584591,1375.5523411058011,905.5556047401087,0.2898807011475862,Email
2024-08-01 00:00:00,Aug,Q3,Home Comfort,Home,South,Value Seekers,61,1808.2047721192255,1102.4860209031342,705.7187512160913,0.3463162347161941,Paid Social
2024-08-01 00:00:00,Aug,Q3,Home Comfort,Home,South,Value Seekers,63,1999.1869698508503,1244.785962079489,754.4010077713613,0.30096213820852324,Paid Search
2024-08-01 00:00:00,Aug,Q3,Home Comfort,Home,South,Mainstream,66,2495.6991650150685,1533.6242409034821,962.0749241115864,0.20805380546139193,Organic Search
2024-08-01 00:00:00,Aug,Q3,Home Comfort,Home,South,Mainstream,45,1544.354965512475,953.7727118081272,590.5822537043479,0.25092627510588805,Email
2024-08-01 00:00:00,Aug,Q3,Home Comfort,Home,South,Mainstream,50,1610.7785892449092,996.9955989156757,613.7829903292335,0.2641359405383026,Paid Social
2024-08-01 00:00:00,Aug,Q3,Home Comfort,Home,South,Mainstream,57,1811.2012711587338,1142.5811168066023,668.6201543521315,0.3014650739156125,Paid Search
2024-08-01 00:00:00,Aug,Q3,Home Comfort,Home,South,Premium,37,1365.5592113315117,793.1198660588516,572.4393452726601,0.19954918263287155,Organic Search
2024-08-01 00:00:00,Aug,Q3,Home Comfort,Home,South,Premium,38,1497.9676376296795,925.0555144203819,572.9121232092976,0.22366946808458518,Email
2024-08-01 00:00:00,Aug,Q3,Home Comfort,Home,South,Premium,30,1053.379744719639,616.6586359463377,436.72110877330124,0.2899719923457273,Paid Social
2024-08-01 00:00:00,Aug,Q3,Home Comfort,Home,South,Premium,43,1411.0304377985653,829.2228501585276,581.8075876400377,0.279955774428519,Paid Search
2024-08-01 00:00:00,Aug,Q3,Home Comfort,Home,East,Value Seekers,89,3191.5585762948454,1937.224109448936,1254.3344668459094,0.22317791743100932,Organic Search
2024-08-01 00:00:00,Aug,Q3,Home Comfort,Home,East,Value Seekers,83,3216.395839002942,1937.5904424621199,1278.8053965408221,0.20941032285912903,Email
2024-08-01 00:00:00,Aug,Q3,Home Comfort,Home,East,Value Seekers,69,2002.2311310627426,1143.597514970348,858.6336160923947,0.3366021557192556,Paid Social
2024-08-01 00:00:00,Aug,Q3,Home Comfort,Home,East,Value Seekers,76,2222.589749212455,1338.2183224261041,884.3714267863509,0.3345872541109381,Paid Search
2024-08-01 00:00:00,Aug,Q3,Home Comfort,Home,East,Mainstream,67,2426.0396037775363,1468.979339582233,957.0602641953033,0.23536962649143803,Organic Search
2024-08-01 00:00:00,Aug,Q3,Home Comfort,Home,East,Mainstream,69,2659.6047311417688,1571.158737098056,1088.4459940437127,0.20040917758463758,Email
2024-08-01 00:00:00,Aug,Q3,Home Comfort,Home,East,Mainstream,57,1649.649342147825,1006.1355704037865,643.5137717440386,0.34302758097846753,Paid Social
2024-08-01 00:00:00,Aug,Q3,Home Comfort,Home,East,Mainstream,63,2060.9324791037657,1163.1915741325727,897.740904971193,0.31815781239215374,Paid Search
2024-08-01 00:00:00,Aug,Q3,Home Comfort,Home,East,Premium,48,1671.3304805359328,969.4352468824565,701.8952336534763,0.2460488538390609,Organic Search
2024-08-01 00:00:00,Aug,Q3,Home Comfort,Home,East,Premium,41,1502.8829995895778,854.9267553863114,647.9562442032665,0.21642408762675894,Email
2024-08-01 00:00:00,Aug,Q3,Home Comfort,Home,East,Premium,56,1838.2573970399062,1114.9565410107352,723.300856029171,0.29516893893852597,Paid Social
2024-08-01 00:00:00,Aug,Q3,Home Comfort,Home,East,Premium,46,1587.160227772625,917.5845898607128,669.5756379119122,0.24545016122063118,Paid Search
2024-08-01 00:00:00,Aug,Q3,Home Comfort,Home,West,Value Seekers,72,2746.9872502097865,1646.3144462687826,1100.6728039410038,0.19894508513445253,Organic Search
2024-08-01 00:00:00,Aug,Q3,Home Comfort,Home,West,Value Seekers,76,2656.405547547738,1633.5814385236058,1022.8241090241322,0.2650360398402652,Email
2024-08-01 00:00:00,Aug,Q3,Home Comfort,Home,West,Value Seekers,67,2279.0377223515393,1424.9601304200708,854.0775919314685,0.3098792589730418,Paid Social
2024-08-01 00:00:00,Aug,Q3,Home Comfort,Home,West,Value Seekers,76,2274.9221413842815,1369.7666695108232,905.1554718734583,0.2950678604247641,Paid Search
2024-08-01 00:00:00,Aug,Q3,Home Comfort,Home,West,Mainstream,70,2729.506475358103,1603.3653903649913,1126.141084993112,0.18905715312819857,Organic Search
2024-08-01 00:00:00,Aug,Q3,Home Comfort,Home,West,Mainstream,73,2771.9921986038444,1738.6161568717623,1033.376041732082,0.22146332817845904,Email
2024-08-01 00:00:00,Aug,Q3,Home Comfort,Home,West,Mainstream,57,1869.199144541981,1105.4819880204998,763.7171565214812,0.2787413225506443,Paid Social
2024-08-01 00:00:00,Aug,Q3,Home Comfort,Home,West,Mainstream,64,2007.1424417233154,1209.8665958875213,797.2758458357941,0.29248508716544247,Paid Search
2024-08-01 00:00:00,Aug,Q3,Home Comfort,Home,West,Premium,43,1669.264319553627,1025.496627916178,643.7676916374489,0.19345671564319813,Organic Search
2024-08-01 00:00:00,Aug,Q3,Home Comfort,Home,West,Premium,36,1343.7760144792696,832.4142007744379,511.3618137048318,0.24635573766241844,Email
2024-08-01 00:00:00,Aug,Q3,Home Comfort,Home,West,Premium,32,1009.3222539247199,622.7401703750886,386.5820835496313,0.28356146040341834,Paid Social
2024-08-01 00:00:00,Aug,Q3,Home Comfort,Home,West,Premium,52,1622.7242580130837,945.7667698656935,676.9574881473902,0.30055154460765043,Paid Search
2024-08-01 00:00:00,Aug,Q3,Smart Kitchen,Home,North,Value Seekers,62,3656.5379573377254,2172.7998299860305,1483.7381273516949,0.19545056563318358,Organic Search
2024-08-01 00:00:00,Aug,Q3,Smart Kitchen,Home,North,Value Seekers,56,2967.483119666815,1636.8539543372012,1330.629165329614,0.260608623596535,Email
2024-08-01 00:00:00,Aug,Q3,Smart Kitchen,Home,North,Value Seekers,49,2488.1271732934742,1420.8198074196964,1067.3073658737778,0.3167799792802687,Paid Social
2024-08-01 00:00:00,Aug,Q3,Smart Kitchen,Home,North,Value Seekers,46,2068.3792027143822,1265.1158566874385,803.2633460269437,0.31848504537558014,Paid Search
2024-08-01 00:00:00,Aug,Q3,Smart Kitchen,Home,North,Mainstream,54,3093.651306260702,1801.967302972756,1291.6840032879459,0.1966087981868069,Organic Search
2024-08-01 00:00:00,Aug,Q3,Smart Kitchen,Home,North,Mainstream,45,2340.5932237552047,1389.78637071653,950.8068530386747,0.23566303850604173,Email
2024-08-01 00:00:00,Aug,Q3,Smart Kitchen,Home,North,Mainstream,46,2093.9780475169823,1214.0676796854289,879.9103678315535,0.3324438427946811,Paid Social
2024-08-01 00:00:00,Aug,Q3,Smart Kitchen,Home,North,Mainstream,54,2737.810871668012,1554.5667510623043,1183.2441206057078,0.28631640864247315,Paid Search
2024-08-01 00:00:00,Aug,Q3,Smart Kitchen,Home,North,Premium,37,2138.38917657002,1188.162615618652,950.2265609513681,0.18113369537741045,Organic Search
2024-08-01 00:00:00,Aug,Q3,Smart Kitchen,Home,North,Premium,36,1910.9509288312988,1148.1462838522186,762.8046449790802,0.26141291590014254,Email
2024-08-01 00:00:00,Aug,Q3,Smart Kitchen,Home,North,Premium,45,2209.832864272135,1228.7632153399577,981.0696489321772,0.296637121804418,Paid Social
2024-08-01 00:00:00,Aug,Q3,Smart Kitchen,Home,North,Premium,32,1566.1805472731444,908.0115452759918,658.1690019971526,0.2819819228859193,Paid Search
2024-08-01 00:00:00,Aug,Q3,Smart Kitchen,Home,South,Value Seekers,57,3042.5381339965056,1757.129871085827,1285.4082629106786,0.24325774840619901,Organic Search
2024-08-01 00:00:00,Aug,Q3,Smart Kitchen,Home,South,Value Seekers,51,2739.5675668907293,1647.487145116095,1092.0804217746343,0.25851919189318595,Email
2024-08-01 00:00:00,Aug,Q3,Smart Kitchen,Home,South,Value Seekers,30,1351.6161182924611,774.674898178968,576.9412201134932,0.3279593112514658,Paid Social
2024-08-01 00:00:00,Aug,Q3,Smart Kitchen,Home,South,Value Seekers,39,2012.3624657894402,1198.5949539710336,813.7675118184065,0.2714258986520361,Paid Search
2024-08-01 00:00:00,Aug,Q3,Smart Kitchen,Home,South,Mainstream,44,2347.510655386032,1299.4582262377291,1048.0524291483027,0.23568215424349215,Organic Search
2024-08-01 00:00:00,Aug,Q3,Smart Kitchen,Home,South,Mainstream,44,2415.632976682013,1428.3536714499214,987.2793052320917,0.2090560225034454,Email
2024-08-01 00:00:00,Aug,Q3,Smart Kitchen,Home,South,Mainstream,40,1940.626339946566,1161.029689446397,779.5966505001691,0.2607151101379257,Paid Social
2024-08-01 00:00:00,Aug,Q3,Smart Kitchen,Home,South,Mainstream,44,2200.5888526622816,1336.8894799999673,863.6993726623143,0.27610693696331645,Paid Search
2024-08-01 00:00:00,Aug,Q3,Smart Kitchen,Home,South,Premium,35,1945.128388111358,1160.6766773295024,784.4517107818556,0.2068093455337379,Organic Search
2024-08-01 00:00:00,Aug,Q3,Smart Kitchen,Home,South,Premium,33,1791.201894612336,1055.33422878396,735.867665828376,0.23030874224964293,Email
2024-08-01 00:00:00,Aug,Q3,Smart Kitchen,Home,South,Premium,32,1496.5427761809556,862.5122144711853,634.0305617097703,0.31053317673789005,Paid Social
2024-08-01 00:00:00,Aug,Q3,Smart Kitchen,Home,South,Premium,23,1182.338705293594,670.5228021574067,511.81590313618744,0.21889168798644346,Paid Search
2024-08-01 00:00:00,Aug,Q3,Smart Kitchen,Home,East,Value Seekers,61,3562.5108626881506,2071.593839684358,1490.9170230037926,0.18517623556789517,Organic Search
2024-08-01 00:00:00,Aug,Q3,Smart Kitchen,Home,East,Value Seekers,44,2415.7896314728823,1319.777122928829,1096.0125085440534,0.23783652413609213,Email
2024-08-01 00:00:00,Aug,Q3,Smart Kitchen,Home,East,Value Seekers,50,2233.2283027023245,1315.0083477783512,918.2199549239733,0.30977502051933514,Paid Social
2024-08-01 00:00:00,Aug,Q3,Smart Kitchen,Home,East,Value Seekers,54,2731.3474746155607,1520.273949718683,1211.0735248968776,0.2915944396447618,Paid Search
2024-08-01 00:00:00,Aug,Q3,Smart Kitchen,Home,East,Mainstream,58,3247.9726713165983,1763.324939014872,1484.6477323017264,0.22741191160419955,Organic Search
2024-08-01 00:00:00,Aug,Q3,Smart Kitchen,Home,East,Mainstream,50,2714.70930761569,1589.7840203280464,1124.9252872876434,0.24702867411413734,Email
2024-08-01 00:00:00,Aug,Q3,Smart Kitchen,Home,East,Mainstream,48,2280.744035365933,1273.06708478385,1007.676950582083,0.3127577001565859,Paid Social
2024-08-01 00:00:00,Aug,Q3,Smart Kitchen,Home,East,Mainstream,41,2041.389935659446,1205.2617429359946,836.1281927234515,0.2899022751214943,Paid Search
2024-08-01 00:00:00,Aug,Q3,Smart Kitchen,Home,East,Premium,50,2700.3271023152247,1553.207139459932,1147.1199628552927,0.25313798511411245,Organic Search
2024-08-01 00:00:00,Aug,Q3,Smart Kitchen,Home,East,Premium,37,1874.1192413918302,1061.1606461915208,812.9585952003094,0.24056528933285318,Email
2024-08-01 00:00:00,Aug,Q3,Smart Kitchen,Home,East,Premium,24,1176.6369719155234,676.2743335528569,500.36263836266653,0.3111538934490567,Paid Social
2024-08-01 00:00:00,Aug,Q3,Smart Kitchen,Home,East,Premium,20,999.911442076334,567.1165549788277,432.79488709750626,0.26044156322333956,Paid Search
2024-08-01 00:00:00,Aug,Q3,Smart Kitchen,Home,West,Value Seekers,48,2641.9714939522314,1590.390510777816,1051.5809831744155,0.23750384353817441,Organic Search
2024-08-01 00:00:00,Aug,Q3,Smart Kitchen,Home,West,Value Seekers,51,2458.400958588851,1425.9771368281617,1032.4238217606894,0.27151002391888884,Email
2024-08-01 00:00:00,Aug,Q3,Smart Kitchen,Home,West,Value Seekers,53,2401.67998021742,1465.6173786537163,936.0626015637038,0.334186965853432,Paid Social
2024-08-01 00:00:00,Aug,Q3,Smart Kitchen,Home,West,Value Seekers,54,2511.440342918086,1444.8242963662121,1066.616046551874,0.32121141141175164,Paid Search
2024-08-01 00:00:00,Aug,Q3,Smart Kitchen,Home,West,Mainstream,33,1901.7917318799143,1075.0130890749228,826.7786428049915,0.15574452499244737,Organic Search
2024-08-01 00:00:00,Aug,Q3,Smart Kitchen,Home,West,Mainstream,42,2196.1778534001833,1267.4177239189694,928.7601294812139,0.24126585849817017,Email
2024-08-01 00:00:00,Aug,Q3,Smart Kitchen,Home,West,Mainstream,32,1525.6672456002789,866.5449617741978,659.1222838260811,0.2856516146829305,Paid Social
2024-08-01 00:00:00,Aug,Q3,Smart Kitchen,Home,West,Mainstream,38,1988.7582668046334,1099.3682270585057,889.3900397461277,0.2787213592044592,Paid Search
2024-08-01 00:00:00,Aug,Q3,Smart Kitchen,Home,West,Premium,29,1738.7993127842738,1002.3683339996298,736.4309787846439,0.18722604561391806,Organic Search
2024-08-01 00:00:00,Aug,Q3,Smart Kitchen,Home,West,Premium,21,1131.6502899497427,584.9679225927122,546.6823673570306,0.23108717321509506,Email
2024-08-01 00:00:00,Aug,Q3,Smart Kitchen,Home,West,Premium,27,1296.6723228439193,723.2501435542567,573.4221792896626,0.32956943426180213,Paid Social
2024-08-01 00:00:00,Aug,Q3,Smart Kitchen,Home,West,Premium,27,1358.274888398794,780.5802691354013,577.6946192633927,0.28482053875904834,Paid Search
2024-08-01 00:00:00,Aug,Q3,Activewear,Lifestyle,North,Value Seekers,74,3196.369482717466,1906.01940163891,1290.3500810785558,0.26207118882615055,Organic Search
2024-08-01 00:00:00,Aug,Q3,Activewear,Lifestyle,North,Value Seekers,61,2687.0941239035824,1647.9429829425167,1039.1511409610657,0.28798486492353353,Email
2024-08-01 00:00:00,Aug,Q3,Activewear,Lifestyle,North,Value Seekers,62,2530.8997320152544,1505.2301658592621,1025.6695661559922,0.3194459328842287,Paid Social
2024-08-01 00:00:00,Aug,Q3,Activewear,Lifestyle,North,Value Seekers,49,2040.3110490507015,1184.8885579248913,855.4224911258102,0.3041479542774011,Paid Search
2024-08-01 00:00:00,Aug,Q3,Activewear,Lifestyle,North,Mainstream,66,3406.956350175849,2027.0865585276401,1379.8697916482088,0.17654867748662706,Organic Search
2024-08-01 00:00:00,Aug,Q3,Activewear,Lifestyle,North,Mainstream,66,3001.49710388142,1836.7230700979967,1164.7740337834234,0.2506151822980507,Email
2024-08-01 00:00:00,Aug,Q3,Activewear,Lifestyle,North,Mainstream,67,2453.027274019846,1451.3098833672543,1001.7173906525918,0.3476249960102562,Paid Social
2024-08-01 00:00:00,Aug,Q3,Activewear,Lifestyle,North,Mainstream,73,3162.9745828056534,1975.3837151821228,1187.5908676235306,0.2588687749085734,Paid Search
2024-08-01 00:00:00,Aug,Q3,Activewear,Lifestyle,North,Premium,49,2368.2237920654684,1390.985979056974,977.2378130084944,0.20608759023570775,Organic Search
2024-08-01 00:00:00,Aug,Q3,Activewear,Lifestyle,North,Premium,49,2169.646565990165,1254.8019549119551,914.8446110782099,0.26001769377959216,Email
2024-08-01 00:00:00,Aug,Q3,Activewear,Lifestyle,North,Premium,32,1208.5161470928517,725.4598821710597,483.05626492179204,0.3046161464248314,Paid Social
2024-08-01 00:00:00,Aug,Q3,Activewear,Lifestyle,North,Premium,34,1524.677403017158,944.8329911792856,579.8444118378724,0.18951157075078973,Paid Search
2024-08-01 00:00:00,Aug,Q3,Activewear,Lifestyle,South,Value Seekers,70,3396.759132225606,2012.6669200004353,1384.092212225171,0.20486662735350622,Organic Search
2024-08-01 00:00:00,Aug,Q3,Activewear,Lifestyle,South,Value Seekers,52,2366.824831613863,1424.680345598399,942.1444860154638,0.25294059960187104,Email
2024-08-01 00:00:00,Aug,Q3,Activewear,Lifestyle,South,Value Seekers,41,1562.9263206397584,963.3305312834169,599.5957893563415,0.3143920383777365,Paid Social
2024-08-01 00:00:00,Aug,Q3,Activewear,Lifestyle,South,Value Seekers,37,1442.64610982568,821.043304634736,621.602805190944,0.30229395816888804,Paid Search
2024-08-01 00:00:00,Aug,Q3,Activewear,Lifestyle,South,Mainstream,60,2771.040538545709,1733.4975276913674,1037.5430108543414,0.2127858083181078,Organic Search
2024-08-01 00:00:00,Aug,Q3,Activewear,Lifestyle,South,Mainstream,52,2430.960343124708,1420.7451183856722,1010.2152247390356,0.21963634714280533,Email
2024-08-01 00:00:00,Aug,Q3,Activewear,Lifestyle,South,Mainstream,49,1892.3819030295333,1132.5369278406406,759.8449751888927,0.2891753522796702,Paid Social
2024-08-01 00:00:00,Aug,Q3,Activewear,Lifestyle,South,Mainstream,59,2269.6614744832195,1376.1154309018966,893.5460435813229,0.30236478706423076,Paid Search
2024-08-01 00:00:00,Aug,Q3,Activewear,Lifestyle,South,Premium,38,1735.297942815012,993.9126145072473,741.3853283077647,0.2291917372191092,Organic Search
2024-08-01 00:00:00,Aug,Q3,Activewear,Lifestyle,South,Premium,31,1503.0299205071904,897.5054076571582,605.5245128500321,0.20019804338560457,Email
2024-08-01 00:00:00,Aug,Q3,Activewear,Lifestyle,South,Premium,27,1140.2709081281002,671.9483939405768,468.32251418752344,0.3424958253440947,Paid Social
2024-08-01 00:00:00,Aug,Q3,Activewear,Lifestyle,South,Premium,30,1215.3772993416812,713.414244753822,501.96305458785923,0.2703405439890701,Paid Search
2024-08-01 00:00:00,Aug,Q3,Activewear,Lifestyle,East,Value Seekers,85,3931.350848438235,2295.7080841733355,1635.6427642648996,0.23552190565216316,Organic Search
2024-08-01 00:00:00,Aug,Q3,Activewear,Lifestyle,East,Value Seekers,54,2366.2193048461086,1353.9483847572596,1012.2709200888489,0.248230189370382,Email
2024-08-01 00:00:00,Aug,Q3,Activewear,Lifestyle,East,Value Seekers,46,1875.4325507830185,1032.130159414616,843.3023913684026,0.2706497011238505,Paid Social
2024-08-01 00:00:00,Aug,Q3,Activewear,Lifestyle,East,Value Seekers,48,2002.5781378352185,1234.0877225672411,768.4904152679774,0.27167807830381474,Paid Search
2024-08-01 00:00:00,Aug,Q3,Activewear,Lifestyle,East,Mainstream,67,3235.925670874672,1934.3194649226414,1301.6062059520307,0.18982216646094816,Organic Search
2024-08-01 00:00:00,Aug,Q3,Activewear,Lifestyle,East,Mainstream,61,2717.144364864553,1632.3184830341875,1084.8258818303657,0.23518799094290305,Email
2024-08-01 00:00:00,Aug,Q3,Activewear,Lifestyle,East,Mainstream,44,1635.6164160758126,947.3615928842701,688.2548231915425,0.32121240172250154,Paid Social
2024-08-01 00:00:00,Aug,Q3,Activewear,Lifestyle,East,Mainstream,44,1765.170661809384,985.1299230759287,780.0407387334553,0.28604922920138515,Paid Search
2024-08-01 00:00:00,Aug,Q3,Activewear,Lifestyle,East,Premium,37,1867.263964467559,1136.5702903752383,730.6936740923206,0.21033302548808164,Organic Search
2024-08-01 00:00:00,Aug,Q3,Activewear,Lifestyle,East,Premium,35,1602.2291075127673,945.1796267821685,657.0494807305988,0.17387849333526867,Email
2024-08-01 00:00:00,Aug,Q3,Activewear,Lifestyle,East,Premium,28,1139.5568444515075,692.3737306508627,447.1831138006447,0.29442389716753836,Paid Social
2024-08-01 00:00:00,Aug,Q3,Activewear,Lifestyle,East,Premium,32,1250.9340814629793,778.0515538231807,472.8825276397986,0.28390263381205516,Paid Search
2024-08-01 00:00:00,Aug,Q3,Activewear,Lifestyle,West,Value Seekers,68,3324.790051544117,2036.4282756205666,1288.3617759235503,0.19351262759934135,Organic Search
2024-08-01 00:00:00,Aug,Q3,Activewear,Lifestyle,West,Value Seekers,60,2501.0722494995807,1448.2233279630664,1052.8489215365144,0.2787996391461864,Email
2024-08-01 00:00:00,Aug,Q3,Activewear,Lifestyle,West,Value Seekers,65,2597.8830540267936,1517.9100857217506,1079.972968305043,0.3210963774424936,Paid Social
2024-08-01 00:00:00,Aug,Q3,Activewear,Lifestyle,West,Value Seekers,51,1955.2844884818815,1126.6771928446665,828.607295637215,0.30822927555662505,Paid Search
2024-08-01 00:00:00,Aug,Q3,Activewear,Lifestyle,West,Mainstream,50,2182.8034958511103,1383.58184516133,799.2216506897803,0.2266945390149047,Organic Search
2024-08-01 00:00:00,Aug,Q3,Activewear,Lifestyle,West,Mainstream,43,2021.6261741009441,1196.4946566499605,825.1315174509837,0.1851933448554035,Email
2024-08-01 00:00:00,Aug,Q3,Activewear,Lifestyle,West,Mainstream,55,2246.653305711656,1282.9620139406413,963.6912917710144,0.2945609078436033,Paid Social
2024-08-01 00:00:00,Aug,Q3,Activewear,Lifestyle,West,Mainstream,47,1954.9157627448265,1157.2559897005638,797.6597730442627,0.2753932631738473,Paid Search
2024-08-01 00:00:00,Aug,Q3,Activewear,Lifestyle,West,Premium,40,1819.874938596415,1103.5300737676985,716.3448648287165,0.22199570928798726,Organic Search
2024-08-01 00:00:00,Aug,Q3,Activewear,Lifestyle,West,Premium,37,1719.6717848969884,1053.657092538578,666.0146923584105,0.24405722294751028,Email
2024-08-01 00:00:00,Aug,Q3,Activewear,Lifestyle,West,Premium,29,1063.4885623236296,649.2836010986961,414.2049612249335,0.31185957597454234,Paid Social
2024-08-01 00:00:00,Aug,Q3,Activewear,Lifestyle,West,Premium,20,834.0677087239036,500.1044130221593,333.9632957017443,0.27038109991973225,Paid Search
2024-08-01 00:00:00,Aug,Q3,Premium Audio,Electronics,North,Value Seekers,44,4108.406837257135,2160.503818672312,1947.9030185848228,0.24885784921966395,Organic Search
2024-08-01 00:00:00,Aug,Q3,Premium Audio,Electronics,North,Value Seekers,22,2165.1270647939523,1079.3253099296044,1085.801754864348,0.2084602440414581,Email
2024-08-01 00:00:00,Aug,Q3,Premium Audio,Electronics,North,Value Seekers,20,1497.7747521442861,750.9589786058654,746.8157735384208,0.32028894806928554,Paid Social
2024-08-01 00:00:00,Aug,Q3,Premium Audio,Electronics,North,Value Seekers,31,2455.122776805006,1243.4956457011408,1211.6271311038654,0.2994619751354336,Paid Search
2024-08-01 00:00:00,Aug,Q3,Premium Audio,Electronics,North,Mainstream,29,2322.275246032031,1227.8793162063703,1094.395929825661,0.2779238258584711,Organic Search
2024-08-01 00:00:00,Aug,Q3,Premium Audio,Electronics,North,Mainstream,28,2373.894115613951,1209.1462235738636,1164.7478920400872,0.24214031450373802,Email
2024-08-01 00:00:00,Aug,Q3,Premium Audio,Electronics,North,Mainstream,23,1769.2337214502197,920.7867416503185,848.4469797999012,0.3237216311361711,Paid Social
2024-08-01 00:00:00,Aug,Q3,Premium Audio,Electronics,North,Mainstream,31,2731.293686931279,1494.5301878836567,1236.7634990476222,0.2555244467606051,Paid Search
2024-08-01 00:00:00,Aug,Q3,Premium Audio,Electronics,North,Premium,23,2090.159653438565,1127.596473715142,962.5631797234228,0.1963979672245605,Organic Search
2024-08-01 00:00:00,Aug,Q3,Premium Audio,Electronics,North,Premium,18,1561.4144555051942,770.612348383024,790.8021071221701,0.22760321734343675,Email
2024-08-01 00:00:00,Aug,Q3,Premium Audio,Electronics,North,Premium,18,1482.6248464507892,791.451996211181,691.1728502396081,0.3158841115292852,Paid Social
2024-08-01 00:00:00,Aug,Q3,Premium Audio,Electronics,North,Premium,12,944.9096390252078,510.405375226278,434.50426379892974,0.27139496005837493,Paid Search
2024-08-01 00:00:00,Aug,Q3,Premium Audio,Electronics,South,Value Seekers,31,2670.3236134644562,1311.7149983277031,1358.608615136753,0.2519934668554971,Organic Search
2024-08-01 00:00:00,Aug,Q3,Premium Audio,Electronics,South,Value Seekers,18,1643.6815482130637,873.3430201432885,770.3385280697752,0.26289638320063324,Email
2024-08-01 00:00:00,Aug,Q3,Premium Audio,Electronics,South,Value Seekers,22,1698.8775365590666,891.6762268737336,807.201309685333,0.2918813367283906,Paid Social
2024-08-01 00:00:00,Aug,Q3,Premium Audio,Electronics,South,Value Seekers,34,2652.1468108245763,1396.467375648642,1255.6794351759343,0.3040624627562273,Paid Search
2024-08-01 00:00:00,Aug,Q3,Premium Audio,Electronics,South,Mainstream,19,1835.1568751731254,973.1127221343077,862.0441530388177,0.2167103144963227,Organic Search
2024-08-01 00:00:00,Aug,Q3,Premium Audio,Electronics,South,Mainstream,23,2150.4835200774687,1126.8715886144635,1023.6119314630052,0.24560022830282052,Email
2024-08-01 00:00:00,Aug,Q3,Premium Audio,Electronics,South,Mainstream,21,1765.3941214296667,890.9652240504568,874.42889737921,0.28481973892510554,Paid Social
2024-08-01 00:00:00,Aug,Q3,Premium Audio,Electronics,South,Mainstream,21,1780.3744347296242,922.5767036029109,857.7977311267133,0.2941075337785477,Paid Search
2024-08-01 00:00:00,Aug,Q3,Premium Audio,Electronics,South,Premium,21,1991.4475591305925,1008.5858107096085,982.861748420984,0.22136722379884094,Organic Search
2024-08-01 00:00:00,Aug,Q3,Premium Audio,Electronics,South,Premium,13,1137.123375606983,596.1950671461257,540.9283084608574,0.2619024707204455,Email
2024-08-01 00:00:00,Aug,Q3,Premium Audio,Electronics,South,Premium,16,1291.6278783054233,713.28528627473,578.3425920306934,0.3240777253010865,Paid Social
2024-08-01 00:00:00,Aug,Q3,Premium Audio,Electronics,South,Premium,14,1178.2174340097774,651.5177122154425,526.6997217943349,0.28474444034815966,Paid Search
2024-08-01 00:00:00,Aug,Q3,Premium Audio,Electronics,East,Value Seekers,30,2856.391335741603,1363.1012116722547,1493.2901240693484,0.2263922016895809,Organic Search
2024-08-01 00:00:00,Aug,Q3,Premium Audio,Electronics,East,Value Seekers,26,2269.1311214945113,1203.336535476816,1065.7945860176953,0.25603499915669775,Email
2024-08-01 00:00:00,Aug,Q3,Premium Audio,Electronics,East,Value Seekers,26,2177.761227108541,1198.660766639132,979.100460469409,0.3030744178729819,Paid Social
2024-08-01 00:00:00,Aug,Q3,Premium Audio,Electronics,East,Value Seekers,25,2144.3733513484713,1153.8751192511731,990.4982320972981,0.27981676492696506,Paid Search
2024-08-01 00:00:00,Aug,Q3,Premium Audio,Electronics,East,Mainstream,22,1927.088387639723,1040.1991373771548,886.8892502625681,0.21169269525039883,Organic Search
2024-08-01 00:00:00,Aug,Q3,Premium Audio,Electronics,East,Mainstream,13,1289.0406494993356,625.6034973250078,663.4371521743278,0.1826063464146856,Email
2024-08-01 00:00:00,Aug,Q3,Premium Audio,Electronics,East,Mainstream,20,1596.230101975431,868.1976547387382,728.0324472366927,0.3129710980735028,Paid Social
2024-08-01 00:00:00,Aug,Q3,Premium Audio,Electronics,East,Mainstream,16,1312.6496381416614,688.6799552038777,623.9696829377837,0.2826974924566859,Paid Search
2024-08-01 00:00:00,Aug,Q3,Premium Audio,Electronics,East,Premium,17,1583.2970532366398,824.0204087669629,759.276644469677,0.22158390392545746,Organic Search
2024-08-01 00:00:00,Aug,Q3,Premium Audio,Electronics,East,Premium,15,1385.347505616425,764.4361542992002,620.9113513172248,0.21481397761791968,Email
2024-08-01 00:00:00,Aug,Q3,Premium Audio,Electronics,East,Premium,20,1698.3370747783677,870.1152124470564,828.2218623313113,0.2705828144611237,Paid Social
2024-08-01 00:00:00,Aug,Q3,Premium Audio,Electronics,East,Premium,14,1134.1195847412882,597.4139728371771,536.7056119041112,0.2614430078622816,Paid Search
2024-08-01 00:00:00,Aug,Q3,Premium Audio,Electronics,West,Value Seekers,24,2430.703316038932,1329.1642852995965,1101.5390307393354,0.20511626039134612,Organic Search
2024-08-01 00:00:00,Aug,Q3,Premium Audio,Electronics,West,Value Seekers,21,1979.8195075028889,1015.7463763463076,964.0731311565813,0.1996365602128576,Email
2024-08-01 00:00:00,Aug,Q3,Premium Audio,Electronics,West,Value Seekers,27,2058.3355278637955,1103.176893517755,955.1586343460406,0.3462250175266351,Paid Social
2024-08-01 00:00:00,Aug,Q3,Premium Audio,Electronics,West,Value Seekers,22,1743.5064090457658,909.0462643957375,834.4601446500284,0.29138783087614806,Paid Search
2024-08-01 00:00:00,Aug,Q3,Premium Audio,Electronics,West,Mainstream,42,3942.9507894454937,2043.1934566640905,1899.7573327814032,0.17792127386458276,Organic Search
2024-08-01 00:00:00,Aug,Q3,Premium Audio,Electronics,West,Mainstream,16,1426.0620713526087,714.5774797241861,711.4845916284225,0.25160285980124936,Email
2024-08-01 00:00:00,Aug,Q3,Premium Audio,Electronics,West,Mainstream,18,1416.062872575076,739.4127999264804,676.6500726485956,0.31072095744513206,Paid Social
2024-08-01 00:00:00,Aug,Q3,Premium Audio,Electronics,West,Mainstream,23,1984.4420603892474,1006.7510162021402,977.6910441871072,0.3001484281121713,Paid Search
2024-08-01 00:00:00,Aug,Q3,Premium Audio,Electronics,West,Premium,15,1476.6962421928044,820.5940806937017,656.1021614991027,0.2197146322258151,Organic Search
2024-08-01 00:00:00,Aug,Q3,Premium Audio,Electronics,West,Premium,17,1552.1213595203915,823.3501593648314,728.7712001555601,0.25112264806554274,Email
2024-08-01 00:00:00,Aug,Q3,Premium Audio,Electronics,West,Premium,16,1196.0673397432129,641.8966023420892,554.1707374011237,0.33338579322423967,Paid Social
2024-08-01 00:00:00,Aug,Q3,Premium Audio,Electronics,West,Premium,15,1155.832268533867,582.882700305195,572.9495682286719,0.31653105568115486,Paid Search
2024-08-01 00:00:00,Aug,Q3,Pro Camera,Electronics,North,Value Seekers,26,4228.459486731856,2029.3927731452045,2199.066713586651,0.15672258090718655,Organic Search
2024-08-01 00:00:00,Aug,Q3,Pro Camera,Electronics,North,Value Seekers,19,2527.2634887458726,1194.6265727007865,1332.636916045086,0.2740986212269917,Email
2024-08-01 00:00:00,Aug,Q3,Pro Camera,Electronics,North,Value Seekers,15,1836.7072690873017,933.6225740274642,903.0846950598375,0.33381611786165777,Paid Social
2024-08-01 00:00:00,Aug,Q3,Pro Camera,Electronics,North,Value Seekers,17,2095.1660530158238,1030.9363915006134,1064.2296615152104,0.2976293252738251,Paid Search
2024-08-01 00:00:00,Aug,Q3,Pro Camera,Electronics,North,Mainstream,15,2098.05313548449,1028.0500991675274,1070.0030363169628,0.19614493862618554,Organic Search
2024-08-01 00:00:00,Aug,Q3,Pro Camera,Electronics,North,Mainstream,19,2522.9792180974714,1364.4540041858563,1158.525213911615,0.2506540458002324,Email
2024-08-01 00:00:00,Aug,Q3,Pro Camera,Electronics,North,Mainstream,14,1617.7284404191146,794.5322457562489,823.1961946628657,0.30680498149384483,Paid Social
2024-08-01 00:00:00,Aug,Q3,Pro Camera,Electronics,North,Mainstream,12,1632.1432870623519,805.988742644128,826.1545444182238,0.2649904652371916,Paid Search
2024-08-01 00:00:00,Aug,Q3,Pro Camera,Electronics,North,Premium,12,1700.7409847802892,846.6600325233132,854.0809522569759,0.2284193852225792,Organic Search
2024-08-01 00:00:00,Aug,Q3,Pro Camera,Electronics,North,Premium,7,937.7938233425378,455.8679947135045,481.92582862903333,0.25194078678150666,Email
2024-08-01 00:00:00,Aug,Q3,Pro Camera,Electronics,North,Premium,9,1166.4800458574787,578.9093453742533,587.5707004832253,0.275332307857144,Paid Social
2024-08-01 00:00:00,Aug,Q3,Pro Camera,Electronics,North,Premium,9,1222.266607620784,584.118023715359,638.1485839054251,0.2628413928337756,Paid Search
2024-08-01 00:00:00,Aug,Q3,Pro Camera,Electronics,South,Value Seekers,17,2200.963228400277,1104.3929509222091,1096.5702774780677,0.2639446138014518,Organic Search
2024-08-01 00:00:00,Aug,Q3,Pro Camera,Electronics,South,Value Seekers,12,1723.120583021485,873.7380995446756,849.3824834768093,0.22090080346522017,Email
2024-08-01 00:00:00,Aug,Q3,Pro Camera,Electronics,South,Value Seekers,13,1602.3385682015273,767.9478564657378,834.3907117357895,0.3073577901722888,Paid Social
2024-08-01 00:00:00,Aug,Q3,Pro Camera,Electronics,South,Value Seekers,16,1929.9849755277403,1017.7479977899361,912.2369777378042,0.28546420740707146,Paid Search
2024-08-01 00:00:00,Aug,Q3,Pro Camera,Electronics,South,Mainstream,14,2103.312847072756,1031.2341308699579,1072.0787162027982,0.17788872844293452,Organic Search
2024-08-01 00:00:00,Aug,Q3,Pro Camera,Electronics,South,Mainstream,10,1438.8118717101213,737.455918288883,701.3559534212383,0.20455901870415552,Email
2024-08-01 00:00:00,Aug,Q3,Pro Camera,Electronics,South,Mainstream,12,1513.826197769005,737.1109562302836,776.7152415387213,0.3074703556227037,Paid Social
2024-08-01 00:00:00,Aug,Q3,Pro Camera,Electronics,South,Mainstream,12,1564.0319004640758,729.042807264458,834.9890931996177,0.26042288187912666,Paid Search
2024-08-01 00:00:00,Aug,Q3,Pro Camera,Electronics,South,Premium,7,898.7049197261701,438.14966473962664,460.5552549865435,0.24484288911045318,Organic Search
2024-08-01 00:00:00,Aug,Q3,Pro Camera,Electronics,South,Premium,10,1265.0013589103912,641.8151951289275,623.1861637814637,0.2868747103384116,Email
2024-08-01 00:00:00,Aug,Q3,Pro Camera,Electronics,South,Premium,8,902.0762036615769,455.7876065438443,446.2885971177326,0.33993865424842384,Paid Social
2024-08-01 00:00:00,Aug,Q3,Pro Camera,Electronics,South,Premium,11,1343.1692328862914,679.3804388385607,663.7887940477307,0.2511607250724548,Paid Search
2024-08-01 00:00:00,Aug,Q3,Pro Camera,Electronics,East,Value Seekers,12,1572.9342428230973,777.1277555924125,795.8064872306848,0.23483967487664248,Organic Search
2024-08-01 00:00:00,Aug,Q3,Pro Camera,Electronics,East,Value Seekers,16,2237.212155549472,1122.8952525342502,1114.3169030152217,0.20498206279071213,Email
2024-08-01 00:00:00,Aug,Q3,Pro Camera,Electronics,East,Value Seekers,17,1805.7967608169695,827.7445454627441,978.0522153542254,0.313370955694149,Paid Social
2024-08-01 00:00:00,Aug,Q3,Pro Camera,Electronics,East,Value Seekers,16,2121.8095397014345,1088.7636280500762,1033.0459116513582,0.2700968335329939,Paid Search
2024-08-01 00:00:00,Aug,Q3,Pro Camera,Electronics,East,Mainstream,15,1931.5281021778867,990.0971803312374,941.4309218466493,0.2260578340647392,Organic Search
2024-08-01 00:00:00,Aug,Q3,Pro Camera,Electronics,East,Mainstream,10,1408.1020848956418,698.1785952890206,709.9234896066213,0.2270736169228684,Email
2024-08-01 00:00:00,Aug,Q3,Pro Camera,Electronics,East,Mainstream,12,1370.2125045310286,706.4323659292374,663.7801386017911,0.3542442687187667,Paid Social
2024-08-01 00:00:00,Aug,Q3,Pro Camera,Electronics,East,Mainstream,11,1365.7234045672508,636.1496284868124,729.5737760804384,0.2554214218433287,Paid Search
2024-08-01 00:00:00,Aug,Q3,Pro Camera,Electronics,East,Premium,6,822.3728256455611,371.500084937516,450.87274070804506,0.23188737208154306,Organic Search
2024-08-01 00:00:00,Aug,Q3,Pro Camera,Electronics,East,Premium,6,883.0478083839303,459.9908734559276,423.05693492800265,0.24109042001603473,Email
2024-08-01 00:00:00,Aug,Q3,Pro Camera,Electronics,East,Premium,7,831.493719853347,400.01377754962476,431.4799423037222,0.3308614244691173,Paid Social
2024-08-01 00:00:00,Aug,Q3,Pro Camera,Electronics,East,Premium,9,1100.3269635022411,593.4440136518264,506.8829498504148,0.29620931944274476,Paid Search
2024-08-01 00:00:00,Aug,Q3,Pro Camera,Electronics,West,Value Seekers,23,3446.425292279896,1776.8286246589978,1669.5966676208982,0.1817478282669142,Organic Search
2024-08-01 00:00:00,Aug,Q3,Pro Camera,Electronics,West,Value Seekers,16,2204.196307694549,1119.805236269,1084.391071425549,0.23681006643552371,Email
2024-08-01 00:00:00,Aug,Q3,Pro Camera,Electronics,West,Value Seekers,14,1647.3207329591053,821.2971450414134,826.0235879176919,0.29859279690849305,Paid Social
2024-08-01 00:00:00,Aug,Q3,Pro Camera,Electronics,West,Value Seekers,19,2323.587469624294,1151.9839444863173,1171.6035251379767,0.3119838564704626,Paid Search
2024-08-01 00:00:00,Aug,Q3,Pro Camera,Electronics,West,Mainstream,13,2011.629742843014,996.7105232656567,1014.9192195773572,0.14925611755793639,Organic Search
2024-08-01 00:00:00,Aug,Q3,Pro Camera,Electronics,West,Mainstream,16,2100.356202776634,1017.6079373549076,1082.7482654217263,0.23471197477723718,Email
2024-08-01 00:00:00,Aug,Q3,Pro Camera,Electronics,West,Mainstream,6,695.6005109770738,347.03057171629735,348.56993926077644,0.32150376989681373,Paid Social
2024-08-01 00:00:00,Aug,Q3,Pro Camera,Electronics,West,Mainstream,16,2055.4379316452223,939.5240056135318,1115.9139260316906,0.2829141414203834,Paid Search
2024-08-01 00:00:00,Aug,Q3,Pro Camera,Electronics,West,Premium,12,1750.665589641983,838.5075962385591,912.1579934034238,0.1979468928919633,Organic Search
2024-08-01 00:00:00,Aug,Q3,Pro Camera,Electronics,West,Premium,5,718.5681421149927,362.7212972039472,355.84684491104554,0.18129053733169623,Email
2024-08-01 00:00:00,Aug,Q3,Pro Camera,Electronics,West,Premium,9,1069.452387315411,544.4658731600136,524.9865141553973,0.30816489899790894,Paid Social
2024-08-01 00:00:00,Aug,Q3,Pro Camera,Electronics,West,Premium,5,657.0220714125697,315.3437731046537,341.67829830791607,0.24504754963295314,Paid Search
2024-08-01 00:00:00,Aug,Q3,Luxury Set,Lifestyle,North,Value Seekers,12,1369.276944693917,613.3331095086427,755.9438351852742,0.23795398318524713,Organic Search
2024-08-01 00:00:00,Aug,Q3,Luxury Set,Lifestyle,North,Value Seekers,15,1590.4317380055156,720.831141715555,869.6005962899607,0.25182760635951856,Email
2024-08-01 00:00:00,Aug,Q3,Luxury Set,Lifestyle,North,Value Seekers,10,933.5585597554322,436.46222859819875,497.0963311572334,0.3597803822720574,Paid Social
2024-08-01 00:00:00,Aug,Q3,Luxury Set,Lifestyle,North,Value Seekers,20,2115.511239470526,952.3269933362926,1163.1842461342335,0.283585575916327,Paid Search
2024-08-01 00:00:00,Aug,Q3,Luxury Set,Lifestyle,North,Mainstream,10,1221.4000803513666,586.9424555394935,634.4576248118731,0.19388730745310823,Organic Search
2024-08-01 00:00:00,Aug,Q3,Luxury Set,Lifestyle,North,Mainstream,10,1120.5933294831405,503.9453237557378,616.6480057274027,0.24493682334741904,Email
2024-08-01 00:00:00,Aug,Q3,Luxury Set,Lifestyle,North,Mainstream,10,1011.1973916490107,418.442595632139,592.7547960168718,0.2805315121157712,Paid Social
2024-08-01 00:00:00,Aug,Q3,Luxury Set,Lifestyle,North,Mainstream,12,1315.9720128071199,619.3468157977723,696.6251970093476,0.24509427174409526,Paid Search
2024-08-01 00:00:00,Aug,Q3,Luxury Set,Lifestyle,North,Premium,7,866.8165043256008,426.1997996269465,440.6167046986543,0.18768837580710857,Organic Search
2024-08-01 00:00:00,Aug,Q3,Luxury Set,Lifestyle,North,Premium,8,911.2821327096967,421.3966878879422,489.8854448217545,0.2534497400072835,Email
2024-08-01 00:00:00,Aug,Q3,Luxury Set,Lifestyle,North,Premium,11,1064.2880870366043,484.8392200572712,579.4488669793332,0.3234685793764144,Paid Social
2024-08-01 00:00:00,Aug,Q3,Luxury Set,Lifestyle,North,Premium,8,846.3761664527246,405.10913794822585,441.2670285044988,0.23455636531253696,Paid Search
2024-08-01 00:00:00,Aug,Q3,Luxury Set,Lifestyle,South,Value Seekers,10,1118.5230628296242,534.6897570226864,583.8333058069378,0.21989304389469805,Organic Search
2024-08-01 00:00:00,Aug,Q3,Luxury Set,Lifestyle,South,Value Seekers,11,1177.4493054959398,523.0716300469049,654.3776754490349,0.24284246492764533,Email
2024-08-01 00:00:00,Aug,Q3,Luxury Set,Lifestyle,South,Value Seekers,6,573.8339828136698,270.27184852162185,303.5621342920479,0.3250723344816532,Paid Social
2024-08-01 00:00:00,Aug,Q3,Luxury Set,Lifestyle,South,Value Seekers,7,736.4072681904242,355.68604796181444,380.7212202286098,0.2856152280165714,Paid Search
2024-08-01 00:00:00,Aug,Q3,Luxury Set,Lifestyle,South,Mainstream,8,972.6041021078793,453.55975244101563,519.0443496668636,0.19932242459244684,Organic Search
2024-08-01 00:00:00,Aug,Q3,Luxury Set,Lifestyle,South,Mainstream,11,1378.9030491749993,652.7884900210328,726.1145591539665,0.1948620267220559,Email
2024-08-01 00:00:00,Aug,Q3,Luxury Set,Lifestyle,South,Mainstream,12,1164.8224141886983,532.8943418125582,631.9280723761401,0.29249204643586324,Paid Social
2024-08-01 00:00:00,Aug,Q3,Luxury Set,Lifestyle,South,Mainstream,7,670.8259076511918,366.0183907043333,304.80751694685847,0.3142697958451445,Paid Search
2024-08-01 00:00:00,Aug,Q3,Luxury Set,Lifestyle,South,Premium,11,1281.047134517912,573.9207333375008,707.1264011804111,0.18225401276825234,Organic Search
2024-08-01 00:00:00,Aug,Q3,Luxury Set,Lifestyle,South,Premium,12,1414.4938293296739,632.2188549006773,782.2749744289965,0.23808630910650977,Email
2024-08-01 00:00:00,Aug,Q3,Luxury Set,Lifestyle,South,Premium,6,555.5937752823884,255.5379754622167,300.05579982017167,0.3239352461308048,Paid Social
2024-08-01 00:00:00,Aug,Q3,Luxury Set,Lifestyle,South,Premium,3,302.54267211897445,137.65776075834495,164.8849113606295,0.2770366441492784,Paid Search
2024-08-01 00:00:00,Aug,Q3,Luxury Set,Lifestyle,East,Value Seekers,16,1877.2536804905878,939.6831555393907,937.5705249511972,0.21768889718969459,Organic Search
2024-08-01 00:00:00,Aug,Q3,Luxury Set,Lifestyle,East,Value Seekers,13,1494.5561698084857,694.516629772748,800.0395400357377,0.24812953949123537,Email
2024-08-01 00:00:00,Aug,Q3,Luxury Set,Lifestyle,East,Value Seekers,5,453.64918180142774,204.5772826093024,249.07189919212536,0.3360526939749654,Paid Social
2024-08-01 00:00:00,Aug,Q3,Luxury Set,Lifestyle,East,Value Seekers,11,1093.0643095787736,487.73559417457795,605.3287154041957,0.28488312045920205,Paid Search
2024-08-01 00:00:00,Aug,Q3,Luxury Set,Lifestyle,East,Mainstream,13,1537.368372742881,752.6585315733654,784.7098411695157,0.17549025383189834,Organic Search
2024-08-01 00:00:00,Aug,Q3,Luxury Set,Lifestyle,East,Mainstream,10,1105.2760067241982,507.91997962271256,597.3560271014856,0.22491754388557988,Email
2024-08-01 00:00:00,Aug,Q3,Luxury Set,Lifestyle,East,Mainstream,10,942.6722036212043,465.7444593856423,476.927744235562,0.3181880048464743,Paid Social
2024-08-01 00:00:00,Aug,Q3,Luxury Set,Lifestyle,East,Mainstream,10,972.3900819554891,464.20954108096834,508.1805408745208,0.3107342295895543,Paid Search
2024-08-01 00:00:00,Aug,Q3,Luxury Set,Lifestyle,East,Premium,6,666.2278382693721,325.5924912683846,340.6353470009875,0.2351948392784912,Organic Search
2024-08-01 00:00:00,Aug,Q3,Luxury Set,Lifestyle,East,Premium,10,1172.5783877183183,545.6456704419027,626.9327172764156,0.21272008433132628,Email
2024-08-01 00:00:00,Aug,Q3,Luxury Set,Lifestyle,East,Premium,5,524.8150738131388,252.65261265455587,272.16246115858297,0.2873117164118558,Paid Social
2024-08-01 00:00:00,Aug,Q3,Luxury Set,Lifestyle,East,Premium,10,1028.83228736398,442.89567054744015,585.9366168165398,0.26328054403047196,Paid Search
2024-08-01 00:00:00,Aug,Q3,Luxury Set,Lifestyle,West,Value Seekers,13,1504.1832322225043,733.1308649168897,771.0523673056147,0.23251111242149453,Organic Search
2024-08-01 00:00:00,Aug,Q3,Luxury Set,Lifestyle,West,Value Seekers,16,1783.814950483426,799.832585475845,983.9823650075809,0.25071666350921634,Email
2024-08-01 00:00:00,Aug,Q3,Luxury Set,Lifestyle,West,Value Seekers,9,852.3365720904701,401.72158619272113,450.61498589774897,0.29658156611734965,Paid Social
2024-08-01 00:00:00,Aug,Q3,Luxury Set,Lifestyle,West,Value Seekers,8,791.9942942255683,361.84954646152437,430.1447477640439,0.33028825530758016,Paid Search
2024-08-01 00:00:00,Aug,Q3,Luxury Set,Lifestyle,West,Mainstream,16,1861.4930328322848,848.6268609874012,1012.8661718448836,0.19229807317635367,Organic Search
2024-08-01 00:00:00,Aug,Q3,Luxury Set,Lifestyle,West,Mainstream,14,1760.033152585556,842.6286610206364,917.4044915649197,0.19116106942630395,Email
2024-08-01 00:00:00,Aug,Q3,Luxury Set,Lifestyle,West,Mainstream,9,909.4680975799189,423.194964261935,486.2731333179839,0.31758733806777933,Paid Social
2024-08-01 00:00:00,Aug,Q3,Luxury Set,Lifestyle,West,Mainstream,11,1015.5265720580352,492.7320214783763,522.7945505796589,0.3418828450234026,Paid Search
2024-08-01 00:00:00,Aug,Q3,Luxury Set,Lifestyle,West,Premium,7,840.6499138536116,377.4995259272722,463.15038792633936,0.21474119887187246,Organic Search
2024-08-01 00:00:00,Aug,Q3,Luxury Set,Lifestyle,West,Premium,10,1103.3143855273622,489.4123528309518,613.9020326964104,0.22342957893684712,Email
2024-08-01 00:00:00,Aug,Q3,Luxury Set,Lifestyle,West,Premium,5,511.2159775766958,250.27384144284656,260.94213613384926,0.2785402971448365,Paid Social
2024-08-01 00:00:00,Aug,Q3,Luxury Set,Lifestyle,West,Premium,9,983.3930302405046,430.84575364056724,552.5472765999373,0.2701402093265467,Paid Search
2024-09-01 00:00:00,Sep,Q3,Eco Basics,Essentials,North,Value Seekers,171,2537.6472345672655,1656.127676026973,881.5195585402926,0.24960653923756065,Organic Search
2024-09-01 00:00:00,Sep,Q3,Eco Basics,Essentials,North,Value Seekers,182,2625.675754382388,1711.9674794746634,913.7082749077244,0.24048650679872371,Email
2024-09-01 00:00:00,Sep,Q3,Eco Basics,Essentials,North,Value Seekers,149,1880.1421489255006,1247.6217737398467,632.5203751856538,0.355156504479356,Paid Social
2024-09-01 00:00:00,Sep,Q3,Eco Basics,Essentials,North,Value Seekers,166,2291.846213194662,1495.4093778419958,796.4368353526663,0.2959544192956006,Paid Search
2024-09-01 00:00:00,Sep,Q3,Eco Basics,Essentials,North,Mainstream,165,2640.5871478002036,1764.1444087494997,876.442739050704,0.17448756785454436,Organic Search
2024-09-01 00:00:00,Sep,Q3,Eco Basics,Essentials,North,Mainstream,148,2178.962539020452,1403.233462315592,775.7290767048598,0.26768918634517463,Email
2024-09-01 00:00:00,Sep,Q3,Eco Basics,Essentials,North,Mainstream,130,1787.8697938029386,1196.0238536313564,591.8459401715822,0.30974995968684643,Paid Social
2024-09-01 00:00:00,Sep,Q3,Eco Basics,Essentials,North,Mainstream,142,1888.2244129697772,1154.4141622824502,733.810250687327,0.28217840213874523,Paid Search
2024-09-01 00:00:00,Sep,Q3,Eco Basics,Essentials,North,Premium,123,2064.4098385318757,1339.6617591249476,724.7480794069281,0.1713166078383605,Organic Search
2024-09-01 00:00:00,Sep,Q3,Eco Basics,Essentials,North,Premium,79,1145.9564547543828,730.3755367947174,415.5809179596654,0.23842107557291345,Email
2024-09-01 00:00:00,Sep,Q3,Eco Basics,Essentials,North,Premium,97,1336.9228728398443,876.3945945011061,460.52827833873823,0.2843919505850426,Paid Social
2024-09-01 00:00:00,Sep,Q3,Eco Basics,Essentials,North,Premium,113,1620.262773740079,1068.184302621037,552.078471119042,0.25049645988845504,Paid Search
2024-09-01 00:00:00,Sep,Q3,Eco Basics,Essentials,South,Value Seekers,152,2409.139786349676,1481.8340322086717,927.3057541410042,0.20451305420855817,Organic Search
2024-09-01 00:00:00,Sep,Q3,Eco Basics,Essentials,South,Value Seekers,131,1856.391561612633,1185.959990232297,670.431571380336,0.27128083426302124,Email
2024-09-01 00:00:00,Sep,Q3,Eco Basics,Essentials,South,Value Seekers,107,1438.537448546811,934.118099981977,504.41934856483397,0.31890933822935646,Paid Social
2024-09-01 00:00:00,Sep,Q3,Eco Basics,Essentials,South,Value Seekers,110,1516.3614189182965,976.0764149761139,540.2850039421826,0.27531390164825414,Paid Search
2024-09-01 00:00:00,Sep,Q3,Eco Basics,Essentials,South,Mainstream,141,2316.15785531575,1557.095332281169,759.0625230345811,0.17827517352231068,Organic Search
2024-09-01 00:00:00,Sep,Q3,Eco Basics,Essentials,South,Mainstream,101,1620.1006622557313,1059.3994004391654,560.7012618165659,0.21915111257318806,Email
2024-09-01 00:00:00,Sep,Q3,Eco Basics,Essentials,South,Mainstream,103,1369.5344742566829,935.607370623725,433.9271036329578,0.31962023273643486,Paid Social
2024-09-01 00:00:00,Sep,Q3,Eco Basics,Essentials,South,Mainstream,140,1883.212936567294,1222.2309651341463,660.9819714331477,0.2967679580608944,Paid Search
2024-09-01 00:00:00,Sep,Q3,Eco Basics,Essentials,South,Premium,82,1303.91417061676,790.5490454754911,513.3651251412689,0.19144633940539196,Organic Search
2024-09-01 00:00:00,Sep,Q3,Eco Basics,Essentials,South,Premium,87,1315.656963167641,848.3751026907746,467.2818604768663,0.21712835224108995,Email
2024-09-01 00:00:00,Sep,Q3,Eco Basics,Essentials,South,Premium,67,907.2782509004722,566.692724799215,340.5855261012573,0.32856622467121865,Paid Social
2024-09-01 00:00:00,Sep,Q3,Eco Basics,Essentials,South,Premium,76,1055.1260941987941,697.9243068039937,357.2017873948005,0.25971336998441547,Paid Search
2024-09-01 00:00:00,Sep,Q3,Eco Basics,Essentials,East,Value Seekers,177,2822.980365025528,1762.886448208629,1060.093916816899,0.188851527555786,Organic Search
2024-09-01 00:00:00,Sep,Q3,Eco Basics,Essentials,East,Value Seekers,140,1909.6797227761333,1257.9860178746526,651.6937049014807,0.2934218193288106,Email
2024-09-01 00:00:00,Sep,Q3,Eco Basics,Essentials,East,Value Seekers,133,1755.4933868027908,1151.8360454442725,603.6573413585184,0.33833121181407516,Paid Social
2024-09-01 00:00:00,Sep,Q3,Eco Basics,Essentials,East,Value Seekers,154,2089.9993028378767,1399.4075289074378,690.5917739304389,0.29165419813849547,Paid Search
2024-09-01 00:00:00,Sep,Q3,Eco Basics,Essentials,East,Mainstream,148,2568.152059948479,1659.4103005441325,908.7417594043463,0.15917566129407004,Organic Search
2024-09-01 00:00:00,Sep,Q3,Eco Basics,Essentials,East,Mainstream,142,2058.247665594086,1325.849266108673,732.3983994854129,0.2648890967426317,Email
2024-09-01 00:00:00,Sep,Q3,Eco Basics,Essentials,East,Mainstream,135,1731.681474386345,1096.5343156057495,635.1471587805954,0.34474476749593447,Paid Social
2024-09-01 00:00:00,Sep,Q3,Eco Basics,Essentials,East,Mainstream,122,1795.6785074658994,1180.4986691825152,615.1798382833842,0.24486052723732,Paid Search
2024-09-01 00:00:00,Sep,Q3,Eco Basics,Essentials,East,Premium,104,1735.2359290565332,1162.293049114626,572.9428799419072,0.20923553668971773,Organic Search
2024-09-01 00:00:00,Sep,Q3,Eco Basics,Essentials,East,Premium,84,1238.6249116378317,777.8826463547675,460.74226528306417,0.24386830542472987,Email
2024-09-01 00:00:00,Sep,Q3,Eco Basics,Essentials,East,Premium,97,1235.1416156733126,874.2919637702815,360.84965190303103,0.3245447459142268,Paid Social
2024-09-01 00:00:00,Sep,Q3,Eco Basics,Essentials,East,Premium,99,1273.5267063854153,839.980624777838,433.5460816075773,0.3118335138012911,Paid Search
2024-09-01 00:00:00,Sep,Q3,Eco Basics,Essentials,West,Value Seekers,145,2158.8280353104847,1416.6857764362726,742.1422588742121,0.24331577835942658,Organic Search
2024-09-01 00:00:00,Sep,Q3,Eco Basics,Essentials,West,Value Seekers,151,2250.1967046590744,1463.065775489242,787.1309291698324,0.24932161918452142,Email
2024-09-01 00:00:00,Sep,Q3,Eco Basics,Essentials,West,Value Seekers,137,1717.6377073660228,1085.3506508112573,632.2870565547655,0.34293295569691745,Paid Social
2024-09-01 00:00:00,Sep,Q3,Eco Basics,Essentials,West,Value Seekers,121,1517.713572904213,1004.3506742039425,513.3628987002704,0.34147328137448746,Paid Search
2024-09-01 00:00:00,Sep,Q3,Eco Basics,Essentials,West,Mainstream,140,2229.142025867467,1424.3350201517787,804.8070057156883,0.21624065064011824,Organic Search
2024-09-01 00:00:00,Sep,Q3,Eco Basics,Essentials,West,Mainstream,153,2268.4251694857103,1504.9593525879575,763.4658168977528,0.26901382399792384,Email
2024-09-01 00:00:00,Sep,Q3,Eco Basics,Essentials,West,Mainstream,121,1591.0154607855286,1067.6415596754625,523.3739011100661,0.3088732480848163,Paid Social
2024-09-01 00:00:00,Sep,Q3,Eco Basics,Essentials,West,Mainstream,105,1437.448855767986,937.64813569474,499.8007200732461,0.27098173604388986,Paid Search
2024-09-01 00:00:00,Sep,Q3,Eco Basics,Essentials,West,Premium,82,1302.67885348624,823.1974984566336,479.48135502960645,0.2331024485241557,Organic Search
2024-09-01 00:00:00,Sep,Q3,Eco Basics,Essentials,West,Premium,79,1126.4725899809403,743.5978273438192,382.8747626371211,0.26698653583674414,Email
2024-09-01 00:00:00,Sep,Q3,Eco Basics,Essentials,West,Premium,80,1021.1105655739984,641.6276937779638,379.4828717960346,0.31313864200475217,Paid Social
2024-09-01 00:00:00,Sep,Q3,Eco Basics,Essentials,West,Premium,82,1091.812226522191,711.196780573597,380.6154459485939,0.28496608878468505,Paid Search
2024-09-01 00:00:00,Sep,Q3,Daily Care,Essentials,North,Value Seekers,161,3119.389538756307,1959.2118318128405,1160.1777069434665,0.24924560328176518,Organic Search
2024-09-01 00:00:00,Sep,Q3,Daily Care,Essentials,North,Value Seekers,134,2674.1765935948897,1579.4251430185586,1094.751450576331,0.22474583200959394,Email
2024-09-01 00:00:00,Sep,Q3,Daily Care,Essentials,North,Value Seekers,139,2552.213171129202,1663.1292080679798,889.083963061222,0.3515556688481336,Paid Social
2024-09-01 00:00:00,Sep,Q3,Daily Care,Essentials,North,Value Seekers,144,2478.7260965694286,1537.9771786896963,940.7489178797323,0.2871325647170941,Paid Search
2024-09-01 00:00:00,Sep,Q3,Daily Care,Essentials,North,Mainstream,151,3029.7565068029644,1935.4702114152476,1094.2862953877168,0.18677337647765935,Organic Search
2024-09-01 00:00:00,Sep,Q3,Daily Care,Essentials,North,Mainstream,132,2648.879872639121,1725.7500814893692,923.1297911497518,0.23839241455386856,Email
2024-09-01 00:00:00,Sep,Q3,Daily Care,Essentials,North,Mainstream,115,2118.329493631325,1326.5699309186427,791.7595627126823,0.27688026623486334,Paid Social
2024-09-01 00:00:00,Sep,Q3,Daily Care,Essentials,North,Mainstream,124,2343.256286780909,1483.0896406951222,860.1666460857866,0.28759719398214567,Paid Search
2024-09-01 00:00:00,Sep,Q3,Daily Care,Essentials,North,Premium,95,1983.2803728843112,1282.2950689402012,700.98530394411,0.21912071972355412,Organic Search
2024-09-01 00:00:00,Sep,Q3,Daily Care,Essentials,North,Premium,91,1711.6639009764153,1068.2084724187393,643.455428557676,0.230081108601955,Email
2024-09-01 00:00:00,Sep,Q3,Daily Care,Essentials,North,Premium,84,1456.7741624835332,962.258003351219,494.5161591323142,0.3104325865375905,Paid Social
2024-09-01 00:00:00,Sep,Q3,Daily Care,Essentials,North,Premium,109,1933.4441107914563,1184.5935200607355,748.8505907307208,0.2933007209029339,Paid Search
2024-09-01 00:00:00,Sep,Q3,Daily Care,Essentials,South,Value Seekers,130,2825.9500784358765,1796.5565627932071,1029.3935156426694,0.1860219451221495,Organic Search
2024-09-01 00:00:00,Sep,Q3,Daily Care,Essentials,South,Value Seekers,108,1879.3865356129963,1236.1802181475662,643.2063174654302,0.2924954909488091,Email
2024-09-01 00:00:00,Sep,Q3,Daily Care,Essentials,South,Value Seekers,93,1726.4349984521452,1110.9480833648292,615.486915087316,0.3020083707706107,Paid Social
2024-09-01 00:00:00,Sep,Q3,Daily Care,Essentials,South,Value Seekers,100,1725.7043578128498,1069.8345361873673,655.8698216254825,0.32742943875955743,Paid Search
2024-09-01 00:00:00,Sep,Q3,Daily Care,Essentials,South,Mainstream,102,1967.5724049210799,1277.8977400397757,689.6746648813041,0.2546644280994684,Organic Search
2024-09-01 00:00:00,Sep,Q3,Daily Care,Essentials,South,Mainstream,94,1788.9012403514355,1157.7577353871507,631.1435049642848,0.25710538010353406,Email
2024-09-01 00:00:00,Sep,Q3,Daily Care,Essentials,South,Mainstream,111,2027.2720687062395,1328.8916320960989,698.3804366101406,0.3133455017562976,Paid Social
2024-09-01 00:00:00,Sep,Q3,Daily Care,Essentials,South,Mainstream,98,1893.048632550483,1284.5970043265531,608.4516282239299,0.25617572437654484,Paid Search
2024-09-01 00:00:00,Sep,Q3,Daily Care,Essentials,South,Premium,93,1789.952567977801,1126.1197376613156,663.8328303164853,0.21781212495493263,Organic Search
2024-09-01 00:00:00,Sep,Q3,Daily Care,Essentials,South,Premium,82,1488.2492542853709,935.5102186286647,552.7390356567062,0.28437094267657953,Email
2024-09-01 00:00:00,Sep,Q3,Daily Care,Essentials,South,Premium,72,1210.6496931392342,820.6699871859898,389.9797059532443,0.2923515036552788,Paid Social
2024-09-01 00:00:00,Sep,Q3,Daily Care,Essentials,South,Premium,64,1173.5088261818846,745.581487513584,427.92733866830065,0.2856866816970175,Paid Search
2024-09-01 00:00:00,Sep,Q3,Daily Care,Essentials,East,Value Seekers,157,3233.848363778242,2124.040672342505,1109.807691435737,0.18734062084496206,Organic Search
2024-09-01 00:00:00,Sep,Q3,Daily Care,Essentials,East,Value Seekers,140,2785.125205596002,1803.1902343711447,981.9349712248575,0.23185414239656355,Email
2024-09-01 00:00:00,Sep,Q3,Daily Care,Essentials,East,Value Seekers,116,2000.1129490833243,1253.388080478126,746.7248686051983,0.30162814833399126,Paid Social
2024-09-01 00:00:00,Sep,Q3,Daily Care,Essentials,East,Value Seekers,126,2315.013967864406,1466.2473904864758,848.7665773779302,0.3027994191520188,Paid Search
2024-09-01 00:00:00,Sep,Q3,Daily Care,Essentials,East,Mainstream,140,2924.8015045906895,1969.3414042730114,955.4601003176781,0.15736047921987684,Organic Search
2024-09-01 00:00:00,Sep,Q3,Daily Care,Essentials,East,Mainstream,124,2477.6481041938655,1574.9020493028597,902.7460548910058,0.23365764936350533,Email
2024-09-01 00:00:00,Sep,Q3,Daily Care,Essentials,East,Mainstream,107,1870.9132654119487,1160.3860372612776,710.5272281506711,0.30886727465098396,Paid Social
2024-09-01 00:00:00,Sep,Q3,Daily Care,Essentials,East,Mainstream,120,2365.2769587369366,1502.1112233717918,863.1657353651449,0.25234828867595727,Paid Search
2024-09-01 00:00:00,Sep,Q3,Daily Care,Essentials,East,Premium,82,1617.798704366696,998.6468117389419,619.1518926277541,0.23893726828006248,Organic Search
2024-09-01 00:00:00,Sep,Q3,Daily Care,Essentials,East,Premium,99,2015.3644133483374,1258.7477747383746,756.6166386099628,0.24303193430540532,Email
2024-09-01 00:00:00,Sep,Q3,Daily Care,Essentials,East,Premium,63,1070.8812965176646,683.0239286706403,387.8573678470243,0.3321697750613253,Paid Social
2024-09-01 00:00:00,Sep,Q3,Daily Care,Essentials,East,Premium,85,1572.1033656829707,1052.702237894086,519.4011277888847,0.2510889931592146,Paid Search
2024-09-01 00:00:00,Sep,Q3,Daily Care,Essentials,West,Value Seekers,126,2513.1965021453707,1665.7209791186558,847.4755230267149,0.22992869323317128,Organic Search
2024-09-01 00:00:00,Sep,Q3,Daily Care,Essentials,West,Value Seekers,138,2535.742415775808,1645.6110078725726,890.1314079032352,0.27332951930905525,Email
2024-09-01 00:00:00,Sep,Q3,Daily Care,Essentials,West,Value Seekers,114,2052.744488158,1334.8956261937342,717.8488619642658,0.3143503162622178,Paid Social
2024-09-01 00:00:00,Sep,Q3,Daily Care,Essentials,West,Value Seekers,127,2353.077172936684,1460.6903230961211,892.3868498405627,0.2644434954447458,Paid Search
2024-09-01 00:00:00,Sep,Q3,Daily Care,Essentials,West,Mainstream,114,2319.7458827750083,1502.95253129653,816.7933514784784,0.2377611486047325,Organic Search
2024-09-01 00:00:00,Sep,Q3,Daily Care,Essentials,West,Mainstream,122,2374.0926666415025,1482.2309024162403,891.8617642252623,0.24427136410287753,Email
2024-09-01 00:00:00,Sep,Q3,Daily Care,Essentials,West,Mainstream,111,2012.5189621400236,1310.356545356392,702.1624167836317,0.2962553445719975,Paid Social
2024-09-01 00:00:00,Sep,Q3,Daily Care,Essentials,West,Mainstream,111,2152.997623553328,1330.5469799940488,822.4506435592793,0.26951974150785785,Paid Search
2024-09-01 00:00:00,Sep,Q3,Daily Care,Essentials,West,Premium,86,1753.6261543587268,1079.504665800351,674.1214885583759,0.2230366340925466,Organic Search
2024-09-01 00:00:00,Sep,Q3,Daily Care,Essentials,West,Premium,94,1795.7970700436786,1131.9327396120877,663.8643304315908,0.25083139081496886,Email
2024-09-01 00:00:00,Sep,Q3,Daily Care,Essentials,West,Premium,86,1505.288455300212,945.8344604958797,559.4539948043323,0.3076960958229298,Paid Social
2024-09-01 00:00:00,Sep,Q3,Daily Care,Essentials,West,Premium,60,1161.9139641657248,749.3588129767671,412.55515118895767,0.28787275329579753,Paid Search
2024-09-01 00:00:00,Sep,Q3,Home Comfort,Home,North,Value Seekers,90,3242.693429990972,1979.451400047016,1263.2420299439561,0.22878966851969834,Organic Search
2024-09-01 00:00:00,Sep,Q3,Home Comfort,Home,North,Value Seekers,77,2918.8477617285844,1745.76645284722,1173.0813088813643,0.2418584194671,Email
2024-09-01 00:00:00,Sep,Q3,Home Comfort,Home,North,Value Seekers,75,2301.8519641111607,1409.8028637546254,892.0491003565353,0.33611462232678296,Paid Social
2024-09-01 00:00:00,Sep,Q3,Home Comfort,Home,North,Value Seekers,75,2589.2687823261626,1498.430385298328,1090.8383970278346,0.2747740959082876,Paid Search
2024-09-01 00:00:00,Sep,Q3,Home Comfort,Home,North,Mainstream,85,3261.5232187829474,1985.4082452360656,1276.1149735468819,0.20590917510875165,Organic Search
2024-09-01 00:00:00,Sep,Q3,Home Comfort,Home,North,Mainstream,66,2242.2616320797483,1405.1677371944013,837.093894885347,0.2756985867866215,Email
2024-09-01 00:00:00,Sep,Q3,Home Comfort,Home,North,Mainstream,69,2405.7705128848756,1436.7738053802054,968.9967075046702,0.27210549107935067,Paid Social
2024-09-01 00:00:00,Sep,Q3,Home Comfort,Home,North,Mainstream,61,2032.7042358272242,1203.4105208444582,829.293714982766,0.29315590004630004,Paid Search
2024-09-01 00:00:00,Sep,Q3,Home Comfort,Home,North,Premium,48,1792.1069576300665,1064.786605771375,727.3203518586915,0.21605164053385784,Organic Search
2024-09-01 00:00:00,Sep,Q3,Home Comfort,Home,North,Premium,43,1633.241048748285,956.1931834456533,677.0478653026317,0.2644937515969421,Email
2024-09-01 00:00:00,Sep,Q3,Home Comfort,Home,North,Premium,47,1450.7019058415026,831.1914681777099,619.5104376637927,0.2840426768722172,Paid Social
2024-09-01 00:00:00,Sep,Q3,Home Comfort,Home,North,Premium,45,1603.8113277273944,1001.6842329740297,602.1270947533648,0.2740495094970761,Paid Search
2024-09-01 00:00:00,Sep,Q3,Home Comfort,Home,South,Value Seekers,68,2596.7537122607982,1568.4083340372333,1028.345378223565,0.2053893019868111,Organic Search
2024-09-01 00:00:00,Sep,Q3,Home Comfort,Home,South,Value Seekers,69,2541.2495739137894,1531.591885168886,1009.6576887449035,0.2476593053507848,Email
2024-09-01 00:00:00,Sep,Q3,Home Comfort,Home,South,Value Seekers,67,2158.7821842832714,1302.181393432656,856.6007908506153,0.3144662957902831,Paid Social
2024-09-01 00:00:00,Sep,Q3,Home Comfort,Home,South,Value Seekers,66,2008.177123254576,1194.628189167273,813.548934087303,0.32712604544932655,Paid Search
2024-09-01 00:00:00,Sep,Q3,Home Comfort,Home,South,Mainstream,63,2311.9893627990264,1457.4079932469483,854.5813695520781,0.20914493521421923,Organic Search
2024-09-01 00:00:00,Sep,Q3,Home Comfort,Home,South,Mainstream,43,1484.7877763312001,901.8575551071076,582.9302212240925,0.2560123159432455,Email
2024-09-01 00:00:00,Sep,Q3,Home Comfort,Home,South,Mainstream,44,1487.4645000067558,923.0668155941531,564.3976844126026,0.26887821121386285,Paid Social
2024-09-01 00:00:00,Sep,Q3,Home Comfort,Home,South,Mainstream,42,1378.6531030264368,806.043313882418,572.6097891440188,0.2818458144949444,Paid Search
2024-09-01 00:00:00,Sep,Q3,Home Comfort,Home,South,Premium,50,2074.305350774399,1258.131080564763,816.174270209636,0.17866979896895324,Organic Search
2024-09-01 00:00:00,Sep,Q3,Home Comfort,Home,South,Premium,47,1770.5812494834024,1091.3433781598844,679.237871323518,0.19034162312170275,Email
2024-09-01 00:00:00,Sep,Q3,Home Comfort,Home,South,Premium,39,1326.0094794327456,847.4289781773579,478.58050125538773,0.27231348049125575,Paid Social
2024-09-01 00:00:00,Sep,Q3,Home Comfort,Home,South,Premium,41,1338.6717348181567,784.6299017122408,554.0418331059159,0.31422211463274835,Paid Search
2024-09-01 00:00:00,Sep,Q3,Home Comfort,Home,East,Value Seekers,99,3844.996356165637,2494.3860506607675,1350.6103055048693,0.20307670634357652,Organic Search
2024-09-01 00:00:00,Sep,Q3,Home Comfort,Home,East,Value Seekers,50,1711.9888683196687,1027.0826072888754,684.9062610307933,0.2841306516920042,Email
2024-09-01 00:00:00,Sep,Q3,Home Comfort,Home,East,Value Seekers,58,1723.4473474548631,1056.1665741820957,667.2807732727674,0.3080613801916243,Paid Social
2024-09-01 00:00:00,Sep,Q3,Home Comfort,Home,East,Value Seekers,73,2300.258332233721,1399.9574680790015,900.3008641547194,0.29156247787527717,Paid Search
2024-09-01 00:00:00,Sep,Q3,Home Comfort,Home,East,Mainstream,79,3211.0986402643357,1893.9614050167188,1317.137235247617,0.19216324876776836,Organic Search
2024-09-01 00:00:00,Sep,Q3,Home Comfort,Home,East,Mainstream,76,2725.445042976247,1594.9194315288987,1130.5256114473482,0.2182481570048011,Email
2024-09-01 00:00:00,Sep,Q3,Home Comfort,Home,East,Mainstream,52,1715.0977363538257,1024.555494619735,690.5422417340906,0.2953026444177841,Paid Social
2024-09-01 00:00:00,Sep,Q3,Home Comfort,Home,East,Mainstream,65,2345.6604266252966,1409.3264333357736,936.333993289523,0.22492672721605778,Paid Search
2024-09-01 00:00:00,Sep,Q3,Home Comfort,Home,East,Premium,55,2017.40137238072,1170.5617342004132,846.8396381803068,0.23594927239260927,Organic Search
2024-09-01 00:00:00,Sep,Q3,Home Comfort,Home,East,Premium,35,1229.3819128703121,755.7928849831135,473.58902788719865,0.2401293136149349,Email
2024-09-01 00:00:00,Sep,Q3,Home Comfort,Home,East,Premium,43,1424.6408966682218,870.3798236374455,554.2610730307763,0.31086340848808713,Paid Social
2024-09-01 00:00:00,Sep,Q3,Home Comfort,Home,East,Premium,52,1807.2419834944826,1107.900134695074,699.3418487994086,0.2623973563459449,Paid Search
2024-09-01 00:00:00,Sep,Q3,Home Comfort,Home,West,Value Seekers,83,3109.9348821092067,1835.0389891641971,1274.8958929450096,0.2283746544305486,Organic Search
2024-09-01 00:00:00,Sep,Q3,Home Comfort,Home,West,Value Seekers,58,1977.0023536295134,1226.6213203120553,750.3810333174581,0.29915085706161515,Email
2024-09-01 00:00:00,Sep,Q3,Home Comfort,Home,West,Value Seekers,58,1721.1519174278737,1040.7982925591841,680.3536248686896,0.3485666874705636,Paid Social
2024-09-01 00:00:00,Sep,Q3,Home Comfort,Home,West,Value Seekers,59,2086.9684003111574,1242.8941687888394,844.0742315223181,0.244781165262311,Paid Search
2024-09-01 00:00:00,Sep,Q3,Home Comfort,Home,West,Mainstream,71,2620.2194674932252,1589.360866257487,1030.8586012357382,0.203739266694742,Organic Search
2024-09-01 00:00:00,Sep,Q3,Home Comfort,Home,West,Mainstream,61,2340.8690887139637,1456.3726444250506,884.4964442889132,0.1855064872209285,Email
2024-09-01 00:00:00,Sep,Q3,Home Comfort,Home,West,Mainstream,63,2272.7971449189054,1395.0228690324439,877.7742758864615,0.29676207692342504,Paid Social
2024-09-01 00:00:00,Sep,Q3,Home Comfort,Home,West,Mainstream,62,2143.298415364829,1279.8237140850124,863.4747012798166,0.25146358001980906,Paid Search
2024-09-01 00:00:00,Sep,Q3,Home Comfort,Home,West,Premium,49,1822.4691751961616,1128.030730536558,694.4384446596036,0.19312109061874738,Organic Search
2024-09-01 00:00:00,Sep,Q3,Home Comfort,Home,West,Premium,51,1787.176407605621,1092.7849445839495,694.3914630216716,0.26862261746772864,Email
2024-09-01 00:00:00,Sep,Q3,Home Comfort,Home,West,Premium,38,1220.0239225740177,749.4960203375541,470.52790223646355,0.27258406228402954,Paid Social
2024-09-01 00:00:00,Sep,Q3,Home Comfort,Home,West,Premium,37,1184.4674256919288,674.891376392167,509.57604929976185,0.26689277722421784,Paid Search
2024-09-01 00:00:00,Sep,Q3,Smart Kitchen,Home,North,Value Seekers,60,3260.2993431216805,1868.8549454344864,1391.4443976871942,0.24178297926207296,Organic Search
2024-09-01 00:00:00,Sep,Q3,Smart Kitchen,Home,North,Value Seekers,64,3401.834826664319,2035.750505636518,1366.0843210278008,0.2518533510012914,Email
2024-09-01 00:00:00,Sep,Q3,Smart Kitchen,Home,North,Value Seekers,54,2652.7101924417216,1549.4723075931165,1103.237884848605,0.300056653155002,Paid Social
2024-09-01 00:00:00,Sep,Q3,Smart Kitchen,Home,North,Value Seekers,50,2357.4995349213646,1296.6080935760071,1060.8914413453574,0.2837761303590755,Paid Search
2024-09-01 00:00:00,Sep,Q3,Smart Kitchen,Home,North,Mainstream,67,3864.913557139549,2170.9158372347038,1693.9977199048453,0.20510314033742091,Organic Search
2024-09-01 00:00:00,Sep,Q3,Smart Kitchen,Home,North,Mainstream,54,3138.2775368891653,1866.5358312244034,1271.7417056647619,0.21136956790680989,Email
2024-09-01 00:00:00,Sep,Q3,Smart Kitchen,Home,North,Mainstream,47,2342.768959646678,1276.0896222218687,1066.6793374248093,0.3205276688490848,Paid Social
2024-09-01 00:00:00,Sep,Q3,Smart Kitchen,Home,North,Mainstream,51,2331.187581643891,1351.0599398383652,980.1276418055259,0.2982739841578386,Paid Search
2024-09-01 00:00:00,Sep,Q3,Smart Kitchen,Home,North,Premium,32,1715.4171703188726,966.18486238318,749.2323079356927,0.22140415317533885,Organic Search
2024-09-01 00:00:00,Sep,Q3,Smart Kitchen,Home,North,Premium,42,2195.0527190823914,1210.9939428223026,984.0587762600887,0.22650890896896048,Email
2024-09-01 00:00:00,Sep,Q3,Smart Kitchen,Home,North,Premium,28,1220.4361439245413,717.2902584923648,503.14588543217644,0.31466398283489627,Paid Social
2024-09-01 00:00:00,Sep,Q3,Smart Kitchen,Home,North,Premium,29,1377.692342650292,772.4151647387225,605.2771779115694,0.3077251859138702,Paid Search
2024-09-01 00:00:00,Sep,Q3,Smart Kitchen,Home,South,Value Seekers,52,2877.2152713983396,1639.6495190582505,1237.5657523400891,0.24917152168491802,Organic Search
2024-09-01 00:00:00,Sep,Q3,Smart Kitchen,Home,South,Value Seekers,46,2510.465324795459,1427.7035155499293,1082.7618092455295,0.2542985350793501,Email
2024-09-01 00:00:00,Sep,Q3,Smart Kitchen,Home,South,Value Seekers,36,1672.8181897687105,973.4254665889799,699.3927231797305,0.3280333295328525,Paid Social
2024-09-01 00:00:00,Sep,Q3,Smart Kitchen,Home,South,Value Seekers,47,2294.2182891732555,1329.9016278724857,964.3166613007697,0.2744401177282254,Paid Search
2024-09-01 00:00:00,Sep,Q3,Smart Kitchen,Home,South,Mainstream,45,2499.9543928514513,1470.3395801287468,1029.6148127227045,0.21541423265427218,Organic Search
2024-09-01 00:00:00,Sep,Q3,Smart Kitchen,Home,South,Mainstream,37,2129.726390716916,1232.7448231760873,896.9815675408286,0.2230240816485694,Email
2024-09-01 00:00:00,Sep,Q3,Smart Kitchen,Home,South,Mainstream,31,1561.3684081255906,877.6412073297967,683.7272007957939,0.2722575257413242,Paid Social
2024-09-01 00:00:00,Sep,Q3,Smart Kitchen,Home,South,Mainstream,32,1561.331029455973,893.2009475108824,668.1300819450906,0.30487631866642617,Paid Search
2024-09-01 00:00:00,Sep,Q3,Smart Kitchen,Home,South,Premium,38,2123.413108277212,1233.4066544450288,890.0064538321831,0.17514250567495745,Organic Search
2024-09-01 00:00:00,Sep,Q3,Smart Kitchen,Home,South,Premium,33,1883.5506300898473,1036.4430558138733,847.107574275974,0.1875307673385422,Email
2024-09-01 00:00:00,Sep,Q3,Smart Kitchen,Home,South,Premium,16,882.6577447898499,516.6609763674301,365.9967684224198,0.2824427273740559,Paid Social
2024-09-01 00:00:00,Sep,Q3,Smart Kitchen,Home,South,Premium,18,922.9293518708985,525.8502936471683,397.07905822373016,0.2729134488668542,Paid Search
2024-09-01 00:00:00,Sep,Q3,Smart Kitchen,Home,East,Value Seekers,62,3418.302545446276,2053.1213178141315,1365.1812276321443,0.24271725200475522,Organic Search
2024-09-01 00:00:00,Sep,Q3,Smart Kitchen,Home,East,Value Seekers,57,3015.4525468881816,1772.4132529898397,1243.0392938983418,0.2796876380128164,Email
2024-09-01 00:00:00,Sep,Q3,Smart Kitchen,Home,East,Value Seekers,49,2101.9913500130515,1193.811288257126,908.1800617559254,0.3544244281387207,Paid Social
2024-09-01 00:00:00,Sep,Q3,Smart Kitchen,Home,East,Value Seekers,35,1682.0249112647089,982.7037804437364,699.3211308209725,0.2984974264545883,Paid Search
2024-09-01 00:00:00,Sep,Q3,Smart Kitchen,Home,East,Mainstream,51,2703.855929294372,1582.1764234378193,1121.6795058565526,0.2004355636488498,Organic Search
2024-09-01 00:00:00,Sep,Q3,Smart Kitchen,Home,East,Mainstream,59,3207.001766778951,1801.430073138199,1405.571693640752,0.23778229125666087,Email
2024-09-01 00:00:00,Sep,Q3,Smart Kitchen,Home,East,Mainstream,48,2459.857493505529,1401.863640277455,1057.993853228074,0.2728548146623367,Paid Social
2024-09-01 00:00:00,Sep,Q3,Smart Kitchen,Home,East,Mainstream,35,1718.0864957043202,977.5973703397874,740.4891253645328,0.2953205261110729,Paid Search
2024-09-01 00:00:00,Sep,Q3,Smart Kitchen,Home,East,Premium,38,2141.055733108481,1216.6878850218243,924.3678480866567,0.1963231535869601,Organic Search
2024-09-01 00:00:00,Sep,Q3,Smart Kitchen,Home,East,Premium,29,1478.308681502989,847.8049106840117,630.5037708189773,0.23938138141859894,Email
2024-09-01 00:00:00,Sep,Q3,Smart Kitchen,Home,East,Premium,22,1011.4487130955936,584.8735802775388,426.5751328180547,0.3046482573764292,Paid Social
2024-09-01 00:00:00,Sep,Q3,Smart Kitchen,Home,East,Premium,36,1789.3192467727847,1069.7504629061416,719.5687838666431,0.26147608332359595,Paid Search
2024-09-01 00:00:00,Sep,Q3,Smart Kitchen,Home,West,Value Seekers,45,2526.0811587037415,1450.5404644246653,1075.5406942790762,0.23329404690000977,Organic Search
2024-09-01 00:00:00,Sep,Q3,Smart Kitchen,Home,West,Value Seekers,56,3137.8227078632635,1802.233801502946,1335.5889063603174,0.23604397358916523,Email
2024-09-01 00:00:00,Sep,Q3,Smart Kitchen,Home,West,Value Seekers,36,1689.9504681988278,977.253626891586,712.6968413072418,0.33187937892235225,Paid Social
2024-09-01 00:00:00,Sep,Q3,Smart Kitchen,Home,West,Value Seekers,50,2353.426558990052,1271.6016197702972,1081.8249392197547,0.33298603339177896,Paid Search
2024-09-01 00:00:00,Sep,Q3,Smart Kitchen,Home,West,Mainstream,43,2412.226531149776,1424.750406797519,987.4761243522569,0.19402948412944215,Organic Search
2024-09-01 00:00:00,Sep,Q3,Smart Kitchen,Home,West,Mainstream,42,2289.8160723642854,1265.5474914720755,1024.26858089221,0.2190086036216629,Email
2024-09-01 00:00:00,Sep,Q3,Smart Kitchen,Home,West,Mainstream,31,1484.8170939554773,850.2385661084871,634.5785278469901,0.3361137018869856,Paid Social
2024-09-01 00:00:00,Sep,Q3,Smart Kitchen,Home,West,Mainstream,50,2530.358644772795,1562.029198193317,968.3294465794779,0.24298335553258274,Paid Search
2024-09-01 00:00:00,Sep,Q3,Smart Kitchen,Home,West,Premium,31,1818.834122808154,1010.7373797522899,808.0967430558641,0.18115490766910233,Organic Search
2024-09-01 00:00:00,Sep,Q3,Smart Kitchen,Home,West,Premium,32,1751.2390046520711,968.7548979850538,782.4841066670173,0.23457262898645634,Email
2024-09-01 00:00:00,Sep,Q3,Smart Kitchen,Home,West,Premium,28,1350.8175272527599,775.7872852776422,575.0302419751176,0.3100629860811059,Paid Social
2024-09-01 00:00:00,Sep,Q3,Smart Kitchen,Home,West,Premium,34,1690.1392984152046,947.0677386405084,743.0715597746962,0.311301377288952,Paid Search
2024-09-01 00:00:00,Sep,Q3,Activewear,Lifestyle,North,Value Seekers,90,4105.614854439787,2363.4330513327204,1742.181803107067,0.2384414199423491,Organic Search
2024-09-01 00:00:00,Sep,Q3,Activewear,Lifestyle,North,Value Seekers,50,2240.8111177402307,1331.182184141649,909.6289335985816,0.21577546285725308,Email
2024-09-01 00:00:00,Sep,Q3,Activewear,Lifestyle,North,Value Seekers,56,2097.714965186331,1265.2330581665324,832.4819070197987,0.368266050061562,Paid Social
2024-09-01 00:00:00,Sep,Q3,Activewear,Lifestyle,North,Value Seekers,76,3191.5450365226848,1951.2007513360634,1240.3442851866214,0.2892388165330893,Paid Search
2024-09-01 00:00:00,Sep,Q3,Activewear,Lifestyle,North,Mainstream,55,2730.761331100049,1550.1619229179103,1180.5994081821389,0.17431562582312343,Organic Search
2024-09-01 00:00:00,Sep,Q3,Activewear,Lifestyle,North,Mainstream,67,3171.7245209466273,1964.4574128278086,1207.2671081188187,0.2296122407546657,Email
2024-09-01 00:00:00,Sep,Q3,Activewear,Lifestyle,North,Mainstream,50,1943.6816510818564,1133.6021408587358,810.0795102231207,0.29944165455704663,Paid Social
2024-09-01 00:00:00,Sep,Q3,Activewear,Lifestyle,North,Mainstream,55,2145.28585409264,1301.8653262354533,843.4205278571867,0.2920604556181189,Paid Search
2024-09-01 00:00:00,Sep,Q3,Activewear,Lifestyle,North,Premium,43,1969.3620146476574,1100.3308302043533,869.031184443304,0.2508410247600895,Organic Search
2024-09-01 00:00:00,Sep,Q3,Activewear,Lifestyle,North,Premium,51,2383.800748204112,1410.3607448513492,973.4400033527629,0.24837078192163003,Email
2024-09-01 00:00:00,Sep,Q3,Activewear,Lifestyle,North,Premium,26,1059.4027773564383,607.6313992528396,451.77137810359864,0.3129934811341423,Paid Social
2024-09-01 00:00:00,Sep,Q3,Activewear,Lifestyle,North,Premium,36,1473.1126810014466,902.6272820989025,570.4853989025441,0.2623459448294483,Paid Search
2024-09-01 00:00:00,Sep,Q3,Activewear,Lifestyle,South,Value Seekers,58,2679.9468364842583,1580.4888130699471,1099.4580234143111,0.2304453230670208,Organic Search
2024-09-01 00:00:00,Sep,Q3,Activewear,Lifestyle,South,Value Seekers,65,2928.787696050377,1709.794407143765,1218.9932889066117,0.26882688914580316,Email
2024-09-01 00:00:00,Sep,Q3,Activewear,Lifestyle,South,Value Seekers,47,1834.895226582624,1127.6735121352397,707.2217144473843,0.3288547273303739,Paid Social
2024-09-01 00:00:00,Sep,Q3,Activewear,Lifestyle,South,Value Seekers,46,1669.4552135889162,981.1640262451614,688.2911873437548,0.29162400959095447,Paid Search
2024-09-01 00:00:00,Sep,Q3,Activewear,Lifestyle,South,Mainstream,55,2598.1715411476457,1521.5450450778008,1076.626496069845,0.18519538180902234,Organic Search
2024-09-01 00:00:00,Sep,Q3,Activewear,Lifestyle,South,Mainstream,50,2189.8524227382145,1323.4746864232322,866.3777363149823,0.26496330611695174,Email
2024-09-01 00:00:00,Sep,Q3,Activewear,Lifestyle,South,Mainstream,45,1924.6551448337552,1117.9533954582535,806.7017493755018,0.27041514563926083,Paid Social
2024-09-01 00:00:00,Sep,Q3,Activewear,Lifestyle,South,Mainstream,48,2017.9050108729937,1195.6344494912298,822.2705613817639,0.2408776270241056,Paid Search
2024-09-01 00:00:00,Sep,Q3,Activewear,Lifestyle,South,Premium,32,1436.3858693920386,841.4603368627403,594.9255325292983,0.24957200113309058,Organic Search
2024-09-01 00:00:00,Sep,Q3,Activewear,Lifestyle,South,Premium,39,1868.6397998458465,1107.4982446404847,761.1415552053618,0.20062095009680292,Email
2024-09-01 00:00:00,Sep,Q3,Activewear,Lifestyle,South,Premium,29,1047.940343196687,614.3918203330668,433.5485228636203,0.328436347698095,Paid Social
2024-09-01 00:00:00,Sep,Q3,Activewear,Lifestyle,South,Premium,32,1243.0889082239223,738.9943697249578,504.09453849896454,0.3147496260818101,Paid Search
2024-09-01 00:00:00,Sep,Q3,Activewear,Lifestyle,East,Value Seekers,70,3177.4368949917566,2009.8816496332943,1167.5552453584623,0.22954233438233027,Organic Search
2024-09-01 00:00:00,Sep,Q3,Activewear,Lifestyle,East,Value Seekers,64,2876.769650631433,1667.3526217403437,1209.417028891089,0.28343565634501067,Email
2024-09-01 00:00:00,Sep,Q3,Activewear,Lifestyle,East,Value Seekers,48,1905.1258312604489,1140.5443120296895,764.5815192307593,0.3076025460926007,Paid Social
2024-09-01 00:00:00,Sep,Q3,Activewear,Lifestyle,East,Value Seekers,58,2191.64911733997,1207.6984272314296,983.9506901085404,0.3107747804819597,Paid Search
2024-09-01 00:00:00,Sep,Q3,Activewear,Lifestyle,East,Mainstream,73,3441.216631292008,2004.262283208331,1436.9543480836771,0.18895058677344748,Organic Search
2024-09-01 00:00:00,Sep,Q3,Activewear,Lifestyle,East,Mainstream,58,2679.3757675069223,1650.0065015709113,1029.369265936011,0.2015262948325008,Email
2024-09-01 00:00:00,Sep,Q3,Activewear,Lifestyle,East,Mainstream,38,1402.4699976862264,865.1051373606314,537.364860325595,0.3065385572606454,Paid Social
2024-09-01 00:00:00,Sep,Q3,Activewear,Lifestyle,East,Mainstream,48,1856.2774475653828,1057.3745505555387,798.9028970098441,0.29962249299371546,Paid Search
2024-09-01 00:00:00,Sep,Q3,Activewear,Lifestyle,East,Premium,40,1996.2174522131602,1182.842646335896,813.3748058772642,0.14382219729862045,Organic Search
2024-09-01 00:00:00,Sep,Q3,Activewear,Lifestyle,East,Premium,34,1468.5371605575715,902.9383853888212,565.5987751687503,0.26202690980227955,Email
2024-09-01 00:00:00,Sep,Q3,Activewear,Lifestyle,East,Premium,38,1557.6702962236377,929.160326893202,628.5099693304358,0.28485139592882275,Paid Social
2024-09-01 00:00:00,Sep,Q3,Activewear,Lifestyle,East,Premium,33,1382.0563115448597,866.6916594694883,515.3646520753714,0.27127695683897474,Paid Search
2024-09-01 00:00:00,Sep,Q3,Activewear,Lifestyle,West,Value Seekers,54,2633.7890626449125,1568.9641847788505,1064.824877866062,0.23868789495567272,Organic Search
2024-09-01 00:00:00,Sep,Q3,Activewear,Lifestyle,West,Value Seekers,49,2139.9693550486713,1226.1719238254275,913.7974312232438,0.2698405186932011,Email
2024-09-01 00:00:00,Sep,Q3,Activewear,Lifestyle,West,Value Seekers,60,2265.90671186913,1358.0393309310937,907.8673809380364,0.3182008586757604,Paid Social
2024-09-01 00:00:00,Sep,Q3,Activewear,Lifestyle,West,Value Seekers,48,2014.8093069416036,1203.3317788138042,811.4775281277994,0.2861604497265926,Paid Search
2024-09-01 00:00:00,Sep,Q3,Activewear,Lifestyle,West,Mainstream,62,2639.0680136483697,1606.2352680998085,1032.8327455485612,0.2583794375490952,Organic Search
2024-09-01 00:00:00,Sep,Q3,Activewear,Lifestyle,West,Mainstream,63,2797.7773759687125,1672.3491362485115,1125.428239720201,0.24044836651558774,Email
2024-09-01 00:00:00,Sep,Q3,Activewear,Lifestyle,West,Mainstream,32,1239.4093375485988,747.6840381249962,491.7252994236027,0.3024564753767049,Paid Social
2024-09-01 00:00:00,Sep,Q3,Activewear,Lifestyle,West,Mainstream,50,1990.1505541773302,1224.2759254545267,765.8746287228034,0.2709389544727352,Paid Search
2024-09-01 00:00:00,Sep,Q3,Activewear,Lifestyle,West,Premium,35,1687.6359855855223,1026.5421544711537,661.0938311143686,0.21968819895605365,Organic Search
2024-09-01 00:00:00,Sep,Q3,Activewear,Lifestyle,West,Premium,24,1175.9132858681069,690.4121894669164,485.50109640119047,0.21570632776454796,Email
2024-09-01 00:00:00,Sep,Q3,Activewear,Lifestyle,West,Premium,44,1823.6467528092228,1079.2727532007805,744.3739996084423,0.2709945735741803,Paid Social
2024-09-01 00:00:00,Sep,Q3,Activewear,Lifestyle,West,Premium,24,937.0374383660869,556.4078945789753,380.62954378711163,0.3144209405704716,Paid Search
2024-09-01 00:00:00,Sep,Q3,Premium Audio,Electronics,North,Value Seekers,41,3508.3744347441325,1909.339021791185,1599.0354129529476,0.2544676532413699,Organic Search
2024-09-01 00:00:00,Sep,Q3,Premium Audio,Electronics,North,Value Seekers,24,2102.12835685414,1090.2248018225482,1011.9035550315916,0.2687836865287533,Email
2024-09-01 00:00:00,Sep,Q3,Premium Audio,Electronics,North,Value Seekers,33,2591.3479224698012,1421.9849692869782,1169.362953182823,0.3338720576273922,Paid Social
2024-09-01 00:00:00,Sep,Q3,Premium Audio,Electronics,North,Value Seekers,29,2489.4868994625112,1392.8563656024724,1096.630533860039,0.2734703075689793,Paid Search
2024-09-01 00:00:00,Sep,Q3,Premium Audio,Electronics,North,Mainstream,35,3366.151848315307,1837.6123366595643,1528.5395116557424,0.21424428499585682,Organic Search
2024-09-01 00:00:00,Sep,Q3,Premium Audio,Electronics,North,Mainstream,25,2300.777777599171,1228.5381469280376,1072.2396306711332,0.2564732016029351,Email
2024-09-01 00:00:00,Sep,Q3,Premium Audio,Electronics,North,Mainstream,38,3274.9147499957394,1741.227184974229,1533.6875650215104,0.2724076307461429,Paid Social
2024-09-01 00:00:00,Sep,Q3,Premium Audio,Electronics,North,Mainstream,32,2622.653899805339,1361.6035389995636,1261.0503608057752,0.2821312494073212,Paid Search
2024-09-01 00:00:00,Sep,Q3,Premium Audio,Electronics,North,Premium,19,1924.3670085312904,968.0427381999115,956.3242703313789,0.17085078009132926,Organic Search
2024-09-01 00:00:00,Sep,Q3,Premium Audio,Electronics,North,Premium,21,1953.9330973604795,962.6717538726388,991.2613434878407,0.17991173951469602,Email
2024-09-01 00:00:00,Sep,Q3,Premium Audio,Electronics,North,Premium,14,1036.6453496195747,559.7609541102094,476.8843955093654,0.34784782115934143,Paid Social
2024-09-01 00:00:00,Sep,Q3,Premium Audio,Electronics,North,Premium,15,1213.3362886433447,632.2142288956102,581.1220597477345,0.2980441813965289,Paid Search
2024-09-01 00:00:00,Sep,Q3,Premium Audio,Electronics,South,Value Seekers,31,2601.348752014815,1372.3281428331761,1229.020609181639,0.28446040520094684,Organic Search
2024-09-01 00:00:00,Sep,Q3,Premium Audio,Electronics,South,Value Seekers,27,2329.3374919436824,1206.23837687669,1123.0991150669925,0.2716679498802388,Email
2024-09-01 00:00:00,Sep,Q3,Premium Audio,Electronics,South,Value Seekers,23,1762.596869147402,954.7771403487695,807.8197287986325,0.33350601360210524,Paid Social
2024-09-01 00:00:00,Sep,Q3,Premium Audio,Electronics,South,Value Seekers,21,1708.525819537635,925.625356356671,782.900463180964,0.2783730769341471,Paid Search
2024-09-01 00:00:00,Sep,Q3,Premium Audio,Electronics,South,Mainstream,16,1441.866919352062,800.9390665642014,640.9278527878606,0.24573661772691388,Organic Search
2024-09-01 00:00:00,Sep,Q3,Premium Audio,Electronics,South,Mainstream,24,2108.1441504465015,1065.2283172693983,1042.9158331771032,0.2514171947329653,Email
2024-09-01 00:00:00,Sep,Q3,Premium Audio,Electronics,South,Mainstream,20,1580.820203435191,876.6953356779549,704.1248677572361,0.3348450587785818,Paid Social
2024-09-01 00:00:00,Sep,Q3,Premium Audio,Electronics,South,Mainstream,14,1174.9242292246,583.6943225820783,591.2299066425217,0.2672119707906049,Paid Search
2024-09-01 00:00:00,Sep,Q3,Premium Audio,Electronics,South,Premium,22,2043.4785639521974,1067.8257247890328,975.6528391631646,0.19298704819291465,Organic Search
2024-09-01 00:00:00,Sep,Q3,Premium Audio,Electronics,South,Premium,15,1277.4608186309351,657.5439144056447,619.9169042252904,0.2496136218143641,Email
2024-09-01 00:00:00,Sep,Q3,Premium Audio,Electronics,South,Premium,15,1144.2223914773585,590.5081321304668,553.7142593468917,0.3219996878824982,Paid Social
2024-09-01 00:00:00,Sep,Q3,Premium Audio,Electronics,South,Premium,18,1492.0156290344007,736.358380612781,755.6572484216197,0.2585895106759658,Paid Search
2024-09-01 00:00:00,Sep,Q3,Premium Audio,Electronics,East,Value Seekers,29,2562.52022670215,1370.3597752467128,1192.1604514554372,0.24870217368108027,Organic Search
2024-09-01 00:00:00,Sep,Q3,Premium Audio,Electronics,East,Value Seekers,24,1912.0097828167948,1076.2229404376421,835.7868423791526,0.3081547264715904,Email
2024-09-01 00:00:00,Sep,Q3,Premium Audio,Electronics,East,Value Seekers,33,2875.401420084352,1490.9112132683786,1384.4902068159736,0.25390436405091266,Paid Social
2024-09-01 00:00:00,Sep,Q3,Premium Audio,Electronics,East,Value Seekers,22,1780.4866356510101,988.3291020403677,792.1575336106424,0.33471524467232344,Paid Search
2024-09-01 00:00:00,Sep,Q3,Premium Audio,Electronics,East,Mainstream,28,2674.696914441978,1384.1533139014207,1290.5436005405575,0.20306791693405968,Organic Search
2024-09-01 00:00:00,Sep,Q3,Premium Audio,Electronics,East,Mainstream,22,2149.719204825934,1140.634406194406,1009.084798631528,0.2355326223494139,Email
2024-09-01 00:00:00,Sep,Q3,Premium Audio,Electronics,East,Mainstream,17,1412.5759817952837,745.0783102417126,667.4976715535711,0.29750483222115176,Paid Social
2024-09-01 00:00:00,Sep,Q3,Premium Audio,Electronics,East,Mainstream,27,2238.1850112516604,1169.4635386253055,1068.7214726263549,0.27865093349838166,Paid Search
2024-09-01 00:00:00,Sep,Q3,Premium Audio,Electronics,East,Premium,29,2596.3746126728242,1355.44488785178,1240.9297248210441,0.2380288855796286,Organic Search
2024-09-01 00:00:00,Sep,Q3,Premium Audio,Electronics,East,Premium,15,1360.0466646876107,697.7259279410323,662.3207367465784,0.20966363190677545,Email
2024-09-01 00:00:00,Sep,Q3,Premium Audio,Electronics,East,Premium,11,913.0693757926502,465.7225198680902,447.34685592456003,0.30044208175107856,Paid Social
2024-09-01 00:00:00,Sep,Q3,Premium Audio,Electronics,East,Premium,14,1238.4830337080414,661.461224349312,577.0218093587293,0.2677030071054821,Paid Search
2024-09-01 00:00:00,Sep,Q3,Premium Audio,Electronics,West,Value Seekers,27,2290.9008795024893,1182.0564617549303,1108.844417747559,0.2677105782156227,Organic Search
2024-09-01 00:00:00,Sep,Q3,Premium Audio,Electronics,West,Value Seekers,29,2348.7721509909848,1187.5746506208266,1161.1975003701582,0.31805777331454066,Email
2024-09-01 00:00:00,Sep,Q3,Premium Audio,Electronics,West,Value Seekers,24,1938.7316093260322,951.3715809333311,987.3600283927011,0.2919122413654139,Paid Social
2024-09-01 00:00:00,Sep,Q3,Premium Audio,Electronics,West,Value Seekers,24,1819.4984268479404,995.385404090665,824.1130227572754,0.30886030654277163,Paid Search
2024-09-01 00:00:00,Sep,Q3,Premium Audio,Electronics,West,Mainstream,25,2335.6784762310826,1173.8116862519985,1161.8667899790842,0.2239852058551354,Organic Search
2024-09-01 00:00:00,Sep,Q3,Premium Audio,Electronics,West,Mainstream,22,2048.117459884011,1105.4106732597859,942.7067866242253,0.18650636668798298,Email
2024-09-01 00:00:00,Sep,Q3,Premium Audio,Electronics,West,Mainstream,16,1295.6621009246367,661.6700312481609,633.9920696764758,0.2783330344661679,Paid Social
2024-09-01 00:00:00,Sep,Q3,Premium Audio,Electronics,West,Mainstream,20,1621.4510334971314,846.4737154775783,774.9773180195532,0.2882076793905334,Paid Search
2024-09-01 00:00:00,Sep,Q3,Premium Audio,Electronics,West,Premium,10,957.5151596378848,499.948809542683,457.5663500952018,0.22161406819162738,Organic Search
2024-09-01 00:00:00,Sep,Q3,Premium Audio,Electronics,West,Premium,13,1123.6486780829578,642.3076313798301,481.34104670312763,0.2140728200015328,Email
2024-09-01 00:00:00,Sep,Q3,Premium Audio,Electronics,West,Premium,12,961.0350175349836,519.8567943981003,441.1782231368833,0.3135953961887932,Paid Social
2024-09-01 00:00:00,Sep,Q3,Premium Audio,Electronics,West,Premium,23,1753.567348086289,960.6867024860018,792.8806456002873,0.303440743679512,Paid Search
2024-09-01 00:00:00,Sep,Q3,Pro Camera,Electronics,North,Value Seekers,18,2432.22204554458,1155.3272558791289,1276.894789665451,0.224751925256789,Organic Search
2024-09-01 00:00:00,Sep,Q3,Pro Camera,Electronics,North,Value Seekers,25,3536.820648257452,1769.009740961421,1767.810907296031,0.23780305998294055,Email
2024-09-01 00:00:00,Sep,Q3,Pro Camera,Electronics,North,Value Seekers,19,2183.4290084775994,1091.5263325731594,1091.90267590444,0.3239954405681788,Paid Social
2024-09-01 00:00:00,Sep,Q3,Pro Camera,Electronics,North,Value Seekers,20,2354.528704510957,1154.8213026119556,1199.7074018990015,0.3060613175847842,Paid Search
2024-09-01 00:00:00,Sep,Q3,Pro Camera,Electronics,North,Mainstream,19,2593.6033680146825,1271.0145531946562,1322.5888148200263,0.26079703505075424,Organic Search
2024-09-01 00:00:00,Sep,Q3,Pro Camera,Electronics,North,Mainstream,17,2124.152085217082,1075.0389683555072,1049.1131168615748,0.26268736603079357,Email
2024-09-01 00:00:00,Sep,Q3,Pro Camera,Electronics,North,Mainstream,14,1644.8768855167855,853.1612760949241,791.7156094218614,0.3234278876996065,Paid Social
2024-09-01 00:00:00,Sep,Q3,Pro Camera,Electronics,North,Mainstream,14,1766.9407682435765,913.7671262340116,853.1736420095649,0.2782210992051068,Paid Search
2024-09-01 00:00:00,Sep,Q3,Pro Camera,Electronics,North,Premium,7,959.7130604329265,459.17037995168204,500.5426804812444,0.22210813594256765,Organic Search
2024-09-01 00:00:00,Sep,Q3,Pro Camera,Electronics,North,Premium,15,2035.344529335059,1060.988276254417,974.3562530806419,0.24636868047903668,Email
2024-09-01 00:00:00,Sep,Q3,Pro Camera,Electronics,North,Premium,13,1512.0158454398695,724.5428875158041,787.4729579240654,0.3245869110140641,Paid Social
2024-09-01 00:00:00,Sep,Q3,Pro Camera,Electronics,North,Premium,12,1427.0334503885545,706.6385381595612,720.3949122289932,0.3281922014122704,Paid Search
2024-09-01 00:00:00,Sep,Q3,Pro Camera,Electronics,South,Value Seekers,13,1643.6268803323983,809.3369957435089,834.2898845888894,0.27832663064276975,Organic Search
2024-09-01 00:00:00,Sep,Q3,Pro Camera,Electronics,South,Value Seekers,16,2428.025836366316,1251.4651648434308,1176.5606715228853,0.2140455774151092,Email
2024-09-01 00:00:00,Sep,Q3,Pro Camera,Electronics,South,Value Seekers,13,1498.0428414671665,733.5636361415645,764.4792053256019,0.31192738885083404,Paid Social
2024-09-01 00:00:00,Sep,Q3,Pro Camera,Electronics,South,Value Seekers,13,1472.3997531266764,750.5232672475663,721.8764858791101,0.3227190370028608,Paid Search
2024-09-01 00:00:00,Sep,Q3,Pro Camera,Electronics,South,Mainstream,14,2037.6815556783301,1017.2572692958826,1020.4242863824476,0.20040945169991214,Organic Search
2024-09-01 00:00:00,Sep,Q3,Pro Camera,Electronics,South,Mainstream,8,1131.427904873767,524.1373375262233,607.2905673475436,0.24000545977096685,Email
2024-09-01 00:00:00,Sep,Q3,Pro Camera,Electronics,South,Mainstream,15,1638.7579756595776,794.6608781774557,844.0970974821219,0.35841866135062495,Paid Social
2024-09-01 00:00:00,Sep,Q3,Pro Camera,Electronics,South,Mainstream,18,2303.8795745005946,1125.8278946123994,1178.0516798881952,0.281333199146236,Paid Search
2024-09-01 00:00:00,Sep,Q3,Pro Camera,Electronics,South,Premium,10,1414.3560842947454,668.1265463301668,746.2295379645786,0.21005296052543684,Organic Search
2024-09-01 00:00:00,Sep,Q3,Pro Camera,Electronics,South,Premium,7,920.4550658120102,459.35006425195087,461.1050015600593,0.2288863783938803,Email
2024-09-01 00:00:00,Sep,Q3,Pro Camera,Electronics,South,Premium,7,879.2119850988611,445.03772567132177,434.1742594275393,0.30471676118775,Paid Social
2024-09-01 00:00:00,Sep,Q3,Pro Camera,Electronics,South,Premium,4,457.8470705329325,222.15319497263306,235.69387556029943,0.3485778218115937,Paid Search
2024-09-01 00:00:00,Sep,Q3,Pro Camera,Electronics,East,Value Seekers,20,2565.9462157692365,1251.9043959887733,1314.0418197804631,0.23784709430309936,Organic Search
2024-09-01 00:00:00,Sep,Q3,Pro Camera,Electronics,East,Value Seekers,14,1912.3244017680086,964.1079245511273,948.2164772168812,0.2503348782430168,Email
2024-09-01 00:00:00,Sep,Q3,Pro Camera,Electronics,East,Value Seekers,21,2611.5785016258383,1313.1455734577903,1298.432928168048,0.2826162593450737,Paid Social
2024-09-01 00:00:00,Sep,Q3,Pro Camera,Electronics,East,Value Seekers,12,1412.83323419765,724.1900548251399,688.6431793725101,0.30640407549132065,Paid Search
2024-09-01 00:00:00,Sep,Q3,Pro Camera,Electronics,East,Mainstream,15,2149.521286618169,1002.7095919202769,1146.811694697892,0.22046605793575766,Organic Search
2024-09-01 00:00:00,Sep,Q3,Pro Camera,Electronics,East,Mainstream,23,3137.840400104051,1577.2621018400982,1560.5782982639525,0.24566099376134848,Email
2024-09-01 00:00:00,Sep,Q3,Pro Camera,Electronics,East,Mainstream,24,3047.800931118831,1537.6534523589746,1510.1474787598565,0.3206353529562185,Paid Social
2024-09-01 00:00:00,Sep,Q3,Pro Camera,Electronics,East,Mainstream,15,1794.9859804467037,864.8243306739007,930.161649772803,0.28943518959724845,Paid Search
2024-09-01 00:00:00,Sep,Q3,Pro Camera,Electronics,East,Premium,10,1351.0189146994164,699.9862552764935,651.032659422923,0.22425368311617405,Organic Search
2024-09-01 00:00:00,Sep,Q3,Pro Camera,Electronics,East,Premium,12,1708.4884913325943,865.7337638308417,842.7547275017527,0.2184957507864269,Email
2024-09-01 00:00:00,Sep,Q3,Pro Camera,Electronics,East,Premium,13,1563.2003737190278,756.7407606024044,806.4596131166234,0.33818523021910885,Paid Social
2024-09-01 00:00:00,Sep,Q3,Pro Camera,Electronics,East,Premium,12,1448.3852998829245,676.7279068640605,771.657393018864,0.29345434866318776,Paid Search
2024-09-01 00:00:00,Sep,Q3,Pro Camera,Electronics,West,Value Seekers,21,2888.648437949196,1493.3127430881636,1395.3356948610322,0.2617089652874017,Organic Search
2024-09-01 00:00:00,Sep,Q3,Pro Camera,Electronics,West,Value Seekers,12,1592.9263889168617,805.6102365335759,787.3161523832858,0.2680089374598377,Email
2024-09-01 00:00:00,Sep,Q3,Pro Camera,Electronics,West,Value Seekers,16,1750.5361208798467,856.2300746243704,894.3060462554763,0.3510095858651356,Paid Social
2024-09-01 00:00:00,Sep,Q3,Pro Camera,Electronics,West,Value Seekers,15,1803.0719430615263,914.8219531360677,888.2499899254586,0.31073376784153184,Paid Search
2024-09-01 00:00:00,Sep,Q3,Pro Camera,Electronics,West,Mainstream,17,2322.9585201749614,1150.2854018645696,1172.6731183103918,0.1880215976723079,Organic Search
2024-09-01 00:00:00,Sep,Q3,Pro Camera,Electronics,West,Mainstream,18,2365.8851543448604,1164.6240135450041,1201.2611407998563,0.27246146755938916,Email
2024-09-01 00:00:00,Sep,Q3,Pro Camera,Electronics,West,Mainstream,12,1525.88055658177,764.7628002310848,761.1177563506851,0.30490680846102164,Paid Social
2024-09-01 00:00:00,Sep,Q3,Pro Camera,Electronics,West,Mainstream,14,1717.4138330596459,824.8164225338588,892.597410525787,0.29558998817630033,Paid Search
2024-09-01 00:00:00,Sep,Q3,Pro Camera,Electronics,West,Premium,11,1548.3088127034437,801.3351952912996,746.9736174121441,0.18640995710201674,Organic Search
2024-09-01 00:00:00,Sep,Q3,Pro Camera,Electronics,West,Premium,12,1722.82496880267,858.2272753653663,864.5976934373036,0.20406395758979187,Email
2024-09-01 00:00:00,Sep,Q3,Pro Camera,Electronics,West,Premium,11,1277.53736925309,654.4818160911699,623.0555531619201,0.3004524991080974,Paid Social
2024-09-01 00:00:00,Sep,Q3,Pro Camera,Electronics,West,Premium,2,234.9647659783807,119.96006274411565,115.00470323426507,0.29848808710137265,Paid Search
2024-09-01 00:00:00,Sep,Q3,Luxury Set,Lifestyle,North,Value Seekers,13,1482.2689577662318,689.4758358311847,792.7931219350471,0.22172089335360448,Organic Search
2024-09-01 00:00:00,Sep,Q3,Luxury Set,Lifestyle,North,Value Seekers,15,1680.2681025803122,786.3768572942906,893.8912452860216,0.23069412446646145,Email
2024-09-01 00:00:00,Sep,Q3,Luxury Set,Lifestyle,North,Value Seekers,10,1007.909224849836,455.47105659537334,552.4381682544627,0.30528268688270027,Paid Social
2024-09-01 00:00:00,Sep,Q3,Luxury Set,Lifestyle,North,Value Seekers,12,1185.1087865837785,591.5338643955321,593.5749221882464,0.2911269661575192,Paid Search
2024-09-01 00:00:00,Sep,Q3,Luxury Set,Lifestyle,North,Mainstream,6,675.0498539902687,309.6659225435502,365.3839314467185,0.23921922292527803,Organic Search
2024-09-01 00:00:00,Sep,Q3,Luxury Set,Lifestyle,North,Mainstream,8,899.9449022510978,402.0972314593488,497.847670791749,0.23480922317593778,Email
2024-09-01 00:00:00,Sep,Q3,Luxury Set,Lifestyle,North,Mainstream,13,1344.1716194440414,636.9564517309037,707.2151677131377,0.28985658745919374,Paid Social
2024-09-01 00:00:00,Sep,Q3,Luxury Set,Lifestyle,North,Mainstream,7,725.5423134704467,315.0859575450642,410.4563559253825,0.2881954678953996,Paid Search
2024-09-01 00:00:00,Sep,Q3,Luxury Set,Lifestyle,North,Premium,10,1207.445101683709,551.5490675833373,655.8960341003717,0.2074004175328226,Organic Search
2024-09-01 00:00:00,Sep,Q3,Luxury Set,Lifestyle,North,Premium,11,1310.523884179103,630.7083401691079,679.8155440099952,0.21984439176566278,Email
2024-09-01 00:00:00,Sep,Q3,Luxury Set,Lifestyle,North,Premium,7,681.4535927605199,315.1972723429299,366.25632041758996,0.32223909187642896,Paid Social
2024-09-01 00:00:00,Sep,Q3,Luxury Set,Lifestyle,North,Premium,7,714.4950287963459,345.52935436868495,368.96567442766093,0.2743609380404759,Paid Search
2024-09-01 00:00:00,Sep,Q3,Luxury Set,Lifestyle,South,Value Seekers,6,657.284796514634,304.0963302537678,353.18846626086616,0.22747549134601655,Organic Search
2024-09-01 00:00:00,Sep,Q3,Luxury Set,Lifestyle,South,Value Seekers,7,816.8349568986287,391.91905681482166,424.915900083807,0.21984460792064955,Email
2024-09-01 00:00:00,Sep,Q3,Luxury Set,Lifestyle,South,Value Seekers,15,1423.8637673810824,656.718493440575,767.1452739405074,0.35382005374201286,Paid Social
2024-09-01 00:00:00,Sep,Q3,Luxury Set,Lifestyle,South,Value Seekers,10,1028.8960956005214,496.85528897278476,532.0408066277366,0.30039769049559734,Paid Search
2024-09-01 00:00:00,Sep,Q3,Luxury Set,Lifestyle,South,Mainstream,8,937.9502325289446,418.72642296862426,519.2238095603204,0.19459629677768434,Organic Search
2024-09-01 00:00:00,Sep,Q3,Luxury Set,Lifestyle,South,Mainstream,12,1407.13037635733,689.8152821421993,717.3150942151308,0.20776869593822705,Email
2024-09-01 00:00:00,Sep,Q3,Luxury Set,Lifestyle,South,Mainstream,9,915.5002076634373,419.1204776471228,496.3797300163145,0.23840283263289228,Paid Social
2024-09-01 00:00:00,Sep,Q3,Luxury Set,Lifestyle,South,Mainstream,11,1080.7297217885196,516.4346829754144,564.2950388131052,0.3330039926968419,Paid Search
2024-09-01 00:00:00,Sep,Q3,Luxury Set,Lifestyle,South,Premium,5,551.5740207590585,259.701055347874,291.8729654111845,0.2239799900860219,Organic Search
2024-09-01 00:00:00,Sep,Q3,Luxury Set,Lifestyle,South,Premium,8,905.8896686988028,396.1428447907501,509.7468239080527,0.2536432278162558,Email
2024-09-01 00:00:00,Sep,Q3,Luxury Set,Lifestyle,South,Premium,6,591.320689840288,268.0780997031376,323.2425901371504,0.2874752350797514,Paid Social
2024-09-01 00:00:00,Sep,Q3,Luxury Set,Lifestyle,South,Premium,9,914.4502869560085,429.5814309556976,484.8688560003109,0.2718710191506032,Paid Search
2024-09-01 00:00:00,Sep,Q3,Luxury Set,Lifestyle,East,Value Seekers,15,1813.355665605018,860.6069799759756,952.7486856290424,0.23391478763466145,Organic Search
2024-09-01 00:00:00,Sep,Q3,Luxury Set,Lifestyle,East,Value Seekers,6,656.468851658345,313.9255924302465,342.54325922809846,0.2830498000800684,Email
2024-09-01 00:00:00,Sep,Q3,Luxury Set,Lifestyle,East,Value Seekers,9,818.0792123580726,367.9337086426981,450.1455037153745,0.33943391073962803,Paid Social
2024-09-01 00:00:00,Sep,Q3,Luxury Set,Lifestyle,East,Value Seekers,21,2043.2187117263704,991.0382799446743,1052.1804317816961,0.30730226044962156,Paid Search
2024-09-01 00:00:00,Sep,Q3,Luxury Set,Lifestyle,East,Mainstream,5,549.5853676907849,272.34890858283643,277.23645910794846,0.23816691698575326,Organic Search
2024-09-01 00:00:00,Sep,Q3,Luxury Set,Lifestyle,East,Mainstream,17,2038.673294513609,967.6508958516122,1071.022398661997,0.2093754464582091,Email
2024-09-01 00:00:00,Sep,Q3,Luxury Set,Lifestyle,East,Mainstream,9,915.070084195879,420.7141338707036,494.35595032517534,0.3039997079472968,Paid Social
2024-09-01 00:00:00,Sep,Q3,Luxury Set,Lifestyle,East,Mainstream,9,865.8172145615189,413.9076574215287,451.90955713999017,0.28568222207113664,Paid Search
2024-09-01 00:00:00,Sep,Q3,Luxury Set,Lifestyle,East,Premium,11,1336.9832545842792,615.0253185584509,721.9579360258283,0.17279186466203658,Organic Search
2024-09-01 00:00:00,Sep,Q3,Luxury Set,Lifestyle,East,Premium,6,695.9082205299754,338.19248611952924,357.7157344104462,0.22658473366330997,Email
2024-09-01 00:00:00,Sep,Q3,Luxury Set,Lifestyle,East,Premium,6,559.7550444129764,268.21708737695445,291.53795703602196,0.32390322603233146,Paid Social
2024-09-01 00:00:00,Sep,Q3,Luxury Set,Lifestyle,East,Premium,6,624.1961263183521,286.05224658371355,338.1438797346385,0.30255190611079413,Paid Search
2024-09-01 00:00:00,Sep,Q3,Luxury Set,Lifestyle,West,Value Seekers,8,921.0025990606713,414.9384805431061,506.0641185175652,0.21351752407873875,Organic Search
2024-09-01 00:00:00,Sep,Q3,Luxury Set,Lifestyle,West,Value Seekers,12,1299.0681049349848,561.7243332155211,737.3437717194637,0.2699462956369575,Email
2024-09-01 00:00:00,Sep,Q3,Luxury Set,Lifestyle,West,Value Seekers,13,1236.1617819183837,589.8766085142358,646.2851734041478,0.3307181998323518,Paid Social
2024-09-01 00:00:00,Sep,Q3,Luxury Set,Lifestyle,West,Value Seekers,9,889.6287803800277,402.9661306142371,486.6626497657906,0.29726709356909903,Paid Search
2024-09-01 00:00:00,Sep,Q3,Luxury Set,Lifestyle,West,Mainstream,14,1539.4144055011886,699.1896378038524,840.2247676973362,0.22431813298324557,Organic Search
2024-09-01 00:00:00,Sep,Q3,Luxury Set,Lifestyle,West,Mainstream,8,940.4939692837777,426.94592628623235,513.5480429975453,0.23931918060691007,Email
2024-09-01 00:00:00,Sep,Q3,Luxury Set,Lifestyle,West,Mainstream,5,486.51774336514984,227.2906829947126,259.22706037043724,0.29309669783797093,Paid Social
2024-09-01 00:00:00,Sep,Q3,Luxury Set,Lifestyle,West,Mainstream,14,1477.6264762738829,647.7468819904246,829.8795942834582,0.2748587022036654,Paid Search
2024-09-01 00:00:00,Sep,Q3,Luxury Set,Lifestyle,West,Premium,6,661.1989305333235,321.14585203632777,340.05307849699574,0.28055000624596,Organic Search
2024-09-01 00:00:00,Sep,Q3,Luxury Set,Lifestyle,West,Premium,3,344.60789858790446,170.16984474474353,174.43805384316093,0.1934928523485297,Email
2024-09-01 00:00:00,Sep,Q3,Luxury Set,Lifestyle,West,Premium,12,1182.7718598890144,574.9221573014063,607.8497025876081,0.29408140380870196,Paid Social
2024-09-01 00:00:00,Sep,Q3,Luxury Set,Lifestyle,West,Premium,5,519.4517986009593,237.19849059685637,282.2533080041029,0.2723187377883155,Paid Search
2024-10-01 00:00:00,Oct,Q4,Eco Basics,Essentials,North,Value Seekers,201,2801.401047660257,1877.7271992039332,923.6738484563239,0.2799377925873051,Organic Search
2024-10-01 00:00:00,Oct,Q4,Eco Basics,Essentials,North,Value Seekers,160,2513.3865141553656,1668.1884521418126,845.198062013553,0.22930477801354748,Email
2024-10-01 00:00:00,Oct,Q4,Eco Basics,Essentials,North,Value Seekers,173,2290.0312261415147,1518.3231813733662,771.7080447681485,0.2982597415814004,Paid Social
2024-10-01 00:00:00,Oct,Q4,Eco Basics,Essentials,North,Value Seekers,144,2037.6148337034435,1369.0602707380526,668.5545629653909,0.29136082201598384,Paid Search
2024-10-01 00:00:00,Oct,Q4,Eco Basics,Essentials,North,Mainstream,177,2799.329110981659,1798.2017246316923,1001.1273863499669,0.1826531028679941,Organic Search
2024-10-01 00:00:00,Oct,Q4,Eco Basics,Essentials,North,Mainstream,150,2245.2067828759536,1454.667794823395,790.5389880525586,0.22356812774642618,Email
2024-10-01 00:00:00,Oct,Q4,Eco Basics,Essentials,North,Mainstream,146,2050.5994590234923,1332.9876235342078,717.6118354892844,0.2914505170170636,Paid Social
2024-10-01 00:00:00,Oct,Q4,Eco Basics,Essentials,North,Mainstream,145,1861.7477665179406,1232.297788075373,629.4499784425675,0.29147355395756364,Paid Search
2024-10-01 00:00:00,Oct,Q4,Eco Basics,Essentials,North,Premium,114,1728.0800887144503,1180.737193487403,547.3428952270474,0.2432533326984461,Organic Search
2024-10-01 00:00:00,Oct,Q4,Eco Basics,Essentials,North,Premium,105,1719.6896242315242,1163.1325318046838,556.5570924268404,0.16850832132320856,Email
2024-10-01 00:00:00,Oct,Q4,Eco Basics,Essentials,North,Premium,97,1221.8839197336329,820.430699550142,401.4532201834909,0.3252203838760974,Paid Social
2024-10-01 00:00:00,Oct,Q4,Eco Basics,Essentials,North,Premium,121,1696.762076363916,1129.78057435616,566.981502007756,0.29690954299259487,Paid Search
2024-10-01 00:00:00,Oct,Q4,Eco Basics,Essentials,South,Value Seekers,145,2192.6758057193783,1480.560658006432,712.1151477129463,0.24454984511042935,Organic Search
2024-10-01 00:00:00,Oct,Q4,Eco Basics,Essentials,South,Value Seekers,134,2222.468283835413,1420.1739121061814,802.2943717292314,0.22105010908264439,Email
2024-10-01 00:00:00,Oct,Q4,Eco Basics,Essentials,South,Value Seekers,126,1591.2973833883796,1090.4063500933896,500.89103329498994,0.3462091221408856,Paid Social
2024-10-01 00:00:00,Oct,Q4,Eco Basics,Essentials,South,Value Seekers,120,1590.080269014227,1001.5122857317738,588.5679832824533,0.2924875858593715,Paid Search
2024-10-01 00:00:00,Oct,Q4,Eco Basics,Essentials,South,Mainstream,127,2029.5351532120342,1337.4423838308683,692.0927693811659,0.22797425098305263,Organic Search
2024-10-01 00:00:00,Oct,Q4,Eco Basics,Essentials,South,Mainstream,125,2004.3982884889601,1278.7706270902165,725.6276613987436,0.21315251128976903,Email
2024-10-01 00:00:00,Oct,Q4,Eco Basics,Essentials,South,Mainstream,123,1697.308819991929,1085.508027807705,611.8007921842241,0.29949332792155925,Paid Social
2024-10-01 00:00:00,Oct,Q4,Eco Basics,Essentials,South,Mainstream,111,1501.7331528939108,929.1351372874336,572.5980156064771,0.2908413166039811,Paid Search
2024-10-01 00:00:00,Oct,Q4,Eco Basics,Essentials,South,Premium,90,1407.3706761736412,897.45434094124,509.91633523240114,0.20527769059326467,Organic Search
2024-10-01 00:00:00,Oct,Q4,Eco Basics,Essentials,South,Premium,81,1125.9043614600757,723.3216641794705,402.5826972806052,0.27623011706172806,Email
2024-10-01 00:00:00,Oct,Q4,Eco Basics,Essentials,South,Premium,95,1228.0710284494828,804.2474417524885,423.8235866969943,0.3040032788190151,Paid Social
2024-10-01 00:00:00,Oct,Q4,Eco Basics,Essentials,South,Premium,77,1090.4574054777968,676.0501367121212,414.40726876567555,0.245824868040128,Paid Search
2024-10-01 00:00:00,Oct,Q4,Eco Basics,Essentials,East,Value Seekers,184,2838.979958003074,1865.4908753023763,973.4890827006977,0.24528802734260316,Organic Search
2024-10-01 00:00:00,Oct,Q4,Eco Basics,Essentials,East,Value Seekers,180,2979.3986918617647,1949.5357908393055,1029.8629010224593,0.18449607030381215,Email
2024-10-01 00:00:00,Oct,Q4,Eco Basics,Essentials,East,Value Seekers,141,1874.7668457717534,1216.4224364296094,658.344409342144,0.30070522477493916,Paid Social
2024-10-01 00:00:00,Oct,Q4,Eco Basics,Essentials,East,Value Seekers,134,1791.0799859065157,1149.3370388741955,641.7429470323202,0.31309111425089703,Paid Search
2024-10-01 00:00:00,Oct,Q4,Eco Basics,Essentials,East,Mainstream,139,2041.8963275165113,1338.6222052897408,703.2741222267705,0.21593057410085312,Organic Search
2024-10-01 00:00:00,Oct,Q4,Eco Basics,Essentials,East,Mainstream,119,1717.75241229848,1134.2722165810421,583.4801957174379,0.25701097662088623,Email
2024-10-01 00:00:00,Oct,Q4,Eco Basics,Essentials,East,Mainstream,110,1515.5470316766823,948.3332975398012,567.2137341368812,0.3140074375382961,Paid Social
2024-10-01 00:00:00,Oct,Q4,Eco Basics,Essentials,East,Mainstream,130,1791.5661349674278,1166.0736998030152,625.4924351644127,0.28658594421626804,Paid Search
2024-10-01 00:00:00,Oct,Q4,Eco Basics,Essentials,East,Premium,109,1657.0779297427564,1116.9834806570373,540.0944490857191,0.22623136249428152,Organic Search
2024-10-01 00:00:00,Oct,Q4,Eco Basics,Essentials,East,Premium,90,1482.2008257914092,964.7698123019987,517.4310134894105,0.22406507183085894,Email
2024-10-01 00:00:00,Oct,Q4,Eco Basics,Essentials,East,Premium,83,1099.2375594047064,720.8127158170233,378.4248435876831,0.27628039786057623,Paid Social
2024-10-01 00:00:00,Oct,Q4,Eco Basics,Essentials,East,Premium,81,1089.4306019331389,716.7395988666678,372.691003066471,0.2828528937533338,Paid Search
2024-10-01 00:00:00,Oct,Q4,Eco Basics,Essentials,West,Value Seekers,176,2665.3420388429913,1755.742993621177,909.5990452218143,0.22661976217174618,Organic Search
2024-10-01 00:00:00,Oct,Q4,Eco Basics,Essentials,West,Value Seekers,158,2363.731058070557,1485.2551599006697,878.4758981698874,0.26212857739120593,Email
2024-10-01 00:00:00,Oct,Q4,Eco Basics,Essentials,West,Value Seekers,137,1852.3237516780744,1229.8293538753449,622.4943978027295,0.3009270744007274,Paid Social
2024-10-01 00:00:00,Oct,Q4,Eco Basics,Essentials,West,Value Seekers,151,1921.4829878897035,1209.1511928025952,712.3317950871083,0.2879121852865854,Paid Search
2024-10-01 00:00:00,Oct,Q4,Eco Basics,Essentials,West,Mainstream,156,2387.697545657125,1559.510080716546,828.1874649405788,0.22256629544008305,Organic Search
2024-10-01 00:00:00,Oct,Q4,Eco Basics,Essentials,West,Mainstream,149,2165.6513021183086,1419.2030970046599,746.4482051136488,0.24341498583568363,Email
2024-10-01 00:00:00,Oct,Q4,Eco Basics,Essentials,West,Mainstream,127,1693.5933229503826,1096.352485201472,597.2408377489105,0.3168289833823579,Paid Social
2024-10-01 00:00:00,Oct,Q4,Eco Basics,Essentials,West,Mainstream,120,1596.0534331207177,1076.7801692138785,519.2732639068392,0.25448330675245506,Paid Search
2024-10-01 00:00:00,Oct,Q4,Eco Basics,Essentials,West,Premium,103,1612.246015143083,1012.0582817881848,600.1877333548982,0.19680531670973656,Organic Search
2024-10-01 00:00:00,Oct,Q4,Eco Basics,Essentials,West,Premium,96,1397.0048822169454,927.1288335387574,469.876048678188,0.2396141713485517,Email
2024-10-01 00:00:00,Oct,Q4,Eco Basics,Essentials,West,Premium,86,1187.046821421772,794.735226783469,392.31159463830295,0.31154954277238717,Paid Social
2024-10-01 00:00:00,Oct,Q4,Eco Basics,Essentials,West,Premium,71,972.0545008021498,642.1794627605638,329.8750380415861,0.2822469780100537,Paid Search
2024-10-01 00:00:00,Oct,Q4,Daily Care,Essentials,North,Value Seekers,163,3091.9654897954892,1988.7943621196596,1103.1711276758297,0.2525802333532808,Organic Search
2024-10-01 00:00:00,Oct,Q4,Daily Care,Essentials,North,Value Seekers,150,2871.881633173568,1687.6966375760258,1184.1849955975422,0.26353567826438007,Email
2024-10-01 00:00:00,Oct,Q4,Daily Care,Essentials,North,Value Seekers,132,2097.059399132282,1334.3580390369207,762.7013600953615,0.39783129194745737,Paid Social
2024-10-01 00:00:00,Oct,Q4,Daily Care,Essentials,North,Value Seekers,140,2322.5041919462014,1517.8271078431912,804.6770841030102,0.3333102514605179,Paid Search
2024-10-01 00:00:00,Oct,Q4,Daily Care,Essentials,North,Mainstream,160,3216.302501170531,2051.1709903231563,1165.1315108473746,0.22686894993925139,Organic Search
2024-10-01 00:00:00,Oct,Q4,Daily Care,Essentials,North,Mainstream,149,2927.8842232787147,1890.1612563382077,1037.722966940507,0.25079484813239333,Email
2024-10-01 00:00:00,Oct,Q4,Daily Care,Essentials,North,Mainstream,132,2301.030246106761,1485.9831292255049,815.047116881256,0.2966860670089979,Paid Social
2024-10-01 00:00:00,Oct,Q4,Daily Care,Essentials,North,Mainstream,151,2618.312149707989,1665.811339098867,952.5008106091223,0.29428574045616207,Paid Search
2024-10-01 00:00:00,Oct,Q4,Daily Care,Essentials,North,Premium,96,1886.435628617182,1193.4755997230666,692.9600288941153,0.25060049498681614,Organic Search
2024-10-01 00:00:00,Oct,Q4,Daily Care,Essentials,North,Premium,102,2071.7771154498714,1308.5702082314908,763.2069072183806,0.21299080583775362,Email
2024-10-01 00:00:00,Oct,Q4,Daily Care,Essentials,North,Premium,99,1882.9934519911126,1237.3669537142132,645.6264982768994,0.31561501295560146,Paid Social
2024-10-01 00:00:00,Oct,Q4,Daily Care,Essentials,North,Premium,81,1566.2375364290635,964.8520749903101,601.3854614387534,0.2709427474005512,Paid Search
2024-10-01 00:00:00,Oct,Q4,Daily Care,Essentials,South,Value Seekers,151,3046.8000973071753,1902.3447080183976,1144.4553892887777,0.24689666019843656,Organic Search
2024-10-01 00:00:00,Oct,Q4,Daily Care,Essentials,South,Value Seekers,105,2172.07330808505,1368.4235338253748,803.6497742596753,0.23541390558847294,Email
2024-10-01 00:00:00,Oct,Q4,Daily Care,Essentials,South,Value Seekers,108,1828.5910885863823,1085.9123917995428,742.6786967868395,0.3418832558528647,Paid Social
2024-10-01 00:00:00,Oct,Q4,Daily Care,Essentials,South,Value Seekers,135,2357.167024950363,1462.6722544165082,894.494770533855,0.3111254664977127,Paid Search
2024-10-01 00:00:00,Oct,Q4,Daily Care,Essentials,South,Mainstream,134,2770.243495953496,1749.8458216440335,1020.3976743094627,0.2532261814048158,Organic Search
2024-10-01 00:00:00,Oct,Q4,Daily Care,Essentials,South,Mainstream,106,2213.376327682049,1373.7113294088238,839.6649982732254,0.23931596596908,Email
2024-10-01 00:00:00,Oct,Q4,Daily Care,Essentials,South,Mainstream,108,1900.8135640456926,1231.016180510383,669.7973835353096,0.3071789877374045,Paid Social
2024-10-01 00:00:00,Oct,Q4,Daily Care,Essentials,South,Mainstream,109,2168.8760815515893,1372.461342899979,796.4147386516104,0.2567397754014946,Paid Search
2024-10-01 00:00:00,Oct,Q4,Daily Care,Essentials,South,Premium,101,2185.806305557479,1370.7513955400748,815.0549100174042,0.22440008625032104,Organic Search
2024-10-01 00:00:00,Oct,Q4,Daily Care,Essentials,South,Premium,74,1472.2049669534706,921.8693494465409,550.3356175069297,0.22680245228753745,Email
2024-10-01 00:00:00,Oct,Q4,Daily Care,Essentials,South,Premium,71,1178.237088025362,746.8502012536982,431.38688677166385,0.31233705797429717,Paid Social
2024-10-01 00:00:00,Oct,Q4,Daily Care,Essentials,South,Premium,59,1137.6611519600763,708.4018453990624,429.2593065610139,0.3034024661144396,Paid Search
2024-10-01 00:00:00,Oct,Q4,Daily Care,Essentials,East,Value Seekers,156,3144.7181508837793,2048.265396604821,1096.4527542789583,0.21071684646106595,Organic Search
2024-10-01 00:00:00,Oct,Q4,Daily Care,Essentials,East,Value Seekers,151,3132.367882288837,1892.9207403159714,1239.4471419728654,0.25856960109559896,Email
2024-10-01 00:00:00,Oct,Q4,Daily Care,Essentials,East,Value Seekers,131,2225.2611524019526,1394.9046660363801,830.3564863655724,0.2964496667470359,Paid Social
2024-10-01 00:00:00,Oct,Q4,Daily Care,Essentials,East,Value Seekers,143,2547.891431444794,1553.403145269321,994.4882861754729,0.2869536135525712,Paid Search
2024-10-01 00:00:00,Oct,Q4,Daily Care,Essentials,East,Mainstream,156,3333.4788288384775,2126.9592640066426,1206.519564831835,0.2038079635475875,Organic Search
2024-10-01 00:00:00,Oct,Q4,Daily Care,Essentials,East,Mainstream,126,2448.2072322559457,1514.5631271802526,933.644105075693,0.23152912207891643,Email
2024-10-01 00:00:00,Oct,Q4,Daily Care,Essentials,East,Mainstream,117,2122.2622088704684,1412.442427688291,709.8197811821774,0.29510993093930604,Paid Social
2024-10-01 00:00:00,Oct,Q4,Daily Care,Essentials,East,Mainstream,123,2510.626475937132,1545.818618934,964.8078570031321,0.2509427087949798,Paid Search
2024-10-01 00:00:00,Oct,Q4,Daily Care,Essentials,East,Premium,80,1519.1655992390506,936.3360596986688,582.8295395403818,0.21995446970038277,Organic Search
2024-10-01 00:00:00,Oct,Q4,Daily Care,Essentials,East,Premium,70,1353.4608282398149,857.9056081694956,495.55522007031925,0.2619586050413983,Email
2024-10-01 00:00:00,Oct,Q4,Daily Care,Essentials,East,Premium,77,1374.460127025224,888.3542399909531,486.10588703427084,0.2740833170961865,Paid Social
2024-10-01 00:00:00,Oct,Q4,Daily Care,Essentials,East,Premium,87,1574.6138209282994,998.4754910903999,576.1383298378995,0.2798422409083818,Paid Search
2024-10-01 00:00:00,Oct,Q4,Daily Care,Essentials,West,Value Seekers,156,3052.735152055779,1823.0459819441844,1229.6891701115946,0.2276080126060902,Organic Search
2024-10-01 00:00:00,Oct,Q4,Daily Care,Essentials,West,Value Seekers,150,3084.0792516156935,2030.6403246344805,1053.438926981213,0.19747242899367684,Email
2024-10-01 00:00:00,Oct,Q4,Daily Care,Essentials,West,Value Seekers,106,1818.5450167763868,1153.0871556855443,665.4578610908425,0.3492790462030453,Paid Social
2024-10-01 00:00:00,Oct,Q4,Daily Care,Essentials,West,Value Seekers,135,2348.8241333992546,1441.6197253120117,907.2044080872429,0.31293827406811653,Paid Search
2024-10-01 00:00:00,Oct,Q4,Daily Care,Essentials,West,Mainstream,136,2806.135095970483,1701.5172930371907,1104.617802933292,0.21280795899904134,Organic Search
2024-10-01 00:00:00,Oct,Q4,Daily Care,Essentials,West,Mainstream,112,2212.4644392746955,1403.3537565326549,809.1106827420406,0.23653447665087002,Email
2024-10-01 00:00:00,Oct,Q4,Daily Care,Essentials,West,Mainstream,118,2030.482376398172,1310.5738481696924,719.9085282284796,0.2981724991083958,Paid Social
2024-10-01 00:00:00,Oct,Q4,Daily Care,Essentials,West,Mainstream,106,1991.22211358666,1357.3781689447144,633.8439446419457,0.27212736070204474,Paid Search
2024-10-01 00:00:00,Oct,Q4,Daily Care,Essentials,West,Premium,102,1993.8794198648027,1179.0738062438134,814.8056136209893,0.24114647702970865,Organic Search
2024-10-01 00:00:00,Oct,Q4,Daily Care,Essentials,West,Premium,95,1869.7079673934702,1260.325116919826,609.3828504736441,0.24738778733158334,Email
2024-10-01 00:00:00,Oct,Q4,Daily Care,Essentials,West,Premium,85,1529.7892089235788,924.8899981323729,604.899210791206,0.30016423837718353,Paid Social
2024-10-01 00:00:00,Oct,Q4,Daily Care,Essentials,West,Premium,79,1417.9053554681468,882.9073266772677,534.9980287908791,0.2655753683113226,Paid Search
2024-10-01 00:00:00,Oct,Q4,Home Comfort,Home,North,Value Seekers,88,3290.61157273536,1941.4092001868603,1349.2023725484996,0.21269293826535704,Organic Search
2024-10-01 00:00:00,Oct,Q4,Home Comfort,Home,North,Value Seekers,78,2792.7746546617886,1687.3271514048065,1105.4475032569821,0.2855765402252188,Email
2024-10-01 00:00:00,Oct,Q4,Home Comfort,Home,North,Value Seekers,71,2187.632808442331,1337.7765903187753,849.8562181235559,0.32826907233146035,Paid Social
2024-10-01 00:00:00,Oct,Q4,Home Comfort,Home,North,Value Seekers,107,3441.255345328797,1991.397375976031,1449.8579693527658,0.2953568217220713,Paid Search
2024-10-01 00:00:00,Oct,Q4,Home Comfort,Home,North,Mainstream,86,3187.9435731505146,1944.0522454300897,1243.891327720425,0.1918829439397519,Organic Search
2024-10-01 00:00:00,Oct,Q4,Home Comfort,Home,North,Mainstream,68,2521.140308515201,1558.6955049664493,962.4448035487517,0.2113763085160889,Email
2024-10-01 00:00:00,Oct,Q4,Home Comfort,Home,North,Mainstream,73,2320.7266433596265,1441.1240990412518,879.6025443183746,0.294896595562756,Paid Social
2024-10-01 00:00:00,Oct,Q4,Home Comfort,Home,North,Mainstream,69,2363.307215599041,1462.1197398636555,901.1874757353853,0.2748437472638312,Paid Search
2024-10-01 00:00:00,Oct,Q4,Home Comfort,Home,North,Premium,65,2552.82224532734,1500.4656494534163,1052.3565958739239,0.2108957736103582,Organic Search
2024-10-01 00:00:00,Oct,Q4,Home Comfort,Home,North,Premium,46,1813.8811496260603,1106.9757065490874,706.9054430769729,0.20300509635292732,Email
2024-10-01 00:00:00,Oct,Q4,Home Comfort,Home,North,Premium,48,1528.7305939233295,922.6877431625894,606.0428507607401,0.2892987053962855,Paid Social
2024-10-01 00:00:00,Oct,Q4,Home Comfort,Home,North,Premium,36,1170.8501864222114,692.0022555187412,478.8479309034702,0.2752285972376983,Paid Search
2024-10-01 00:00:00,Oct,Q4,Home Comfort,Home,South,Value Seekers,81,2846.876582873227,1666.6206443387755,1180.2559385344516,0.2535917182401741,Organic Search
2024-10-01 00:00:00,Oct,Q4,Home Comfort,Home,South,Value Seekers,65,2482.3839874855266,1452.237147015863,1030.1468404696636,0.23565244657389559,Email
2024-10-01 00:00:00,Oct,Q4,Home Comfort,Home,South,Value Seekers,57,1694.8130258593471,1081.9150357186993,612.8979901406478,0.305120798752324,Paid Social
2024-10-01 00:00:00,Oct,Q4,Home Comfort,Home,South,Value Seekers,59,1804.4844155124808,1116.9353442057734,687.5490713067074,0.31437076875121606,Paid Search
2024-10-01 00:00:00,Oct,Q4,Home Comfort,Home,South,Mainstream,67,2628.340717930185,1499.4567366593221,1128.8839812708627,0.17873174708853207,Organic Search
2024-10-01 00:00:00,Oct,Q4,Home Comfort,Home,South,Mainstream,67,2523.746564686378,1571.5490236371147,952.1975410492632,0.19298553066597432,Email
2024-10-01 00:00:00,Oct,Q4,Home Comfort,Home,South,Mainstream,56,1967.2691755971337,1135.6096902196653,831.6594853774684,0.26303881449322924,Paid Social
2024-10-01 00:00:00,Oct,Q4,Home Comfort,Home,South,Mainstream,61,2130.4880418414537,1351.004556249568,779.4834855918857,0.2574184073723629,Paid Search
2024-10-01 00:00:00,Oct,Q4,Home Comfort,Home,South,Premium,38,1383.7568236721227,872.7571980233722,510.99962564875045,0.196879734141576,Organic Search
2024-10-01 00:00:00,Oct,Q4,Home Comfort,Home,South,Premium,47,1524.1599194946998,934.2358462921205,589.9240732025793,0.314415847715682,Email
2024-10-01 00:00:00,Oct,Q4,Home Comfort,Home,South,Premium,35,1197.3894173950878,735.3875208466692,462.0018965484186,0.2880352362092352,Paid Social
2024-10-01 00:00:00,Oct,Q4,Home Comfort,Home,South,Premium,45,1503.3325306626734,925.9657165074566,577.3668141552168,0.28818299356819727,Paid Search
2024-10-01 00:00:00,Oct,Q4,Home Comfort,Home,East,Value Seekers,91,3379.2632360032567,2040.3527718711007,1338.910464132156,0.22873183308757303,Organic Search
2024-10-01 00:00:00,Oct,Q4,Home Comfort,Home,East,Value Seekers,58,1994.2983839446129,1234.368649956767,759.9297339878458,0.23134640741154075,Email
2024-10-01 00:00:00,Oct,Q4,Home Comfort,Home,East,Value Seekers,77,2321.410515591287,1382.9725750729353,938.4379405183518,0.34211764549307144,Paid Social
2024-10-01 00:00:00,Oct,Q4,Home Comfort,Home,East,Value Seekers,70,2217.057676704291,1358.111307401403,858.9463693028881,0.32372263425991804,Paid Search
2024-10-01 00:00:00,Oct,Q4,Home Comfort,Home,East,Mainstream,73,2642.4209337928123,1639.3455169479691,1003.0754168448432,0.20755644398016254,Organic Search
2024-10-01 00:00:00,Oct,Q4,Home Comfort,Home,East,Mainstream,62,2115.280585338313,1264.0643594743344,851.2162258639785,0.2633437262156879,Email
2024-10-01 00:00:00,Oct,Q4,Home Comfort,Home,East,Mainstream,63,1987.011274883037,1215.756098697515,771.255176185522,0.2812283645719238,Paid Social
2024-10-01 00:00:00,Oct,Q4,Home Comfort,Home,East,Mainstream,66,2013.659561515019,1247.8153458112038,765.8442157038153,0.29144560053126667,Paid Search
2024-10-01 00:00:00,Oct,Q4,Home Comfort,Home,East,Premium,58,2185.762536740254,1283.9563101318602,901.8062266083937,0.24678310841789905,Organic Search
2024-10-01 00:00:00,Oct,Q4,Home Comfort,Home,East,Premium,57,1959.7290987772362,1213.8010626927296,745.9280360845066,0.2687019388707716,Email
2024-10-01 00:00:00,Oct,Q4,Home Comfort,Home,East,Premium,35,1065.5922973843021,680.3358627634175,385.25643462088465,0.32900895868641244,Paid Social
2024-10-01 00:00:00,Oct,Q4,Home Comfort,Home,East,Premium,42,1506.223061359933,868.7750037746077,637.4480575853252,0.2609189200334805,Paid Search
2024-10-01 00:00:00,Oct,Q4,Home Comfort,Home,West,Value Seekers,87,3159.4910209130903,1916.0358174803125,1243.4552034327778,0.22576545691353558,Organic Search
2024-10-01 00:00:00,Oct,Q4,Home Comfort,Home,West,Value Seekers,76,2692.2074474655547,1589.6694107746282,1102.5380366909264,0.22193977095496226,Email
2024-10-01 00:00:00,Oct,Q4,Home Comfort,Home,West,Value Seekers,60,2005.7473437662059,1249.7971559344808,755.9501878317251,0.28239197267280697,Paid Social
2024-10-01 00:00:00,Oct,Q4,Home Comfort,Home,West,Value Seekers,84,2507.2841196842987,1481.8211680533286,1025.46295163097,0.32288054906261054,Paid Search
2024-10-01 00:00:00,Oct,Q4,Home Comfort,Home,West,Mainstream,67,2519.492226635968,1554.8603974656935,964.6318291702746,0.20863822707255722,Organic Search
2024-10-01 00:00:00,Oct,Q4,Home Comfort,Home,West,Mainstream,65,2592.6835872340785,1538.1481794325036,1054.5354078015748,0.1859295944455946,Email
2024-10-01 00:00:00,Oct,Q4,Home Comfort,Home,West,Mainstream,41,1380.0665034795277,852.196027527616,527.8704759519117,0.3079024188865157,Paid Social
2024-10-01 00:00:00,Oct,Q4,Home Comfort,Home,West,Mainstream,71,2281.2086069720704,1299.8423285360973,981.3662784359731,0.30493657855965567,Paid Search
2024-10-01 00:00:00,Oct,Q4,Home Comfort,Home,West,Premium,50,1778.0400899899346,1146.0324507780203,632.0076392119142,0.2232443125403793,Organic Search
2024-10-01 00:00:00,Oct,Q4,Home Comfort,Home,West,Premium,40,1521.7483447814382,912.9466284689345,608.8017163125037,0.21016865213298624,Email
2024-10-01 00:00:00,Oct,Q4,Home Comfort,Home,West,Premium,42,1339.3421665386836,766.4037539265895,572.9384126120941,0.3023698739919018,Paid Social
2024-10-01 00:00:00,Oct,Q4,Home Comfort,Home,West,Premium,47,1514.5810859600335,941.6107294865128,572.9703564735207,0.2872698951807439,Paid Search
2024-10-01 00:00:00,Oct,Q4,Smart Kitchen,Home,North,Value Seekers,75,3792.3802006271576,2105.817970731405,1686.5622298957528,0.2619074347383152,Organic Search
2024-10-01 00:00:00,Oct,Q4,Smart Kitchen,Home,North,Value Seekers,56,2746.3061692869114,1636.0646806938194,1110.241488593092,0.26389254348848956,Email
2024-10-01 00:00:00,Oct,Q4,Smart Kitchen,Home,North,Value Seekers,50,2401.9858585861257,1374.961562527659,1027.0242960584667,0.2877486876887711,Paid Social
2024-10-01 00:00:00,Oct,Q4,Smart Kitchen,Home,North,Value Seekers,54,2633.044119531284,1563.341183885243,1069.7029356460412,0.3206494264109252,Paid Search
2024-10-01 00:00:00,Oct,Q4,Smart Kitchen,Home,North,Mainstream,58,2903.3656513129645,1569.0290315969987,1334.3366197159658,0.2592008809827046,Organic Search
2024-10-01 00:00:00,Oct,Q4,Smart Kitchen,Home,North,Mainstream,40,2285.3792487908595,1322.7587746222237,962.6204741686358,0.21659764143954502,Email
2024-10-01 00:00:00,Oct,Q4,Smart Kitchen,Home,North,Mainstream,43,2174.1488164188145,1231.643103754084,942.5057126647305,0.281341302665078,Paid Social
2024-10-01 00:00:00,Oct,Q4,Smart Kitchen,Home,North,Mainstream,48,2343.6158272605844,1419.834630330006,923.7811969305785,0.25017723801833547,Paid Search
2024-10-01 00:00:00,Oct,Q4,Smart Kitchen,Home,North,Premium,40,2221.3596711344026,1265.2569337651898,956.1027373692127,0.20470384861153093,Organic Search
2024-10-01 00:00:00,Oct,Q4,Smart Kitchen,Home,North,Premium,35,1876.4934932223034,1086.5313478543294,789.962145367974,0.22316066141222443,Email
2024-10-01 00:00:00,Oct,Q4,Smart Kitchen,Home,North,Premium,21,1027.3132137750777,548.9803092772971,478.33290449778053,0.29782948226780115,Paid Social
2024-10-01 00:00:00,Oct,Q4,Smart Kitchen,Home,North,Premium,32,1390.741301571401,813.836652268365,576.904649303036,0.29445495769467717,Paid Search
2024-10-01 00:00:00,Oct,Q4,Smart Kitchen,Home,South,Value Seekers,47,2369.0846632342045,1364.8700644561964,1004.2145987780082,0.23226650332785434,Organic Search
2024-10-01 00:00:00,Oct,Q4,Smart Kitchen,Home,South,Value Seekers,34,1761.9369781094642,1010.7195319982455,751.2174461112187,0.2662061635841852,Email
2024-10-01 00:00:00,Oct,Q4,Smart Kitchen,Home,South,Value Seekers,49,2331.2362944196393,1312.4475866664552,1018.7887077531841,0.3097291643356959,Paid Social
2024-10-01 00:00:00,Oct,Q4,Smart Kitchen,Home,South,Value Seekers,42,2016.1340115406576,1159.3929264201788,856.7410851204788,0.3104176954910243,Paid Search
2024-10-01 00:00:00,Oct,Q4,Smart Kitchen,Home,South,Mainstream,36,1954.3282925521144,1154.3323544164882,799.9959381356261,0.2142990705714609,Organic Search
2024-10-01 00:00:00,Oct,Q4,Smart Kitchen,Home,South,Mainstream,34,1914.436863468219,1098.79217052018,815.6446929480389,0.20891999339278342,Email
2024-10-01 00:00:00,Oct,Q4,Smart Kitchen,Home,South,Mainstream,30,1534.285715791079,857.7132177172149,676.572498073864,0.27954994374200465,Paid Social
2024-10-01 00:00:00,Oct,Q4,Smart Kitchen,Home,South,Mainstream,40,2028.1587045478107,1156.1354974666797,872.023207081131,0.2960643572288666,Paid Search
2024-10-01 00:00:00,Oct,Q4,Smart Kitchen,Home,South,Premium,36,2032.9167614306955,1191.052387236894,841.8643741938015,0.20642942380101462,Organic Search
2024-10-01 00:00:00,Oct,Q4,Smart Kitchen,Home,South,Premium,31,1660.48356711867,995.7197339674572,664.7638331512128,0.1955076838016775,Email
2024-10-01 00:00:00,Oct,Q4,Smart Kitchen,Home,South,Premium,27,1262.4435207111555,720.6809987215735,541.7625219895821,0.3329999112129919,Paid Social
2024-10-01 00:00:00,Oct,Q4,Smart Kitchen,Home,South,Premium,42,2132.5969462629546,1201.2059758957157,931.3909703672389,0.23919391026511583,Paid Search
2024-10-01 00:00:00,Oct,Q4,Smart Kitchen,Home,East,Value Seekers,61,3586.073761573102,2147.8019648170675,1438.2717967560343,0.19086317094214605,Organic Search
2024-10-01 00:00:00,Oct,Q4,Smart Kitchen,Home,East,Value Seekers,57,2765.4867066585134,1686.6850675370208,1078.8016391214926,0.28688847385421523,Email
2024-10-01 00:00:00,Oct,Q4,Smart Kitchen,Home,East,Value Seekers,70,3359.5457616728036,1962.9189500613707,1396.626811611433,0.30614462618282895,Paid Social
2024-10-01 00:00:00,Oct,Q4,Smart Kitchen,Home,East,Value Seekers,54,2869.5190084153073,1738.3337244851193,1131.185283930188,0.2587985749150321,Paid Search
2024-10-01 00:00:00,Oct,Q4,Smart Kitchen,Home,East,Mainstream,65,3626.8242812229605,2188.073299804047,1438.7509814189134,0.1956054142664248,Organic Search
2024-10-01 00:00:00,Oct,Q4,Smart Kitchen,Home,East,Mainstream,32,1791.545336153833,1000.8653976119252,790.6799385419077,0.2115224062524366,Email
2024-10-01 00:00:00,Oct,Q4,Smart Kitchen,Home,East,Mainstream,39,1801.861718597853,1063.3749255256082,738.4867930722448,0.3361786456967567,Paid Social
2024-10-01 00:00:00,Oct,Q4,Smart Kitchen,Home,East,Mainstream,36,1885.6135321815227,1071.2455130783394,814.3680191031833,0.23482943005399537,Paid Search
2024-10-01 00:00:00,Oct,Q4,Smart Kitchen,Home,East,Premium,38,2308.999813840172,1419.310185056427,889.6896287837451,0.15023605487449396,Organic Search
2024-10-01 00:00:00,Oct,Q4,Smart Kitchen,Home,East,Premium,44,2245.497705124042,1301.9200739310895,943.5776311929526,0.2172553038282379,Email
2024-10-01 00:00:00,Oct,Q4,Smart Kitchen,Home,East,Premium,33,1551.487439123708,915.7489673568942,635.7384717668139,0.29481571982659416,Paid Social
2024-10-01 00:00:00,Oct,Q4,Smart Kitchen,Home,East,Premium,34,1611.6367707288966,976.5594476435036,635.077323085393,0.29220031788504675,Paid Search
2024-10-01 00:00:00,Oct,Q4,Smart Kitchen,Home,West,Value Seekers,55,3056.6916677842496,1746.6113739689986,1310.080293815251,0.2132089052966012,Organic Search
2024-10-01 00:00:00,Oct,Q4,Smart Kitchen,Home,West,Value Seekers,54,2621.1941041675623,1512.3042990076929,1108.8898051598694,0.29272637958308956,Email
2024-10-01 00:00:00,Oct,Q4,Smart Kitchen,Home,West,Value Seekers,49,2295.9004089150358,1339.627636009153,956.2727729058827,0.3294631215894639,Paid Social
2024-10-01 00:00:00,Oct,Q4,Smart Kitchen,Home,West,Value Seekers,51,2487.5491263232607,1420.6312789854167,1066.917847337844,0.2923998686969491,Paid Search
2024-10-01 00:00:00,Oct,Q4,Smart Kitchen,Home,West,Mainstream,64,3625.1166649002253,2082.155152014747,1542.9615128854784,0.20620105261105423,Organic Search
2024-10-01 00:00:00,Oct,Q4,Smart Kitchen,Home,West,Mainstream,39,1957.5234925172288,1160.4872435196285,797.0362489976003,0.25848772713009577,Email
2024-10-01 00:00:00,Oct,Q4,Smart Kitchen,Home,West,Mainstream,41,1906.6352283690796,1106.9614240046722,799.6738043644075,0.2890093808366405,Paid Social
2024-10-01 00:00:00,Oct,Q4,Smart Kitchen,Home,West,Mainstream,47,2125.8905118370785,1189.3495031109492,936.5410087261293,0.27690461643510994,Paid Search
2024-10-01 00:00:00,Oct,Q4,Smart Kitchen,Home,West,Premium,29,1618.1730105851905,910.5131513795143,707.6598592056762,0.2664476924700496,Organic Search
2024-10-01 00:00:00,Oct,Q4,Smart Kitchen,Home,West,Premium,35,1815.3893221182775,1057.9525352857872,757.4367868324903,0.2617184114282443,Email
2024-10-01 00:00:00,Oct,Q4,Smart Kitchen,Home,West,Premium,37,1755.6501103514233,1014.2907305616878,741.3593797897355,0.3350636505555146,Paid Social
2024-10-01 00:00:00,Oct,Q4,Smart Kitchen,Home,West,Premium,27,1410.4338887264614,816.3858639743561,594.0480247521053,0.2564356142002251,Paid Search
2024-10-01 00:00:00,Oct,Q4,Activewear,Lifestyle,North,Value Seekers,83,3586.6970373752706,2132.254547612809,1454.4424897624617,0.24513127646727337,Organic Search
2024-10-01 00:00:00,Oct,Q4,Activewear,Lifestyle,North,Value Seekers,63,2823.176603097208,1762.4892399319501,1060.687363165258,0.2337912830247811,Email
2024-10-01 00:00:00,Oct,Q4,Activewear,Lifestyle,North,Value Seekers,58,2293.476869740034,1438.6103927792317,854.8664769608024,0.30454706202104,Paid Social
2024-10-01 00:00:00,Oct,Q4,Activewear,Lifestyle,North,Value Seekers,53,1892.675690802278,1095.095131398283,797.580559403995,0.33514247529941965,Paid Search
2024-10-01 00:00:00,Oct,Q4,Activewear,Lifestyle,North,Mainstream,73,3218.1071615188644,1937.0112181948161,1281.0959433240482,0.24338890445744765,Organic Search
2024-10-01 00:00:00,Oct,Q4,Activewear,Lifestyle,North,Mainstream,66,3148.177417722938,1969.7249750192098,1178.4524427037284,0.20277530970319518,Email
2024-10-01 00:00:00,Oct,Q4,Activewear,Lifestyle,North,Mainstream,59,2312.2244929843455,1375.868103691134,936.3563892932116,0.3228028694276415,Paid Social
2024-10-01 00:00:00,Oct,Q4,Activewear,Lifestyle,North,Mainstream,55,2401.2515393569724,1438.0192847563537,963.2322546006187,0.2790630642993261,Paid Search
2024-10-01 00:00:00,Oct,Q4,Activewear,Lifestyle,North,Premium,47,2349.967983838911,1362.8665425253298,987.1014413135813,0.139181688392508,Organic Search
2024-10-01 00:00:00,Oct,Q4,Activewear,Lifestyle,North,Premium,41,1994.1405995994019,1258.8122168880595,735.3283827113423,0.19266053587185084,Email
2024-10-01 00:00:00,Oct,Q4,Activewear,Lifestyle,North,Premium,39,1465.536949482564,880.762808343073,584.7741411394911,0.33381770411742745,Paid Social
2024-10-01 00:00:00,Oct,Q4,Activewear,Lifestyle,North,Premium,29,1136.7012207236264,653.9373427190233,482.76387800460316,0.29598235219305247,Paid Search
2024-10-01 00:00:00,Oct,Q4,Activewear,Lifestyle,South,Value Seekers,56,2583.051647314649,1483.1298331446374,1099.9218141700117,0.2598994055840245,Organic Search
2024-10-01 00:00:00,Oct,Q4,Activewear,Lifestyle,South,Value Seekers,57,2565.307585012885,1552.3054643378382,1013.0021206750466,0.26845481289701517,Email
2024-10-01 00:00:00,Oct,Q4,Activewear,Lifestyle,South,Value Seekers,49,1732.0755709489777,1050.5585589918135,681.5170119571642,0.3676296227555898,Paid Social
2024-10-01 00:00:00,Oct,Q4,Activewear,Lifestyle,South,Value Seekers,48,1844.8018747199892,1107.1883866614146,737.6134880585746,0.2984191106683136,Paid Search
2024-10-01 00:00:00,Oct,Q4,Activewear,Lifestyle,South,Mainstream,43,2000.4013827371375,1209.8562193086216,790.5451634285159,0.2008186863433089,Organic Search
2024-10-01 00:00:00,Oct,Q4,Activewear,Lifestyle,South,Mainstream,53,2593.799031541689,1567.931459922536,1025.867571619153,0.19263306772580996,Email
2024-10-01 00:00:00,Oct,Q4,Activewear,Lifestyle,South,Mainstream,42,1628.261906202234,954.8943799135976,673.3675262886364,0.329117202374651,Paid Social
2024-10-01 00:00:00,Oct,Q4,Activewear,Lifestyle,South,Mainstream,54,2154.075691732613,1310.7657020366087,843.3099896960043,0.27686775321729734,Paid Search
2024-10-01 00:00:00,Oct,Q4,Activewear,Lifestyle,South,Premium,47,2093.65421903162,1269.1198787336762,824.5343402979438,0.25064119841567695,Organic Search
2024-10-01 00:00:00,Oct,Q4,Activewear,Lifestyle,South,Premium,48,2169.1921539209084,1339.7405161306583,829.4516377902501,0.2604016209109046,Email
2024-10-01 00:00:00,Oct,Q4,Activewear,Lifestyle,South,Premium,24,993.8113701710181,589.8121243896796,403.99924578133846,0.27159564408686226,Paid Social
2024-10-01 00:00:00,Oct,Q4,Activewear,Lifestyle,South,Premium,29,1240.3627110145908,724.3661403215335,515.9965706930573,0.2764099596415713,Paid Search
2024-10-01 00:00:00,Oct,Q4,Activewear,Lifestyle,East,Value Seekers,74,3146.810674137888,1909.6168970194096,1237.1937771184782,0.23160254430121163,Organic Search
2024-10-01 00:00:00,Oct,Q4,Activewear,Lifestyle,East,Value Seekers,75,3366.5593851328863,2082.9146063393473,1283.644778793539,0.25237642694976303,Email
2024-10-01 00:00:00,Oct,Q4,Activewear,Lifestyle,East,Value Seekers,55,2157.610154012726,1303.8449371949225,853.7652168178035,0.33016759209870733,Paid Social
2024-10-01 00:00:00,Oct,Q4,Activewear,Lifestyle,East,Value Seekers,62,2435.721599083533,1460.6928594723533,975.0287396111796,0.2678117706485198,Paid Search
2024-10-01 00:00:00,Oct,Q4,Activewear,Lifestyle,East,Mainstream,53,2524.8259077715984,1434.3954401968845,1090.430467574714,0.19620643385621162,Organic Search
2024-10-01 00:00:00,Oct,Q4,Activewear,Lifestyle,East,Mainstream,50,2295.583813553174,1422.0291780749858,873.5546354781882,0.214914999179023,Email
2024-10-01 00:00:00,Oct,Q4,Activewear,Lifestyle,East,Mainstream,46,1740.605607658092,1003.1640922275728,737.4415154305191,0.32371385749135606,Paid Social
2024-10-01 00:00:00,Oct,Q4,Activewear,Lifestyle,East,Mainstream,54,2264.036630657832,1334.5477888406772,929.4888418171549,0.2696662425809887,Paid Search
2024-10-01 00:00:00,Oct,Q4,Activewear,Lifestyle,East,Premium,42,1949.3773886495464,1108.3643514325595,841.013037216987,0.23995922526017155,Organic Search
2024-10-01 00:00:00,Oct,Q4,Activewear,Lifestyle,East,Premium,41,1835.4959102422947,1147.7961794152384,687.6997308270563,0.259916313373487,Email
2024-10-01 00:00:00,Oct,Q4,Activewear,Lifestyle,East,Premium,27,1178.0777605905278,736.9441948143527,441.13356577617503,0.274790920961258,Paid Social
2024-10-01 00:00:00,Oct,Q4,Activewear,Lifestyle,East,Premium,45,1934.1532777814373,1144.3185412296384,789.8347365517989,0.2687881192252771,Paid Search
2024-10-01 00:00:00,Oct,Q4,Activewear,Lifestyle,West,Value Seekers,63,2739.729812122954,1610.0867693857467,1129.6430427372075,0.25383387157305903,Organic Search
2024-10-01 00:00:00,Oct,Q4,Activewear,Lifestyle,West,Value Seekers,54,2282.137816564935,1386.9953390077874,895.1424775571475,0.26529759165425565,Email
2024-10-01 00:00:00,Oct,Q4,Activewear,Lifestyle,West,Value Seekers,63,2485.9863441166085,1494.606083740503,991.3802603761055,0.32780198884460615,Paid Social
2024-10-01 00:00:00,Oct,Q4,Activewear,Lifestyle,West,Value Seekers,62,2345.202267791561,1439.174073267799,906.0281945237621,0.3071504038849261,Paid Search
2024-10-01 00:00:00,Oct,Q4,Activewear,Lifestyle,West,Mainstream,56,2481.527448940329,1525.9996343737541,955.527814566575,0.20784668563735842,Organic Search
2024-10-01 00:00:00,Oct,Q4,Activewear,Lifestyle,West,Mainstream,61,2815.364454992536,1701.5021295013391,1113.862325491197,0.2171065631809148,Email
2024-10-01 00:00:00,Oct,Q4,Activewear,Lifestyle,West,Mainstream,61,2342.4536774746193,1347.6195274087245,994.8341500658948,0.2899621716774274,Paid Social
2024-10-01 00:00:00,Oct,Q4,Activewear,Lifestyle,West,Mainstream,60,2335.6151076846722,1432.4980673868972,903.117040297775,0.2908797018732767,Paid Search
2024-10-01 00:00:00,Oct,Q4,Activewear,Lifestyle,West,Premium,48,2217.8167682681305,1346.1243013560245,871.692466912106,0.22264077628132783,Organic Search
2024-10-01 00:00:00,Oct,Q4,Activewear,Lifestyle,West,Premium,35,1591.9273777051167,939.4243551077402,652.5030225973765,0.2606663466270605,Email
2024-10-01 00:00:00,Oct,Q4,Activewear,Lifestyle,West,Premium,35,1458.4889372557313,887.7946006305262,570.6943366252051,0.29048010365410915,Paid Social
2024-10-01 00:00:00,Oct,Q4,Activewear,Lifestyle,West,Premium,31,1229.0166034710637,697.7129190940514,531.3036843770124,0.2905655929391794,Paid Search
2024-10-01 00:00:00,Oct,Q4,Premium Audio,Electronics,North,Value Seekers,33,3124.014768368726,1640.40136540912,1483.613402959606,0.2226486459020117,Organic Search
2024-10-01 00:00:00,Oct,Q4,Premium Audio,Electronics,North,Value Seekers,20,1802.4580034515484,958.9614400606123,843.4965633909361,0.23521659957994073,Email
2024-10-01 00:00:00,Oct,Q4,Premium Audio,Electronics,North,Value Seekers,32,2450.5913072545823,1272.6376238794614,1177.9536833751208,0.32181716818205164,Paid Social
2024-10-01 00:00:00,Oct,Q4,Premium Audio,Electronics,North,Value Seekers,31,2346.789687557962,1256.0684586316934,1090.7212289262689,0.32918626044691657,Paid Search
2024-10-01 00:00:00,Oct,Q4,Premium Audio,Electronics,North,Mainstream,34,3385.8857004203055,1789.4641490512436,1596.421551369062,0.20906137605190023,Organic Search
2024-10-01 00:00:00,Oct,Q4,Premium Audio,Electronics,North,Mainstream,28,2466.454637303822,1202.7783323707251,1263.6763049330968,0.20407887259633467,Email
2024-10-01 00:00:00,Oct,Q4,Premium Audio,Electronics,North,Mainstream,26,2118.929544518563,1122.008340421903,996.92120409666,0.3036002926667357,Paid Social
2024-10-01 00:00:00,Oct,Q4,Premium Audio,Electronics,North,Mainstream,28,2360.5315836353457,1253.117215535237,1107.4143681001087,0.23573359570840774,Paid Search
2024-10-01 00:00:00,Oct,Q4,Premium Audio,Electronics,North,Premium,20,1981.0833171842994,1039.0830666778982,942.0002505064012,0.19682885415245935,Organic Search
2024-10-01 00:00:00,Oct,Q4,Premium Audio,Electronics,North,Premium,27,2503.0404552188365,1288.3664162264722,1214.6740389923643,0.21268637609527652,Email
2024-10-01 00:00:00,Oct,Q4,Premium Audio,Electronics,North,Premium,17,1305.0803448313266,673.3791962002703,631.7011486310563,0.33113383280139164,Paid Social
2024-10-01 00:00:00,Oct,Q4,Premium Audio,Electronics,North,Premium,19,1645.8807909118057,886.8883700263708,758.9924208854349,0.261069103777794,Paid Search
2024-10-01 00:00:00,Oct,Q4,Premium Audio,Electronics,South,Value Seekers,19,1726.613801769478,893.5166284941158,833.0971732753621,0.22207891952221095,Organic Search
2024-10-01 00:00:00,Oct,Q4,Premium Audio,Electronics,South,Value Seekers,27,2366.175829017248,1235.0354703625674,1131.1403586546805,0.23973177775056337,Email
2024-10-01 00:00:00,Oct,Q4,Premium Audio,Electronics,South,Value Seekers,16,1267.1625947656755,663.4810084966023,603.6815862690733,0.32132030506235665,Paid Social
2024-10-01 00:00:00,Oct,Q4,Premium Audio,Electronics,South,Value Seekers,23,1753.371404364912,965.7277419406212,787.6436624242908,0.3156757166479805,Paid Search
2024-10-01 00:00:00,Oct,Q4,Premium Audio,Electronics,South,Mainstream,31,2578.1253997569615,1283.43495324234,1294.6904465146215,0.22300705154501735,Organic Search
2024-10-01 00:00:00,Oct,Q4,Premium Audio,Electronics,South,Mainstream,21,1947.1724251381543,1047.6365485231868,899.5358766149675,0.2480455057807014,Email
2024-10-01 00:00:00,Oct,Q4,Premium Audio,Electronics,South,Mainstream,24,1947.9429934776851,1005.640146227295,942.3028472503902,0.2802147331405605,Paid Social
2024-10-01 00:00:00,Oct,Q4,Premium Audio,Electronics,South,Mainstream,27,2255.4234331556304,1211.9505365751713,1043.472896580459,0.23261318558432603,Paid Search
2024-10-01 00:00:00,Oct,Q4,Premium Audio,Electronics,South,Premium,11,988.2370313530907,538.4824488004176,449.7545825526731,0.22035288668229389,Organic Search
2024-10-01 00:00:00,Oct,Q4,Premium Audio,Electronics,South,Premium,18,1710.851085725662,881.404530426935,829.4465552987269,0.2431762922315653,Email
2024-10-01 00:00:00,Oct,Q4,Premium Audio,Electronics,South,Premium,16,1366.346252556674,721.2389373063102,645.1073152503639,0.2939238984338814,Paid Social
2024-10-01 00:00:00,Oct,Q4,Premium Audio,Electronics,South,Premium,11,943.9828077286886,492.8691844706442,451.1136232580444,0.25453365546743356,Paid Search
2024-10-01 00:00:00,Oct,Q4,Premium Audio,Electronics,East,Value Seekers,37,3357.5803240549358,1750.6722845911409,1606.908039463795,0.22958916726998105,Organic Search
2024-10-01 00:00:00,Oct,Q4,Premium Audio,Electronics,East,Value Seekers,27,2563.6579998659017,1336.655982396147,1227.0020174697547,0.20366626219826545,Email
2024-10-01 00:00:00,Oct,Q4,Premium Audio,Electronics,East,Value Seekers,21,1611.3900269568314,846.9928843924249,764.3971425644065,0.3199729860686252,Paid Social
2024-10-01 00:00:00,Oct,Q4,Premium Audio,Electronics,East,Value Seekers,29,2381.254302735259,1234.7871335815967,1146.4671691536623,0.274625939669283,Paid Search
2024-10-01 00:00:00,Oct,Q4,Premium Audio,Electronics,East,Mainstream,32,3062.007719607913,1645.1415432706924,1416.8661763372204,0.1983530538805063,Organic Search
2024-10-01 00:00:00,Oct,Q4,Premium Audio,Electronics,East,Mainstream,22,1969.0685749502875,1005.1609232047459,963.9076517455416,0.2615815355582788,Email
2024-10-01 00:00:00,Oct,Q4,Premium Audio,Electronics,East,Mainstream,26,2125.8516862108336,1066.9684345073613,1058.8832517034723,0.29631377730548697,Paid Social
2024-10-01 00:00:00,Oct,Q4,Premium Audio,Electronics,East,Mainstream,23,1955.330297752348,1034.9026216909276,920.4276760614205,0.2572232228430105,Paid Search
2024-10-01 00:00:00,Oct,Q4,Premium Audio,Electronics,East,Premium,21,1955.7646239417747,1064.3780348817209,891.3865890600539,0.21018757436204222,Organic Search
2024-10-01 00:00:00,Oct,Q4,Premium Audio,Electronics,East,Premium,17,1626.2651697949668,872.7035313535073,753.5616384414595,0.25279499866026867,Email
2024-10-01 00:00:00,Oct,Q4,Premium Audio,Electronics,East,Premium,17,1362.2785169653196,670.9573041922139,691.3212127731057,0.283950475661363,Paid Social
2024-10-01 00:00:00,Oct,Q4,Premium Audio,Electronics,East,Premium,20,1744.8838202191773,894.8188202837033,850.064999935474,0.22973554679095265,Paid Search
2024-10-01 00:00:00,Oct,Q4,Premium Audio,Electronics,West,Value Seekers,25,2132.338769802013,1155.1996363667415,977.1391334352713,0.2760141279526529,Organic Search
2024-10-01 00:00:00,Oct,Q4,Premium Audio,Electronics,West,Value Seekers,34,3076.6703881269436,1697.9783848153163,1378.6920033116273,0.24499831485990445,Email
2024-10-01 00:00:00,Oct,Q4,Premium Audio,Electronics,West,Value Seekers,21,1828.9494180238005,989.8797185135307,839.0696995102697,0.27626684292925846,Paid Social
2024-10-01 00:00:00,Oct,Q4,Premium Audio,Electronics,West,Value Seekers,32,2589.3016840880628,1277.351846847029,1311.9498372410337,0.2933590517671932,Paid Search
2024-10-01 00:00:00,Oct,Q4,Premium Audio,Electronics,West,Mainstream,25,2263.538447763092,1230.4657730798272,1033.0726746832647,0.2125551127355114,Organic Search
2024-10-01 00:00:00,Oct,Q4,Premium Audio,Electronics,West,Mainstream,21,1970.9178704165395,1034.9845233637584,935.9333470527811,0.19816002497410545,Email
2024-10-01 00:00:00,Oct,Q4,Premium Audio,Electronics,West,Mainstream,23,1870.3803053392119,995.1563138674989,875.223991471713,0.3185225081467055,Paid Social
2024-10-01 00:00:00,Oct,Q4,Premium Audio,Electronics,West,Mainstream,27,2285.2410783783803,1222.5667661367688,1062.6743122416115,0.25758470691404295,Paid Search
2024-10-01 00:00:00,Oct,Q4,Premium Audio,Electronics,West,Premium,20,1798.3519406731555,958.8001997948252,839.5517408783303,0.2334332268108521,Organic Search
2024-10-01 00:00:00,Oct,Q4,Premium Audio,Electronics,West,Premium,23,1977.477289195236,1060.1373250208553,917.3399641743806,0.22401565143878158,Email
2024-10-01 00:00:00,Oct,Q4,Premium Audio,Electronics,West,Premium,12,936.2728473981452,478.0775141888474,458.19533320929787,0.29921611781559937,Paid Social
2024-10-01 00:00:00,Oct,Q4,Premium Audio,Electronics,West,Premium,16,1276.416442329752,687.9429096856541,588.473532644098,0.2867739149810184,Paid Search
2024-10-01 00:00:00,Oct,Q4,Pro Camera,Electronics,North,Value Seekers,18,2513.3846824358566,1249.4675159056235,1263.917166530233,0.2221029748787655,Organic Search
2024-10-01 00:00:00,Oct,Q4,Pro Camera,Electronics,North,Value Seekers,13,1740.7112112152683,853.3241876030274,887.3870236122409,0.2492121235204882,Email
2024-10-01 00:00:00,Oct,Q4,Pro Camera,Electronics,North,Value Seekers,16,1896.0927618944554,992.7425243628446,903.3502375316108,0.3138878432350508,Paid Social
2024-10-01 00:00:00,Oct,Q4,Pro Camera,Electronics,North,Value Seekers,20,2305.7939121846034,1152.182892549962,1153.6110196346415,0.3166291410985595,Paid Search
2024-10-01 00:00:00,Oct,Q4,Pro Camera,Electronics,North,Mainstream,18,2661.57359967455,1298.5069509004047,1363.0666487741455,0.1847946574604589,Organic Search
2024-10-01 00:00:00,Oct,Q4,Pro Camera,Electronics,North,Mainstream,12,1650.4895411296548,767.0581116353657,883.4314294942891,0.23534855752697448,Email
2024-10-01 00:00:00,Oct,Q4,Pro Camera,Electronics,North,Mainstream,12,1435.1772046197207,772.4400215187093,662.7371831010114,0.30513797682209287,Paid Social
2024-10-01 00:00:00,Oct,Q4,Pro Camera,Electronics,North,Mainstream,22,2814.9194494076355,1392.0332330904475,1422.886216317188,0.2769778282071807,Paid Search
2024-10-01 00:00:00,Oct,Q4,Pro Camera,Electronics,North,Premium,12,1842.080565572837,1008.6658950452073,833.4146705276297,0.16335285630053545,Organic Search
2024-10-01 00:00:00,Oct,Q4,Pro Camera,Electronics,North,Premium,9,1207.5017980317273,617.1626944035328,590.3391036281945,0.2344172633557544,Email
2024-10-01 00:00:00,Oct,Q4,Pro Camera,Electronics,North,Premium,10,1233.4376575934389,608.1302105564029,625.307447037036,0.3141967590584386,Paid Social
2024-10-01 00:00:00,Oct,Q4,Pro Camera,Electronics,North,Premium,5,629.59884899974,297.67392614550147,331.9249228542385,0.28306745171862147,Paid Search
2024-10-01 00:00:00,Oct,Q4,Pro Camera,Electronics,South,Value Seekers,27,3507.7907859898273,1833.317489284349,1674.4732967054783,0.22778987314404617,Organic Search
2024-10-01 00:00:00,Oct,Q4,Pro Camera,Electronics,South,Value Seekers,18,2455.668349042187,1310.461944390893,1145.206404651294,0.22266568284132227,Email
2024-10-01 00:00:00,Oct,Q4,Pro Camera,Electronics,South,Value Seekers,20,2536.6506218595414,1222.8946223831783,1313.755999476363,0.2926842876392999,Paid Social
2024-10-01 00:00:00,Oct,Q4,Pro Camera,Electronics,South,Value Seekers,12,1548.2745119689532,846.5411026524263,701.733409316527,0.2651713478988306,Paid Search
2024-10-01 00:00:00,Oct,Q4,Pro Camera,Electronics,South,Mainstream,15,1981.874698421053,905.9681933238255,1075.9065050972274,0.23398548966832566,Organic Search
2024-10-01 00:00:00,Oct,Q4,Pro Camera,Electronics,South,Mainstream,13,1808.5595075433278,921.971621561583,886.5878859817448,0.23076463240506878,Email
2024-10-01 00:00:00,Oct,Q4,Pro Camera,Electronics,South,Mainstream,9,1021.4111705483124,509.4719181151896,511.93925243312276,0.32983671071368026,Paid Social
2024-10-01 00:00:00,Oct,Q4,Pro Camera,Electronics,South,Mainstream,21,2598.1934466009848,1257.0143490491548,1341.17909755183,0.2962388222362571,Paid Search
2024-10-01 00:00:00,Oct,Q4,Pro Camera,Electronics,South,Premium,19,2656.7868994390064,1413.601310205716,1243.1855892332906,0.19098370427459155,Organic Search
2024-10-01 00:00:00,Oct,Q4,Pro Camera,Electronics,South,Premium,7,986.2949440541855,468.5181620409218,517.7767820132638,0.23468824400757327,Email
2024-10-01 00:00:00,Oct,Q4,Pro Camera,Electronics,South,Premium,9,1170.361490958168,618.4691204007047,551.8923705574632,0.26392525678093864,Paid Social
2024-10-01 00:00:00,Oct,Q4,Pro Camera,Electronics,South,Premium,6,764.4105064481525,370.24468360521263,394.1658228429399,0.26820051405506573,Paid Search
2024-10-01 00:00:00,Oct,Q4,Pro Camera,Electronics,East,Value Seekers,17,2247.383017660363,1040.5303373367776,1206.8526803235852,0.2890220542953242,Organic Search
2024-10-01 00:00:00,Oct,Q4,Pro Camera,Electronics,East,Value Seekers,27,3658.6856795977346,1836.8576313529325,1821.8280482448022,0.24439584176272677,Email
2024-10-01 00:00:00,Oct,Q4,Pro Camera,Electronics,East,Value Seekers,16,1862.0399562581702,892.3239199865112,969.7160362716589,0.3169720150469339,Paid Social
2024-10-01 00:00:00,Oct,Q4,Pro Camera,Electronics,East,Value Seekers,18,2190.9196628916357,1075.8860454341775,1115.0336174574581,0.322970116167559,Paid Search
2024-10-01 00:00:00,Oct,Q4,Pro Camera,Electronics,East,Mainstream,22,3137.790954358761,1525.2214865810427,1612.5694677777185,0.1923787122318986,Organic Search
2024-10-01 00:00:00,Oct,Q4,Pro Camera,Electronics,East,Mainstream,14,1937.031713086328,987.3832224488133,949.6484906375147,0.2591331399805821,Email
2024-10-01 00:00:00,Oct,Q4,Pro Camera,Electronics,East,Mainstream,15,1913.0789282402893,971.04111557395,942.0378126663393,0.29889349699303563,Paid Social
2024-10-01 00:00:00,Oct,Q4,Pro Camera,Electronics,East,Mainstream,13,1433.595363182694,704.0800898969508,729.5152732857432,0.3361224603537182,Paid Search
2024-10-01 00:00:00,Oct,Q4,Pro Camera,Electronics,East,Premium,12,1674.4489608949807,816.7030012599946,857.7459596349861,0.23554313171900185,Organic Search
2024-10-01 00:00:00,Oct,Q4,Pro Camera,Electronics,East,Premium,5,682.0688198558786,365.35172824729125,316.71709160858734,0.2321906288792491,Email
2024-10-01 00:00:00,Oct,Q4,Pro Camera,Electronics,East,Premium,4,455.63876569005015,213.30683689673322,242.33192879331693,0.30099976618660274,Paid Social
2024-10-01 00:00:00,Oct,Q4,Pro Camera,Electronics,East,Premium,14,1719.0950852447056,830.1543360270744,888.9407492176313,0.2561784875798537,Paid Search
2024-10-01 00:00:00,Oct,Q4,Pro Camera,Electronics,West,Value Seekers,12,1699.4155131421717,818.0602207903103,881.3552923518614,0.23218450781382405,Organic Search
2024-10-01 00:00:00,Oct,Q4,Pro Camera,Electronics,West,Value Seekers,12,1597.952861665367,804.1218190862887,793.8310425790783,0.25818958680443743,Email
2024-10-01 00:00:00,Oct,Q4,Pro Camera,Electronics,West,Value Seekers,21,2504.0196111596506,1213.902821066996,1290.1167900926546,0.35534357511907116,Paid Social
2024-10-01 00:00:00,Oct,Q4,Pro Camera,Electronics,West,Value Seekers,25,3133.816235417839,1520.6262091911071,1613.1900262267318,0.28430134796390016,Paid Search
2024-10-01 00:00:00,Oct,Q4,Pro Camera,Electronics,West,Mainstream,17,2472.9916967706886,1231.2458135588495,1241.745883211839,0.21138108776439773,Organic Search
2024-10-01 00:00:00,Oct,Q4,Pro Camera,Electronics,West,Mainstream,17,2263.91566052777,1188.0489427374712,1075.8667177902987,0.23763111620135335,Email
2024-10-01 00:00:00,Oct,Q4,Pro Camera,Electronics,West,Mainstream,11,1205.8805836171543,593.872002559174,612.0085810579803,0.34295504078546696,Paid Social
2024-10-01 00:00:00,Oct,Q4,Pro Camera,Electronics,West,Mainstream,14,1537.7919318896181,751.0619769832505,786.7299549063677,0.3144302451787218,Paid Search
2024-10-01 00:00:00,Oct,Q4,Pro Camera,Electronics,West,Premium,11,1684.6223770479346,859.5070257970006,825.115351250934,0.1889392373642219,Organic Search
2024-10-01 00:00:00,Oct,Q4,Pro Camera,Electronics,West,Premium,21,2962.5998175798486,1412.2399644289949,1550.3598531508537,0.23367529377165394,Email
2024-10-01 00:00:00,Oct,Q4,Pro Camera,Electronics,West,Premium,8,990.0783909623467,453.04664873219184,537.0317422301548,0.29277768964164885,Paid Social
2024-10-01 00:00:00,Oct,Q4,Pro Camera,Electronics,West,Premium,6,771.5833356177164,370.9991180790326,400.58421753868384,0.27225369438273755,Paid Search
2024-10-01 00:00:00,Oct,Q4,Luxury Set,Lifestyle,North,Value Seekers,18,1999.6663297144232,924.9211592041446,1074.7451705102785,0.24692680222113325,Organic Search
2024-10-01 00:00:00,Oct,Q4,Luxury Set,Lifestyle,North,Value Seekers,18,1970.1315295779946,931.8203073562208,1038.3112222217737,0.2579152721213073,Email
2024-10-01 00:00:00,Oct,Q4,Luxury Set,Lifestyle,North,Value Seekers,13,1275.142488491236,607.6498731360967,667.4926153551393,0.3058533192006297,Paid Social
2024-10-01 00:00:00,Oct,Q4,Luxury Set,Lifestyle,North,Value Seekers,13,1263.545245139104,594.8880058216553,668.6572393174488,0.29729746644841165,Paid Search
2024-10-01 00:00:00,Oct,Q4,Luxury Set,Lifestyle,North,Mainstream,12,1427.2542620386373,647.0794170841558,780.1748449544815,0.18888446337247403,Organic Search
2024-10-01 00:00:00,Oct,Q4,Luxury Set,Lifestyle,North,Mainstream,13,1580.842994167318,715.1402424171766,865.7027517501414,0.19624454757719784,Email
2024-10-01 00:00:00,Oct,Q4,Luxury Set,Lifestyle,North,Mainstream,20,2145.079090341297,1005.6435506260327,1139.4355397152644,0.2723691482905106,Paid Social
2024-10-01 00:00:00,Oct,Q4,Luxury Set,Lifestyle,North,Mainstream,15,1553.4461948379574,790.1817419799785,763.2644528579789,0.2931119127412684,Paid Search
2024-10-01 00:00:00,Oct,Q4,Luxury Set,Lifestyle,North,Premium,7,883.9609209918702,379.0496632422416,504.91125774962865,0.17262554403093394,Organic Search
2024-10-01 00:00:00,Oct,Q4,Luxury Set,Lifestyle,North,Premium,11,1315.8253540355397,588.506789023265,727.3185650122747,0.20877346759684395,Email
2024-10-01 00:00:00,Oct,Q4,Luxury Set,Lifestyle,North,Premium,6,597.9370255099598,272.3912671316112,325.5457583783486,0.28344404803335943,Paid Social
2024-10-01 00:00:00,Oct,Q4,Luxury Set,Lifestyle,North,Premium,10,1038.572569292952,493.56349442364865,545.0090748693034,0.29429021777017794,Paid Search
2024-10-01 00:00:00,Oct,Q4,Luxury Set,Lifestyle,South,Value Seekers,8,929.8204970146747,428.29691128542555,501.5235857292492,0.2335620168265022,Organic Search
2024-10-01 00:00:00,Oct,Q4,Luxury Set,Lifestyle,South,Value Seekers,8,867.5058642607122,403.76610932459295,463.73975493611925,0.2448854547182394,Email
2024-10-01 00:00:00,Oct,Q4,Luxury Set,Lifestyle,South,Value Seekers,7,593.6541554930535,274.60987397310834,319.0442815199452,0.3850235581801795,Paid Social
2024-10-01 00:00:00,Oct,Q4,Luxury Set,Lifestyle,South,Value Seekers,5,490.4002462491256,227.24415688985553,263.15608935927,0.30152919756543745,Paid Search
2024-10-01 00:00:00,Oct,Q4,Luxury Set,Lifestyle,South,Mainstream,13,1555.0598313890857,764.246784472807,790.8130469162787,0.20944403615412266,Organic Search
2024-10-01 00:00:00,Oct,Q4,Luxury Set,Lifestyle,South,Mainstream,12,1410.657211848192,664.283371848071,746.3738400001209,0.22296928140069747,Email
2024-10-01 00:00:00,Oct,Q4,Luxury Set,Lifestyle,South,Mainstream,7,640.7962295293536,312.19054177693545,328.60568775241813,0.35091455891680207,Paid Social
2024-10-01 00:00:00,Oct,Q4,Luxury Set,Lifestyle,South,Mainstream,15,1488.716621602624,674.7231176168966,813.9935039857273,0.2682834872630051,Paid Search
2024-10-01 00:00:00,Oct,Q4,Luxury Set,Lifestyle,South,Premium,10,1063.041282149348,505.41661900982683,557.6246631395212,0.24844424884717783,Organic Search
2024-10-01 00:00:00,Oct,Q4,Luxury Set,Lifestyle,South,Premium,7,794.2322168948035,380.9541931483682,413.27802374643534,0.22740249669074628,Email
2024-10-01 00:00:00,Oct,Q4,Luxury Set,Lifestyle,South,Premium,5,483.60902829233004,225.8940547736988,257.71497351863127,0.290181214051162,Paid Social
2024-10-01 00:00:00,Oct,Q4,Luxury Set,Lifestyle,South,Premium,6,627.7199579468331,274.6904447453763,353.02951320145684,0.29877479054445016,Paid Search
2024-10-01 00:00:00,Oct,Q4,Luxury Set,Lifestyle,East,Value Seekers,13,1544.6332399483895,695.6336324349646,848.9996075134248,0.16319481538821629,Organic Search
2024-10-01 00:00:00,Oct,Q4,Luxury Set,Lifestyle,East,Value Seekers,9,992.4152271309661,432.57157571755096,559.843651413415,0.27370514987058375,Email
2024-10-01 00:00:00,Oct,Q4,Luxury Set,Lifestyle,East,Value Seekers,11,1071.7363740841197,509.4196712973733,562.3167027867464,0.28380733079804116,Paid Social
2024-10-01 00:00:00,Oct,Q4,Luxury Set,Lifestyle,East,Value Seekers,15,1518.7714092699214,648.0375501885852,870.7338590813362,0.32189934594781455,Paid Search
2024-10-01 00:00:00,Oct,Q4,Luxury Set,Lifestyle,East,Mainstream,10,1128.1138234241307,509.3956946626657,618.7181287614651,0.22126029899823668,Organic Search
2024-10-01 00:00:00,Oct,Q4,Luxury Set,Lifestyle,East,Mainstream,10,1140.5845189720817,540.3863025646094,600.1982164074723,0.24401036580521765,Email
2024-10-01 00:00:00,Oct,Q4,Luxury Set,Lifestyle,East,Mainstream,5,499.1534809699629,232.8728094723438,266.2806714976191,0.31859574086455317,Paid Social
2024-10-01 00:00:00,Oct,Q4,Luxury Set,Lifestyle,East,Mainstream,15,1683.3828771632866,772.8786875968943,910.5041895663923,0.2505669739682557,Paid Search
2024-10-01 00:00:00,Oct,Q4,Luxury Set,Lifestyle,East,Premium,3,350.5806109708394,164.7546829637215,185.8259280071179,0.20375817580479347,Organic Search
2024-10-01 00:00:00,Oct,Q4,Luxury Set,Lifestyle,East,Premium,9,1044.1582614831634,470.6363654113706,573.5218960717928,0.2154733174984994,Email
2024-10-01 00:00:00,Oct,Q4,Luxury Set,Lifestyle,East,Premium,11,1144.4586883174022,564.3307626650414,580.1279256523608,0.2522604308200775,Paid Social
2024-10-01 00:00:00,Oct,Q4,Luxury Set,Lifestyle,East,Premium,8,829.4353740777692,381.2626532857565,448.1727207920127,0.3007841063618998,Paid Search
2024-10-01 00:00:00,Oct,Q4,Luxury Set,Lifestyle,West,Value Seekers,6,723.3265143240543,315.6143310311927,407.7121832928616,0.1989769628795712,Organic Search
2024-10-01 00:00:00,Oct,Q4,Luxury Set,Lifestyle,West,Value Seekers,7,767.2158378053776,372.8132972137996,394.40254059157803,0.28605335656771985,Email
2024-10-01 00:00:00,Oct,Q4,Luxury Set,Lifestyle,West,Value Seekers,12,1083.123594407235,524.4238681559793,558.6997262512557,0.3763086198995357,Paid Social
2024-10-01 00:00:00,Oct,Q4,Luxury Set,Lifestyle,West,Value Seekers,12,1118.5080629088857,503.53865277541604,614.9694101334696,0.33272013061125416,Paid Search
2024-10-01 00:00:00,Oct,Q4,Luxury Set,Lifestyle,West,Mainstream,12,1479.3648789975077,718.8659866329832,760.4988923645245,0.20372630514146622,Organic Search
2024-10-01 00:00:00,Oct,Q4,Luxury Set,Lifestyle,West,Mainstream,12,1391.019085376414,633.9997613086078,757.0193240678062,0.20859978785134523,Email
2024-10-01 00:00:00,Oct,Q4,Luxury Set,Lifestyle,West,Mainstream,10,1004.9298804271203,473.5537557245443,531.376124702576,0.2951613562708103,Paid Social
2024-10-01 00:00:00,Oct,Q4,Luxury Set,Lifestyle,West,Mainstream,6,630.7523356502629,284.0251133708267,346.7272222794362,0.26058641776174557,Paid Search
2024-10-01 00:00:00,Oct,Q4,Luxury Set,Lifestyle,West,Premium,9,1005.2207728927325,440.9138287247659,564.3069441679665,0.21699419269320544,Organic Search
2024-10-01 00:00:00,Oct,Q4,Luxury Set,Lifestyle,West,Premium,9,992.6619017599824,428.0552424386241,564.6066593213583,0.2463574348368569,Email
2024-10-01 00:00:00,Oct,Q4,Luxury Set,Lifestyle,West,Premium,6,617.044430749089,291.0951984411842,325.94923230790477,0.26963530041529,Paid Social
2024-10-01 00:00:00,Oct,Q4,Luxury Set,Lifestyle,West,Premium,11,1134.9611144389305,494.12665300698427,640.8344614319462,0.268636203714658,Paid Search
2024-11-01 00:00:00,Nov,Q4,Eco Basics,Essentials,North,Value Seekers,256,3820.9849296464768,2308.4911490167883,1512.4937806296884,0.23573182385316882,Organic Search
2024-11-01 00:00:00,Nov,Q4,Eco Basics,Essentials,North,Value Seekers,241,3732.6082541381707,2496.4643453132935,1236.1439088248771,0.22234693916016243,Email
2024-11-01 00:00:00,Nov,Q4,Eco Basics,Essentials,North,Value Seekers,210,2683.2241986032304,1715.4027624444766,967.8214361587538,0.3075923130696919,Paid Social
2024-11-01 00:00:00,Nov,Q4,Eco Basics,Essentials,North,Value Seekers,215,3128.237393890399,2011.5782999789935,1116.6590939114053,0.3135217111302979,Paid Search
2024-11-01 00:00:00,Nov,Q4,Eco Basics,Essentials,North,Mainstream,222,3593.617241231705,2359.032452729218,1234.5847885024868,0.19596067109892618,Organic Search
2024-11-01 00:00:00,Nov,Q4,Eco Basics,Essentials,North,Mainstream,193,2841.0041103921453,1799.1107343334456,1041.8933760586997,0.22552315019181865,Email
2024-11-01 00:00:00,Nov,Q4,Eco Basics,Essentials,North,Mainstream,183,2327.625768073328,1547.2393518639487,780.3864162093791,0.3249648777360086,Paid Social
2024-11-01 00:00:00,Nov,Q4,Eco Basics,Essentials,North,Mainstream,193,2707.746772871447,1727.0288530245427,980.7179198469041,0.2799520761467508,Paid Search
2024-11-01 00:00:00,Nov,Q4,Eco Basics,Essentials,North,Premium,153,2392.1087716157094,1466.3323003019768,925.7764713137326,0.23052423609774406,Organic Search
2024-11-01 00:00:00,Nov,Q4,Eco Basics,Essentials,North,Premium,140,2053.8862555543355,1304.0622167785443,749.8240387757912,0.2476216069203601,Email
2024-11-01 00:00:00,Nov,Q4,Eco Basics,Essentials,North,Premium,121,1577.9071508000138,1029.2127729888919,548.694377811122,0.2899892199587401,Paid Social
2024-11-01 00:00:00,Nov,Q4,Eco Basics,Essentials,North,Premium,128,1710.5761785765762,1101.7295673160363,608.8466112605399,0.2850984672356639,Paid Search
2024-11-01 00:00:00,Nov,Q4,Eco Basics,Essentials,South,Value Seekers,182,2899.116829069099,1822.9698606313627,1076.1469684377362,0.2294846618519025,Organic Search
2024-11-01 00:00:00,Nov,Q4,Eco Basics,Essentials,South,Value Seekers,184,2709.3974379122083,1710.1091343948244,999.2883035173838,0.2782921457562681,Email
2024-11-01 00:00:00,Nov,Q4,Eco Basics,Essentials,South,Value Seekers,152,1781.5644983438578,1138.3047758586315,643.2597224852263,0.34925789314003797,Paid Social
2024-11-01 00:00:00,Nov,Q4,Eco Basics,Essentials,South,Value Seekers,159,2166.27273414224,1422.5239426226215,743.7487915196186,0.30328449587295914,Paid Search
2024-11-01 00:00:00,Nov,Q4,Eco Basics,Essentials,South,Mainstream,164,2772.996418507226,1841.2079708655176,931.7884476417082,0.1827223358475787,Organic Search
2024-11-01 00:00:00,Nov,Q4,Eco Basics,Essentials,South,Mainstream,166,2668.4114687367264,1737.3643884931093,931.0470802436171,0.21780662511067755,Email
2024-11-01 00:00:00,Nov,Q4,Eco Basics,Essentials,South,Mainstream,143,1976.1143474754265,1253.8811640903655,722.233183385061,0.2947303118855358,Paid Social
2024-11-01 00:00:00,Nov,Q4,Eco Basics,Essentials,South,Mainstream,173,2498.291217069534,1650.3653075710947,847.9259094984393,0.2654098859224121,Paid Search
2024-11-01 00:00:00,Nov,Q4,Eco Basics,Essentials,South,Premium,118,1691.2976282907618,1095.7655834050163,595.5320448857456,0.24654089220535197,Organic Search
2024-11-01 00:00:00,Nov,Q4,Eco Basics,Essentials,South,Premium,107,1623.0454922916658,1053.873905802199,569.1715864894668,0.23968057669795528,Email
2024-11-01 00:00:00,Nov,Q4,Eco Basics,Essentials,South,Premium,101,1471.4623710647468,997.6681346633568,473.79423640139,0.2689617656407796,Paid Social
2024-11-01 00:00:00,Nov,Q4,Eco Basics,Essentials,South,Premium,99,1425.5787567240425,947.5173381095905,478.061418614452,0.25910005778896095,Paid Search
2024-11-01 00:00:00,Nov,Q4,Eco Basics,Essentials,East,Value Seekers,227,3661.5444105369625,2417.1837064585184,1244.360704078444,0.2322842416099179,Organic Search
2024-11-01 00:00:00,Nov,Q4,Eco Basics,Essentials,East,Value Seekers,228,3445.6297664338463,2306.211803692123,1139.4179627417234,0.22279810818214082,Email
2024-11-01 00:00:00,Nov,Q4,Eco Basics,Essentials,East,Value Seekers,181,2153.666569973956,1427.60443097035,726.062139003606,0.3587925748249443,Paid Social
2024-11-01 00:00:00,Nov,Q4,Eco Basics,Essentials,East,Value Seekers,199,2898.332747130383,1895.5990611568711,1002.7336859735117,0.2849471520942849,Paid Search
2024-11-01 00:00:00,Nov,Q4,Eco Basics,Essentials,East,Mainstream,205,3390.345585834729,2206.7236643985,1183.6219214362286,0.18953292812096592,Organic Search
2024-11-01 00:00:00,Nov,Q4,Eco Basics,Essentials,East,Mainstream,193,3060.4973188141244,1947.3991949742608,1113.0981238398635,0.18568594144866535,Email
2024-11-01 00:00:00,Nov,Q4,Eco Basics,Essentials,East,Mainstream,145,1784.200444043369,1197.4621440520139,586.7382999913552,0.34472843491902955,Paid Social
2024-11-01 00:00:00,Nov,Q4,Eco Basics,Essentials,East,Mainstream,177,2473.090472070992,1583.0832622158966,890.0072098550952,0.2684184526700247,Paid Search
2024-11-01 00:00:00,Nov,Q4,Eco Basics,Essentials,East,Premium,148,2307.083395606674,1633.4206577608904,673.6627378457836,0.18414051544592672,Organic Search
2024-11-01 00:00:00,Nov,Q4,Eco Basics,Essentials,East,Premium,136,2233.2060283769297,1365.14657281522,868.0594555617097,0.20495995398283023,Email
2024-11-01 00:00:00,Nov,Q4,Eco Basics,Essentials,East,Premium,112,1565.1771722112665,1015.3818215452491,549.7953506660174,0.29626612697423776,Paid Social
2024-11-01 00:00:00,Nov,Q4,Eco Basics,Essentials,East,Premium,107,1514.24088775445,1027.89690656343,486.3439811910198,0.26720124089667535,Paid Search
2024-11-01 00:00:00,Nov,Q4,Eco Basics,Essentials,West,Value Seekers,253,3778.9386157206472,2512.370646108619,1266.5679696120283,0.24068879502773394,Organic Search
2024-11-01 00:00:00,Nov,Q4,Eco Basics,Essentials,West,Value Seekers,184,2684.521293860634,1655.9417708268397,1028.5795230337944,0.2695049032799886,Email
2024-11-01 00:00:00,Nov,Q4,Eco Basics,Essentials,West,Value Seekers,186,2436.1236930003033,1592.4089978543757,843.7146951459276,0.342235025746111,Paid Social
2024-11-01 00:00:00,Nov,Q4,Eco Basics,Essentials,West,Value Seekers,194,2590.6168123994294,1679.4250709498153,911.191741449614,0.281237835624086,Paid Search
2024-11-01 00:00:00,Nov,Q4,Eco Basics,Essentials,West,Mainstream,190,2743.84415794521,1785.6857266682414,958.1584312769687,0.2166193195747598,Organic Search
2024-11-01 00:00:00,Nov,Q4,Eco Basics,Essentials,West,Mainstream,194,2817.8916133496605,1801.9883116817955,1015.903301667865,0.2506040829212371,Email
2024-11-01 00:00:00,Nov,Q4,Eco Basics,Essentials,West,Mainstream,156,2054.5625693245843,1345.722446406681,708.8401229179033,0.3046122220900495,Paid Social
2024-11-01 00:00:00,Nov,Q4,Eco Basics,Essentials,West,Mainstream,156,2002.8176401163955,1296.9705652439552,705.8470748724403,0.3182402573541148,Paid Search
2024-11-01 00:00:00,Nov,Q4,Eco Basics,Essentials,West,Premium,148,2298.865375200053,1413.416051613611,885.4493235864422,0.21079593897713853,Organic Search
2024-11-01 00:00:00,Nov,Q4,Eco Basics,Essentials,West,Premium,138,2019.2506830272864,1294.6504206712327,724.6002623560537,0.2631011203540535,Email
2024-11-01 00:00:00,Nov,Q4,Eco Basics,Essentials,West,Premium,94,1100.5471641535923,701.9731988376179,398.5739653159744,0.33458324371370884,Paid Social
2024-11-01 00:00:00,Nov,Q4,Eco Basics,Essentials,West,Premium,117,1532.0943679565482,1000.3363267318301,531.7580412247181,0.2719482543786589,Paid Search
2024-11-01 00:00:00,Nov,Q4,Daily Care,Essentials,North,Value Seekers,230,4503.5928682336935,2885.9141492006197,1617.6787190330738,0.22150630344547978,Organic Search
2024-11-01 00:00:00,Nov,Q4,Daily Care,Essentials,North,Value Seekers,223,4444.185345419425,2864.3109688401096,1579.8743765793156,0.24891785987800977,Email
2024-11-01 00:00:00,Nov,Q4,Daily Care,Essentials,North,Value Seekers,210,3379.587573063837,2071.5528225942935,1308.0347504695437,0.3608921246590419,Paid Social
2024-11-01 00:00:00,Nov,Q4,Daily Care,Essentials,North,Value Seekers,189,3232.213467383742,1979.6876549123565,1252.5258124713857,0.3078493937621036,Paid Search
2024-11-01 00:00:00,Nov,Q4,Daily Care,Essentials,North,Mainstream,202,4166.832002119077,2630.1914066411546,1536.640595477922,0.22766972092984894,Organic Search
2024-11-01 00:00:00,Nov,Q4,Daily Care,Essentials,North,Mainstream,178,3397.976741794048,2243.3629492066457,1154.6137925874023,0.25401259637691975,Email
2024-11-01 00:00:00,Nov,Q4,Daily Care,Essentials,North,Mainstream,197,3687.190535541882,2392.656490382757,1294.534045159125,0.28546345892586106,Paid Social
2024-11-01 00:00:00,Nov,Q4,Daily Care,Essentials,North,Mainstream,200,3829.5224833720576,2527.1968053867786,1302.325677985279,0.23936300790929133,Paid Search
2024-11-01 00:00:00,Nov,Q4,Daily Care,Essentials,North,Premium,133,2933.194638553325,1808.2703484058163,1124.9242901475088,0.18876655379837065,Organic Search
2024-11-01 00:00:00,Nov,Q4,Daily Care,Essentials,North,Premium,137,2977.035580128229,1882.9598443884395,1094.0757357397895,0.18418544335755505,Email
2024-11-01 00:00:00,Nov,Q4,Daily Care,Essentials,North,Premium,121,2049.0321935209568,1256.9463388836537,792.0858546373031,0.29893792102827926,Paid Social
2024-11-01 00:00:00,Nov,Q4,Daily Care,Essentials,North,Premium,128,2476.8581483936605,1543.4376872736443,933.4204611200162,0.23567022719550595,Paid Search
2024-11-01 00:00:00,Nov,Q4,Daily Care,Essentials,South,Value Seekers,195,3772.268847376255,2400.234568064221,1372.034279312034,0.2774575177590575,Organic Search
2024-11-01 00:00:00,Nov,Q4,Daily Care,Essentials,South,Value Seekers,186,3904.095132051561,2405.463325930738,1498.631806120823,0.21088008047813317,Email
2024-11-01 00:00:00,Nov,Q4,Daily Care,Essentials,South,Value Seekers,154,2645.6450408253886,1577.7313929660002,1067.9136478593884,0.3097971788577765,Paid Social
2024-11-01 00:00:00,Nov,Q4,Daily Care,Essentials,South,Value Seekers,174,3192.088107012178,2087.8493206784865,1104.2387863336917,0.280795469216593,Paid Search
2024-11-01 00:00:00,Nov,Q4,Daily Care,Essentials,South,Mainstream,140,2997.1246708687763,1888.7116609074503,1108.413009961326,0.19814976855241923,Organic Search
2024-11-01 00:00:00,Nov,Q4,Daily Care,Essentials,South,Mainstream,143,2908.5654853745696,1816.5052639441544,1092.0602214304151,0.21393756612851816,Email
2024-11-01 00:00:00,Nov,Q4,Daily Care,Essentials,South,Mainstream,141,2645.6057873049504,1603.5182606028277,1042.0875267021227,0.3150100237322777,Paid Social
2024-11-01 00:00:00,Nov,Q4,Daily Care,Essentials,South,Mainstream,140,2700.7747761694445,1630.428370640893,1070.3464055285515,0.2878285931384422,Paid Search
2024-11-01 00:00:00,Nov,Q4,Daily Care,Essentials,South,Premium,98,1915.3657907568863,1260.5724497590268,654.7933409978596,0.19574890018957478,Organic Search
2024-11-01 00:00:00,Nov,Q4,Daily Care,Essentials,South,Premium,91,1776.6320419770918,1155.8550178830644,620.7770240940274,0.2631274014026205,Email
2024-11-01 00:00:00,Nov,Q4,Daily Care,Essentials,South,Premium,90,1484.2030334023357,937.9584635183508,546.2445698839849,0.33526450996933066,Paid Social
2024-11-01 00:00:00,Nov,Q4,Daily Care,Essentials,South,Premium,109,1989.635006431147,1282.215502760043,707.4195036711042,0.29564000823894937,Paid Search
2024-11-01 00:00:00,Nov,Q4,Daily Care,Essentials,East,Value Seekers,186,3939.2461909323347,2499.658547560547,1439.5876433717876,0.23342846965943967,Organic Search
2024-11-01 00:00:00,Nov,Q4,Daily Care,Essentials,East,Value Seekers,195,3742.770739454952,2417.2724709236722,1325.4982685312798,0.26498496027315543,Email
2024-11-01 00:00:00,Nov,Q4,Daily Care,Essentials,East,Value Seekers,161,2901.041721143434,1875.2467160668705,1025.7950050765637,0.3198274568100212,Paid Social
2024-11-01 00:00:00,Nov,Q4,Daily Care,Essentials,East,Value Seekers,161,3159.7479385732872,1919.3436779806573,1240.40426059263,0.24783998915924027,Paid Search
2024-11-01 00:00:00,Nov,Q4,Daily Care,Essentials,East,Mainstream,192,4100.740171942869,2584.4734748984088,1516.2666970444602,0.20625486385395406,Organic Search
2024-11-01 00:00:00,Nov,Q4,Daily Care,Essentials,East,Mainstream,141,2692.3497593308857,1697.2260919017845,995.1236674291013,0.23373409240378323,Email
2024-11-01 00:00:00,Nov,Q4,Daily Care,Essentials,East,Mainstream,146,2345.6234375619883,1439.2446930399337,906.3787445220546,0.3204655920872621,Paid Social
2024-11-01 00:00:00,Nov,Q4,Daily Care,Essentials,East,Mainstream,136,2531.8497301080115,1581.6241746291016,950.2255554789099,0.2721303286678602,Paid Search
2024-11-01 00:00:00,Nov,Q4,Daily Care,Essentials,East,Premium,135,2653.2208745257794,1665.9732460768626,987.2476284489169,0.23971725437656372,Organic Search
2024-11-01 00:00:00,Nov,Q4,Daily Care,Essentials,East,Premium,114,2452.6455367379954,1589.746735624795,862.8988011132003,0.22282364247205205,Email
2024-11-01 00:00:00,Nov,Q4,Daily Care,Essentials,East,Premium,83,1397.3955599712135,877.6241715431688,519.7713884280447,0.3194797430352727,Paid Social
2024-11-01 00:00:00,Nov,Q4,Daily Care,Essentials,East,Premium,92,1628.8483630718579,1014.1850793699335,614.6632837019243,0.2964710496092871,Paid Search
2024-11-01 00:00:00,Nov,Q4,Daily Care,Essentials,West,Value Seekers,197,4084.7062182495565,2566.8018356756743,1517.9043825738822,0.1960956984701258,Organic Search
2024-11-01 00:00:00,Nov,Q4,Daily Care,Essentials,West,Value Seekers,166,3620.6298515282724,2389.3984659551284,1231.231385573144,0.24064889689013344,Email
2024-11-01 00:00:00,Nov,Q4,Daily Care,Essentials,West,Value Seekers,159,2920.8337442195284,1870.1615525028615,1050.672191716667,0.26923558470435316,Paid Social
2024-11-01 00:00:00,Nov,Q4,Daily Care,Essentials,West,Value Seekers,161,2815.833710031239,1775.7338858570033,1040.099824174236,0.2959510302172495,Paid Search
2024-11-01 00:00:00,Nov,Q4,Daily Care,Essentials,West,Mainstream,161,3619.967004850193,2344.8410537144773,1275.1259511357157,0.19004282082035662,Organic Search
2024-11-01 00:00:00,Nov,Q4,Daily Care,Essentials,West,Mainstream,147,2952.2956449013113,1946.3540635477734,1005.9415813535379,0.2539002484407402,Email
2024-11-01 00:00:00,Nov,Q4,Daily Care,Essentials,West,Mainstream,150,2670.928937397028,1720.981339845862,949.9475975511662,0.30002469147897537,Paid Social
2024-11-01 00:00:00,Nov,Q4,Daily Care,Essentials,West,Mainstream,142,2961.7867433780266,1864.714416729221,1097.0723266488055,0.23897479509505198,Paid Search
2024-11-01 00:00:00,Nov,Q4,Daily Care,Essentials,West,Premium,127,2697.383101127006,1747.8180788720433,949.5650222549625,0.21855225615677462,Organic Search
2024-11-01 00:00:00,Nov,Q4,Daily Care,Essentials,West,Premium,101,2145.916320446949,1366.02303084451,779.8932896024392,0.23467868549295084,Email
2024-11-01 00:00:00,Nov,Q4,Daily Care,Essentials,West,Premium,98,1555.3324186011712,975.3630448817383,579.9693737194328,0.3548452740985493,Paid Social
2024-11-01 00:00:00,Nov,Q4,Daily Care,Essentials,West,Premium,109,1834.2469008224716,1145.8480489912336,688.3988518312381,0.2910535919802242,Paid Search
2024-11-01 00:00:00,Nov,Q4,Home Comfort,Home,North,Value Seekers,117,3970.1122784753406,2473.373308321934,1496.7389701534066,0.22959419306297968,Organic Search
2024-11-01 00:00:00,Nov,Q4,Home Comfort,Home,North,Value Seekers,109,3663.0160023706185,2285.49834466387,1377.5176577067487,0.268619732805851,Email
2024-11-01 00:00:00,Nov,Q4,Home Comfort,Home,North,Value Seekers,108,3267.4998392917337,1949.7787170359327,1317.721122255801,0.3488540695105365,Paid Social
2024-11-01 00:00:00,Nov,Q4,Home Comfort,Home,North,Value Seekers,110,3411.07317851934,2080.0703333562246,1331.0028451631156,0.31837497496916134,Paid Search
2024-11-01 00:00:00,Nov,Q4,Home Comfort,Home,North,Mainstream,107,4068.8631239127076,2375.314245657533,1693.5488782551747,0.19746540726517106,Organic Search
2024-11-01 00:00:00,Nov,Q4,Home Comfort,Home,North,Mainstream,92,3458.107542388529,2059.809061900087,1398.2984804884422,0.24660301208669747,Email
2024-11-01 00:00:00,Nov,Q4,Home Comfort,Home,North,Mainstream,104,3513.2460555298867,2064.477832735118,1448.7682227947685,0.3152808354576329,Paid Social
2024-11-01 00:00:00,Nov,Q4,Home Comfort,Home,North,Mainstream,96,3259.7215375192177,1931.3349017856278,1328.3866357335899,0.2565587814416806,Paid Search
2024-11-01 00:00:00,Nov,Q4,Home Comfort,Home,North,Premium,63,2196.1630765057535,1306.1007780986752,890.0622984070783,0.24864886080182313,Organic Search
2024-11-01 00:00:00,Nov,Q4,Home Comfort,Home,North,Premium,66,2576.4626491678705,1592.1221535125417,984.3404956553288,0.17032749896857607,Email
2024-11-01 00:00:00,Nov,Q4,Home Comfort,Home,North,Premium,64,2067.530472504449,1289.3985826658648,778.1318898385841,0.31560466464510223,Paid Social
2024-11-01 00:00:00,Nov,Q4,Home Comfort,Home,North,Premium,70,2536.1924786123386,1620.7669987910117,915.4254798213269,0.25095199761153625,Paid Search
2024-11-01 00:00:00,Nov,Q4,Home Comfort,Home,South,Value Seekers,81,3070.3956002840337,1828.551939029885,1241.8436612541486,0.16673987278511687,Organic Search
2024-11-01 00:00:00,Nov,Q4,Home Comfort,Home,South,Value Seekers,64,2245.1524186307206,1372.0402060485264,873.1122125821942,0.24137212147676113,Email
2024-11-01 00:00:00,Nov,Q4,Home Comfort,Home,South,Value Seekers,77,2219.4151002340723,1330.6182769114064,888.7968233226659,0.3473997364061342,Paid Social
2024-11-01 00:00:00,Nov,Q4,Home Comfort,Home,South,Value Seekers,84,2747.1957501447505,1640.9215897422505,1106.2741604025,0.30796356909159894,Paid Search
2024-11-01 00:00:00,Nov,Q4,Home Comfort,Home,South,Mainstream,86,3427.276124426774,2080.737618986732,1346.5385054400422,0.17637201672224867,Organic Search
2024-11-01 00:00:00,Nov,Q4,Home Comfort,Home,South,Mainstream,78,3004.5535419354223,1781.4189919597698,1223.1345499756526,0.1909634930696573,Email
2024-11-01 00:00:00,Nov,Q4,Home Comfort,Home,South,Mainstream,66,2232.240780551502,1323.5099318812136,908.7308486702887,0.2931045042010467,Paid Social
2024-11-01 00:00:00,Nov,Q4,Home Comfort,Home,South,Mainstream,67,2296.904507408144,1365.5846064052766,931.3199010028675,0.25966121731726666,Paid Search
2024-11-01 00:00:00,Nov,Q4,Home Comfort,Home,South,Premium,61,2266.953451200888,1367.6641122325727,899.2893389683154,0.2226605236194507,Organic Search
2024-11-01 00:00:00,Nov,Q4,Home Comfort,Home,South,Premium,51,1994.7481963796959,1207.5728535429105,787.1753428367854,0.2219323525032891,Email
2024-11-01 00:00:00,Nov,Q4,Home Comfort,Home,South,Premium,48,1547.709538705142,915.5396423217558,632.1698963833862,0.3076120127255927,Paid Social
2024-11-01 00:00:00,Nov,Q4,Home Comfort,Home,South,Premium,60,2025.1153658137036,1154.8635573474915,870.2518084662122,0.25305329767659224,Paid Search
2024-11-01 00:00:00,Nov,Q4,Home Comfort,Home,East,Value Seekers,101,3459.9557455989348,2109.020413760355,1350.9353318385797,0.26816617411982463,Organic Search
2024-11-01 00:00:00,Nov,Q4,Home Comfort,Home,East,Value Seekers,97,3213.813143978687,1847.484780402168,1366.328363576519,0.28995718901210094,Email
2024-11-01 00:00:00,Nov,Q4,Home Comfort,Home,East,Value Seekers,105,3321.906117108597,1971.8554836226906,1350.0506334859062,0.34113885903640556,Paid Social
2024-11-01 00:00:00,Nov,Q4,Home Comfort,Home,East,Value Seekers,98,3105.004153759095,2021.6282080989004,1083.3759456601947,0.2717704516029862,Paid Search
2024-11-01 00:00:00,Nov,Q4,Home Comfort,Home,East,Mainstream,99,3261.515615943258,1990.1490945010205,1271.3665214422376,0.2463632217244347,Organic Search
2024-11-01 00:00:00,Nov,Q4,Home Comfort,Home,East,Mainstream,98,3614.9817234288753,2307.874640086774,1307.1070833421013,0.2510611175207763,Email
2024-11-01 00:00:00,Nov,Q4,Home Comfort,Home,East,Mainstream,70,2397.333299447694,1422.796173291009,974.5371261566852,0.2913336856522074,Paid Social
2024-11-01 00:00:00,Nov,Q4,Home Comfort,Home,East,Mainstream,80,2684.637611603698,1645.306967191122,1039.330644412576,0.3011851052123135,Paid Search
2024-11-01 00:00:00,Nov,Q4,Home Comfort,Home,East,Premium,67,2686.374227689071,1612.034974402029,1074.339253287042,0.14572862762417194,Organic Search
2024-11-01 00:00:00,Nov,Q4,Home Comfort,Home,East,Premium,65,2625.614181541741,1613.739598523327,1011.8745830184139,0.2181489714890569,Email
2024-11-01 00:00:00,Nov,Q4,Home Comfort,Home,East,Premium,45,1454.9617758910433,877.7846164311962,577.1771594598471,0.2941254129488985,Paid Social
2024-11-01 00:00:00,Nov,Q4,Home Comfort,Home,East,Premium,48,1518.1105744989043,924.5855237146135,593.5250507842908,0.29589967853413646,Paid Search
2024-11-01 00:00:00,Nov,Q4,Home Comfort,Home,West,Value Seekers,102,4122.450406129688,2399.533179288723,1722.9172268409652,0.21671636274037606,Organic Search
2024-11-01 00:00:00,Nov,Q4,Home Comfort,Home,West,Value Seekers,89,3372.533594341635,2024.940052848105,1347.5935414935298,0.23018408140131752,Email
2024-11-01 00:00:00,Nov,Q4,Home Comfort,Home,West,Value Seekers,94,2961.7432789997,1826.5516930875178,1135.1915859121823,0.3265909750210283,Paid Social
2024-11-01 00:00:00,Nov,Q4,Home Comfort,Home,West,Value Seekers,110,3623.6309342349296,2212.2987648853864,1411.3321693495432,0.2691989683309792,Paid Search
2024-11-01 00:00:00,Nov,Q4,Home Comfort,Home,West,Mainstream,88,3141.358352316021,1913.34234135075,1228.0160109652709,0.18418883525559732,Organic Search
2024-11-01 00:00:00,Nov,Q4,Home Comfort,Home,West,Mainstream,84,2990.3413761600273,1823.46759356425,1166.8737825957774,0.27712424281038295,Email
2024-11-01 00:00:00,Nov,Q4,Home Comfort,Home,West,Mainstream,85,2702.069282077583,1627.483440079474,1074.5858419981091,0.3049331060558466,Paid Social
2024-11-01 00:00:00,Nov,Q4,Home Comfort,Home,West,Mainstream,89,3021.600515803107,1828.5295170586473,1193.0709987444598,0.2947717222619469,Paid Search
2024-11-01 00:00:00,Nov,Q4,Home Comfort,Home,West,Premium,51,1877.1568866064374,1128.7844779339937,748.3724086724437,0.19406651496557048,Organic Search
2024-11-01 00:00:00,Nov,Q4,Home Comfort,Home,West,Premium,61,2161.4182481211883,1323.679792853525,837.7384552676633,0.23155858799890047,Email
2024-11-01 00:00:00,Nov,Q4,Home Comfort,Home,West,Premium,60,1968.6327610935773,1219.9200027475888,748.7127583459885,0.327426335561877,Paid Social
2024-11-01 00:00:00,Nov,Q4,Home Comfort,Home,West,Premium,68,2207.2678190738643,1330.6516654346717,876.6161536391926,0.284193101240949,Paid Search
2024-11-01 00:00:00,Nov,Q4,Smart Kitchen,Home,North,Value Seekers,84,4797.703756133401,2738.530271848168,2059.173484285233,0.22987138680654434,Organic Search
2024-11-01 00:00:00,Nov,Q4,Smart Kitchen,Home,North,Value Seekers,94,5305.784254076077,2971.7954613675074,2333.9887927085692,0.23012986636285027,Email
2024-11-01 00:00:00,Nov,Q4,Smart Kitchen,Home,North,Value Seekers,68,3064.321700685062,1795.9777817300123,1268.3439189550495,0.3395116697161701,Paid Social
2024-11-01 00:00:00,Nov,Q4,Smart Kitchen,Home,North,Value Seekers,62,2874.802021117256,1650.2016557428353,1224.6003653744208,0.31251983378067605,Paid Search
2024-11-01 00:00:00,Nov,Q4,Smart Kitchen,Home,North,Mainstream,58,3098.837013094972,1727.176095381306,1371.660917713666,0.2335734101939315,Organic Search
2024-11-01 00:00:00,Nov,Q4,Smart Kitchen,Home,North,Mainstream,67,3552.16833627615,2110.5215449085667,1441.6467913675833,0.2448808886495771,Email
2024-11-01 00:00:00,Nov,Q4,Smart Kitchen,Home,North,Mainstream,71,3078.518431014701,1784.436557472761,1294.08187354194,0.3007621201168573,Paid Social
2024-11-01 00:00:00,Nov,Q4,Smart Kitchen,Home,North,Mainstream,61,3138.4375284256366,1787.0639096724383,1351.3736187531983,0.28933706625742833,Paid Search
2024-11-01 00:00:00,Nov,Q4,Smart Kitchen,Home,North,Premium,43,2227.3927953136,1306.086727387783,921.3060679258169,0.23615821539240692,Organic Search
2024-11-01 00:00:00,Nov,Q4,Smart Kitchen,Home,North,Premium,52,2893.176780970523,1584.1769621834953,1308.9998187870276,0.2098108546318217,Email
2024-11-01 00:00:00,Nov,Q4,Smart Kitchen,Home,North,Premium,42,1957.7240695835326,1144.2886661385173,813.4354034450153,0.3139357571867814,Paid Social
2024-11-01 00:00:00,Nov,Q4,Smart Kitchen,Home,North,Premium,49,2432.549372122703,1359.3021797115032,1073.2471924111999,0.2788472618263044,Paid Search
2024-11-01 00:00:00,Nov,Q4,Smart Kitchen,Home,South,Value Seekers,58,3085.362185196838,1776.179663414984,1309.182521781854,0.2657173654118302,Organic Search
2024-11-01 00:00:00,Nov,Q4,Smart Kitchen,Home,South,Value Seekers,63,3613.4950092005224,2078.145367145316,1535.3496420552065,0.23594625677251743,Email
2024-11-01 00:00:00,Nov,Q4,Smart Kitchen,Home,South,Value Seekers,58,2596.7540609478,1483.9223399666632,1112.8317209811369,0.3340643542591214,Paid Social
2024-11-01 00:00:00,Nov,Q4,Smart Kitchen,Home,South,Value Seekers,63,3143.685744030563,1751.8698783122068,1391.8158657183562,0.27922985237878173,Paid Search
2024-11-01 00:00:00,Nov,Q4,Smart Kitchen,Home,South,Mainstream,78,4961.434584739867,2894.6598177086407,2066.7747670312265,0.20405997793990938,Organic Search
2024-11-01 00:00:00,Nov,Q4,Smart Kitchen,Home,South,Mainstream,66,3664.3468981905426,2072.618092377128,1591.7288058134145,0.23262779942800932,Email
2024-11-01 00:00:00,Nov,Q4,Smart Kitchen,Home,South,Mainstream,58,2799.7818816690656,1538.0516566651856,1261.73022500388,0.3222285756891843,Paid Social
2024-11-01 00:00:00,Nov,Q4,Smart Kitchen,Home,South,Mainstream,63,3172.281491732784,1775.4644178038925,1396.8170739288917,0.27684027365958824,Paid Search
2024-11-01 00:00:00,Nov,Q4,Smart Kitchen,Home,South,Premium,33,2012.8807735504577,1193.1351303453732,819.7456432050844,0.18663835825411884,Organic Search
2024-11-01 00:00:00,Nov,Q4,Smart Kitchen,Home,South,Premium,40,2179.9099732017053,1248.8655806672823,931.044392534423,0.22842574874306662,Email
2024-11-01 00:00:00,Nov,Q4,Smart Kitchen,Home,South,Premium,32,1653.1261771183792,988.0184040492236,665.1077730691557,0.25792890762039883,Paid Social
2024-11-01 00:00:00,Nov,Q4,Smart Kitchen,Home,South,Premium,34,1618.8668754987416,969.2750339169181,649.5918415818235,0.31175995376592913,Paid Search
2024-11-01 00:00:00,Nov,Q4,Smart Kitchen,Home,East,Value Seekers,58,3270.1255764154575,1901.360438880543,1368.7651375349146,0.18989652644480923,Organic Search
2024-11-01 00:00:00,Nov,Q4,Smart Kitchen,Home,East,Value Seekers,63,3218.29365052414,1807.4360863167806,1410.8575642073595,0.22897345364993152,Email
2024-11-01 00:00:00,Nov,Q4,Smart Kitchen,Home,East,Value Seekers,60,2825.3395264064757,1626.07337468904,1199.2661517174356,0.34678859925426586,Paid Social
2024-11-01 00:00:00,Nov,Q4,Smart Kitchen,Home,East,Value Seekers,66,3014.067218097394,1755.4169603610333,1258.6502577363606,0.3182371788976674,Paid Search
2024-11-01 00:00:00,Nov,Q4,Smart Kitchen,Home,East,Mainstream,69,3799.0123001411844,2237.9689920442515,1561.0433080969328,0.2257100199011868,Organic Search
2024-11-01 00:00:00,Nov,Q4,Smart Kitchen,Home,East,Mainstream,64,3636.872567250521,2193.8983889332258,1442.9741783172954,0.21504061045573625,Email
2024-11-01 00:00:00,Nov,Q4,Smart Kitchen,Home,East,Mainstream,57,2799.0583116580756,1620.1690441829105,1178.889267475165,0.31111759905569986,Paid Social
2024-11-01 00:00:00,Nov,Q4,Smart Kitchen,Home,East,Mainstream,63,3209.8832064266853,1919.786402925636,1290.0968035010494,0.2816576769782359,Paid Search
2024-11-01 00:00:00,Nov,Q4,Smart Kitchen,Home,East,Premium,52,3072.322958993714,1758.4509161732394,1313.8720428204747,0.2034923055719799,Organic Search
2024-11-01 00:00:00,Nov,Q4,Smart Kitchen,Home,East,Premium,44,2521.736980352587,1397.774525212314,1123.962455140273,0.2085685504510522,Email
2024-11-01 00:00:00,Nov,Q4,Smart Kitchen,Home,East,Premium,37,1771.73874467723,1052.9743965511375,718.7643481260925,0.3177109549853572,Paid Social
2024-11-01 00:00:00,Nov,Q4,Smart Kitchen,Home,East,Premium,40,2078.737619840668,1226.143739582961,852.5938802577068,0.23073006211767028,Paid Search
2024-11-01 00:00:00,Nov,Q4,Smart Kitchen,Home,West,Value Seekers,60,2936.710161414913,1620.4291559148417,1316.2810055000712,0.25401715576729117,Organic Search
2024-11-01 00:00:00,Nov,Q4,Smart Kitchen,Home,West,Value Seekers,71,3480.7112350560033,2028.9036193212696,1451.8076157347336,0.2799803135399391,Email
2024-11-01 00:00:00,Nov,Q4,Smart Kitchen,Home,West,Value Seekers,64,3106.737807106446,1890.1015922748816,1216.6362148315643,0.3111453276247545,Paid Social
2024-11-01 00:00:00,Nov,Q4,Smart Kitchen,Home,West,Value Seekers,64,3229.8925292975314,1825.693140683096,1404.1993886144353,0.26378265333337625,Paid Search
2024-11-01 00:00:00,Nov,Q4,Smart Kitchen,Home,West,Mainstream,55,3206.1772091836733,1907.766411142313,1298.4107980413603,0.18617439891318852,Organic Search
2024-11-01 00:00:00,Nov,Q4,Smart Kitchen,Home,West,Mainstream,64,3453.273530671847,2000.807140681278,1452.4663899905688,0.2038063428737656,Email
2024-11-01 00:00:00,Nov,Q4,Smart Kitchen,Home,West,Mainstream,49,2260.3185725203266,1341.388030506839,918.9305420134876,0.31179076030019637,Paid Social
2024-11-01 00:00:00,Nov,Q4,Smart Kitchen,Home,West,Mainstream,76,3672.8290699087834,2109.6788747390397,1563.1501951697437,0.27511260465196385,Paid Search
2024-11-01 00:00:00,Nov,Q4,Smart Kitchen,Home,West,Premium,47,2516.2968876000564,1448.3475896565933,1067.949297943463,0.22482677783070246,Organic Search
2024-11-01 00:00:00,Nov,Q4,Smart Kitchen,Home,West,Premium,30,1578.9971591943288,935.652355386016,643.3448038083128,0.2275395674072958,Email
2024-11-01 00:00:00,Nov,Q4,Smart Kitchen,Home,West,Premium,38,1772.8149811642852,983.7424358396216,789.0725453246636,0.33146869143554214,Paid Social
2024-11-01 00:00:00,Nov,Q4,Smart Kitchen,Home,West,Premium,38,1847.6706540420093,1086.4365620315477,761.2340920104616,0.27113987541648943,Paid Search
2024-11-01 00:00:00,Nov,Q4,Activewear,Lifestyle,North,Value Seekers,120,5309.404789800943,3092.855634889202,2216.549154911741,0.22909709811202705,Organic Search
2024-11-01 00:00:00,Nov,Q4,Activewear,Lifestyle,North,Value Seekers,100,4874.187420871082,2846.585540450969,2027.6018804201135,0.2078562705625976,Email
2024-11-01 00:00:00,Nov,Q4,Activewear,Lifestyle,North,Value Seekers,91,3475.766290140005,1977.3051465141284,1498.4611436258765,0.34918570185101977,Paid Social
2024-11-01 00:00:00,Nov,Q4,Activewear,Lifestyle,North,Value Seekers,100,3953.8712462159783,2299.1636725615763,1654.707573654402,0.31287798822772855,Paid Search
2024-11-01 00:00:00,Nov,Q4,Activewear,Lifestyle,North,Mainstream,103,4529.08483229943,2833.9227128500206,1695.1621194494091,0.21948855753380417,Organic Search
2024-11-01 00:00:00,Nov,Q4,Activewear,Lifestyle,North,Mainstream,88,3725.3421677917777,2238.7074543527724,1486.6347134390053,0.2588886815717054,Email
2024-11-01 00:00:00,Nov,Q4,Activewear,Lifestyle,North,Mainstream,70,2998.2304298630247,1828.3460692819008,1169.884360581124,0.27069034085536614,Paid Social
2024-11-01 00:00:00,Nov,Q4,Activewear,Lifestyle,North,Mainstream,74,2784.1614855851158,1698.8459979660292,1085.3154876190865,0.33920547573159976,Paid Search
2024-11-01 00:00:00,Nov,Q4,Activewear,Lifestyle,North,Premium,66,3272.054777496967,1990.728206136162,1281.3265713608048,0.19394755578780037,Organic Search
2024-11-01 00:00:00,Nov,Q4,Activewear,Lifestyle,North,Premium,49,2138.044005547287,1242.811414334752,895.2325912125348,0.20949813654145236,Email
2024-11-01 00:00:00,Nov,Q4,Activewear,Lifestyle,North,Premium,55,2101.8094416543577,1258.320788193565,843.4886534607926,0.32532187829138826,Paid Social
2024-11-01 00:00:00,Nov,Q4,Activewear,Lifestyle,North,Premium,58,2322.3474526814985,1442.5201657402374,879.827286941261,0.3067749915197905,Paid Search
2024-11-01 00:00:00,Nov,Q4,Activewear,Lifestyle,South,Value Seekers,70,3172.2774870044077,1852.7921694777633,1319.4853175266444,0.2469671016204383,Organic Search
2024-11-01 00:00:00,Nov,Q4,Activewear,Lifestyle,South,Value Seekers,71,3195.4663242996867,1844.7999290284538,1350.666395271233,0.22939922210186495,Email
2024-11-01 00:00:00,Nov,Q4,Activewear,Lifestyle,South,Value Seekers,61,2343.35523955001,1396.5299259043363,946.8253136456738,0.3391977241842904,Paid Social
2024-11-01 00:00:00,Nov,Q4,Activewear,Lifestyle,South,Value Seekers,49,2062.2884562740505,1260.4947811876648,801.7936750863857,0.29041559064264827,Paid Search
2024-11-01 00:00:00,Nov,Q4,Activewear,Lifestyle,South,Mainstream,83,3922.375650329347,2293.272091536388,1629.1035587929591,0.20526142130937483,Organic Search
2024-11-01 00:00:00,Nov,Q4,Activewear,Lifestyle,South,Mainstream,76,3545.204977675068,2042.2178201506783,1502.9871575243899,0.22016974418043694,Email
2024-11-01 00:00:00,Nov,Q4,Activewear,Lifestyle,South,Mainstream,48,2002.6052646040623,1167.7564411263886,834.8488234776737,0.31416122626060883,Paid Social
2024-11-01 00:00:00,Nov,Q4,Activewear,Lifestyle,South,Mainstream,72,2994.5670085644224,1881.0471987708927,1113.5198097935297,0.2620685359354987,Paid Search
2024-11-01 00:00:00,Nov,Q4,Activewear,Lifestyle,South,Premium,52,2472.1926278564497,1461.4583859614775,1010.7342418949722,0.16746849826167853,Organic Search
2024-11-01 00:00:00,Nov,Q4,Activewear,Lifestyle,South,Premium,43,1966.1930745535349,1122.491904071516,843.7011704820188,0.23675485303198288,Email
2024-11-01 00:00:00,Nov,Q4,Activewear,Lifestyle,South,Premium,46,1839.1912964053568,1091.2935281822247,747.8977682231321,0.32593812105988645,Paid Social
2024-11-01 00:00:00,Nov,Q4,Activewear,Lifestyle,South,Premium,53,2155.9488612416944,1281.0235137332822,874.9253475084122,0.2869178031173615,Paid Search
2024-11-01 00:00:00,Nov,Q4,Activewear,Lifestyle,East,Value Seekers,99,4592.668922249399,2765.0536285016055,1827.6152937477932,0.24044500843599056,Organic Search
2024-11-01 00:00:00,Nov,Q4,Activewear,Lifestyle,East,Value Seekers,93,3963.3450873650313,2212.031781132621,1751.3133062324105,0.2720269831563248,Email
2024-11-01 00:00:00,Nov,Q4,Activewear,Lifestyle,East,Value Seekers,91,3291.2820547956376,1971.0593510103845,1320.222703785253,0.3220551084078427,Paid Social
2024-11-01 00:00:00,Nov,Q4,Activewear,Lifestyle,East,Value Seekers,87,3453.884087622036,1933.7624597765755,1520.1216278454606,0.30316828714094757,Paid Search
2024-11-01 00:00:00,Nov,Q4,Activewear,Lifestyle,East,Mainstream,88,3789.5643183317743,2238.8944265195414,1550.669891812233,0.24783898027480739,Organic Search
2024-11-01 00:00:00,Nov,Q4,Activewear,Lifestyle,East,Mainstream,84,3822.902671369743,2296.219022347056,1526.683649022687,0.2566498358991424,Email
2024-11-01 00:00:00,Nov,Q4,Activewear,Lifestyle,East,Mainstream,55,2285.0848868622597,1241.2710975914547,1043.813789270805,0.281972932082185,Paid Social
2024-11-01 00:00:00,Nov,Q4,Activewear,Lifestyle,East,Mainstream,66,2790.6784831055725,1586.6229190355677,1204.0555640700047,0.266073588427718,Paid Search
2024-11-01 00:00:00,Nov,Q4,Activewear,Lifestyle,East,Premium,61,2672.4870316216757,1600.1259438575837,1072.361087764092,0.2439887041622864,Organic Search
2024-11-01 00:00:00,Nov,Q4,Activewear,Lifestyle,East,Premium,37,1643.951992126991,972.0845580561904,671.8674340708005,0.25057927526396373,Email
2024-11-01 00:00:00,Nov,Q4,Activewear,Lifestyle,East,Premium,35,1334.7004882427893,771.9586391322338,562.7418491105556,0.2732329597701655,Paid Social
2024-11-01 00:00:00,Nov,Q4,Activewear,Lifestyle,East,Premium,54,2252.04601916427,1358.1643549778912,893.8816641863789,0.22100970995835478,Paid Search
2024-11-01 00:00:00,Nov,Q4,Activewear,Lifestyle,West,Value Seekers,86,3672.0094235762676,2274.6142976778183,1397.3951258984494,0.274858230101459,Organic Search
2024-11-01 00:00:00,Nov,Q4,Activewear,Lifestyle,West,Value Seekers,81,3415.617244959667,2074.0840573833098,1341.5331875763572,0.2567710527873975,Email
2024-11-01 00:00:00,Nov,Q4,Activewear,Lifestyle,West,Value Seekers,73,2803.175782944263,1688.9713835891234,1114.2043993551397,0.31850833755457525,Paid Social
2024-11-01 00:00:00,Nov,Q4,Activewear,Lifestyle,West,Value Seekers,90,3507.7335841400945,2087.811181987899,1419.9224021521954,0.3022092004938568,Paid Search
2024-11-01 00:00:00,Nov,Q4,Activewear,Lifestyle,West,Mainstream,73,3376.2593580801063,2036.3538576604205,1339.9055004196857,0.2010261240162698,Organic Search
2024-11-01 00:00:00,Nov,Q4,Activewear,Lifestyle,West,Mainstream,80,3241.702349874621,1977.5515796704522,1264.150770204169,0.23873894135460474,Email
2024-11-01 00:00:00,Nov,Q4,Activewear,Lifestyle,West,Mainstream,63,2582.660212731614,1494.3755164890226,1088.2846962425915,0.2823670783507234,Paid Social
2024-11-01 00:00:00,Nov,Q4,Activewear,Lifestyle,West,Mainstream,82,3506.5855998733973,2268.5992991694407,1237.9863007039567,0.26113362582777516,Paid Search
2024-11-01 00:00:00,Nov,Q4,Activewear,Lifestyle,West,Premium,58,2653.38946822039,1602.8694918269914,1050.5199763933986,0.22747970946632282,Organic Search
2024-11-01 00:00:00,Nov,Q4,Activewear,Lifestyle,West,Premium,48,2142.881672645298,1320.4548903659884,822.4267822793095,0.2349398845565,Email
2024-11-01 00:00:00,Nov,Q4,Activewear,Lifestyle,West,Premium,38,1604.2258430395743,1031.6679272309327,572.5579158086416,0.2812967632463038,Paid Social
2024-11-01 00:00:00,Nov,Q4,Activewear,Lifestyle,West,Premium,51,2256.892164663195,1354.7185757629873,902.173588900208,0.2578077251787738,Paid Search
2024-11-01 00:00:00,Nov,Q4,Premium Audio,Electronics,North,Value Seekers,39,3603.962137811945,1867.1558372046409,1736.8063006073041,0.23529951490798356,Organic Search
2024-11-01 00:00:00,Nov,Q4,Premium Audio,Electronics,North,Value Seekers,38,3147.441482571083,1594.069219959312,1553.3722626117708,0.3003764893958123,Email
2024-11-01 00:00:00,Nov,Q4,Premium Audio,Electronics,North,Value Seekers,36,2790.4815132665103,1505.8842642300838,1284.5972490364265,0.33046854786136853,Paid Social
2024-11-01 00:00:00,Nov,Q4,Premium Audio,Electronics,North,Value Seekers,39,2910.607895566845,1601.6373528231697,1308.9705427436752,0.3080690264219115,Paid Search
2024-11-01 00:00:00,Nov,Q4,Premium Audio,Electronics,North,Mainstream,46,4201.914846077989,2111.358059214323,2090.556786863666,0.20207301663102303,Organic Search
2024-11-01 00:00:00,Nov,Q4,Premium Audio,Electronics,North,Mainstream,32,2564.3807298824227,1397.05961121453,1167.3211186678927,0.2565349010817191,Email
2024-11-01 00:00:00,Nov,Q4,Premium Audio,Electronics,North,Mainstream,34,2886.5936000518823,1527.4130072031871,1359.1805928486951,0.26386464382559444,Paid Social
2024-11-01 00:00:00,Nov,Q4,Premium Audio,Electronics,North,Mainstream,30,2402.3113257959926,1266.224142241474,1136.0871835545186,0.28912128052322794,Paid Search
2024-11-01 00:00:00,Nov,Q4,Premium Audio,Electronics,North,Premium,32,3207.650982162848,1678.3196734027574,1529.3313087600905,0.1661528648310303,Organic Search
2024-11-01 00:00:00,Nov,Q4,Premium Audio,Electronics,North,Premium,32,2904.7168764406524,1517.705352224256,1387.0115242163963,0.2510358104193181,Email
2024-11-01 00:00:00,Nov,Q4,Premium Audio,Electronics,North,Premium,18,1356.4682306664872,707.7919890888151,648.6762415776722,0.33353913704952254,Paid Social
2024-11-01 00:00:00,Nov,Q4,Premium Audio,Electronics,North,Premium,26,2247.630917129536,1167.9991176891867,1079.6317994403494,0.2536791282336384,Paid Search
2024-11-01 00:00:00,Nov,Q4,Premium Audio,Electronics,South,Value Seekers,35,3150.4218351798013,1666.1746477240388,1484.2471874557625,0.24806144343823916,Organic Search
2024-11-01 00:00:00,Nov,Q4,Premium Audio,Electronics,South,Value Seekers,36,3305.476270086813,1710.6311074708271,1594.845162615986,0.22692067711842434,Email
2024-11-01 00:00:00,Nov,Q4,Premium Audio,Electronics,South,Value Seekers,35,2790.526928436804,1474.8607579394552,1315.666170497349,0.331504929125378,Paid Social
2024-11-01 00:00:00,Nov,Q4,Premium Audio,Electronics,South,Value Seekers,46,4316.186214822492,2265.3139630549804,2050.8722517675114,0.24809463291834147,Paid Search
2024-11-01 00:00:00,Nov,Q4,Premium Audio,Electronics,South,Mainstream,24,2278.9464735746983,1180.1987106288504,1098.7477629458479,0.1997494339583902,Organic Search
2024-11-01 00:00:00,Nov,Q4,Premium Audio,Electronics,South,Mainstream,27,2529.69436739784,1214.125459341905,1315.5689080559348,0.20953239741431712,Email
2024-11-01 00:00:00,Nov,Q4,Premium Audio,Electronics,South,Mainstream,22,1722.1603975277271,887.9392600819021,834.221137445825,0.29433779449927056,Paid Social
2024-11-01 00:00:00,Nov,Q4,Premium Audio,Electronics,South,Mainstream,23,1899.6923272920267,980.0185188080818,919.6738084839449,0.28590700234882627,Paid Search
2024-11-01 00:00:00,Nov,Q4,Premium Audio,Electronics,South,Premium,19,1733.7606762870614,858.2472867919012,875.5133894951603,0.2184143946003948,Organic Search
2024-11-01 00:00:00,Nov,Q4,Premium Audio,Electronics,South,Premium,15,1285.2552200595276,698.9673065079602,586.2879135515674,0.261141563560976,Email
2024-11-01 00:00:00,Nov,Q4,Premium Audio,Electronics,South,Premium,10,780.678999457236,427.1360751162767,353.54292434095936,0.3187668788625488,Paid Social
2024-11-01 00:00:00,Nov,Q4,Premium Audio,Electronics,South,Premium,19,1653.5667298167216,875.5490927181393,778.0176370985823,0.26968249395750105,Paid Search
2024-11-01 00:00:00,Nov,Q4,Premium Audio,Electronics,East,Value Seekers,29,2829.8281220308863,1540.20516054509,1289.6229614857964,0.20614209397127545,Organic Search
2024-11-01 00:00:00,Nov,Q4,Premium Audio,Electronics,East,Value Seekers,27,2359.4501213030658,1244.385032389345,1115.0650889137207,0.2759648778920394,Email
2024-11-01 00:00:00,Nov,Q4,Premium Audio,Electronics,East,Value Seekers,33,2614.948275769379,1313.6461133422076,1301.3021624271714,0.3339817750686873,Paid Social
2024-11-01 00:00:00,Nov,Q4,Premium Audio,Electronics,East,Value Seekers,41,3320.2074686604337,1681.507334191175,1638.7001344692587,0.32740784780626664,Paid Search
2024-11-01 00:00:00,Nov,Q4,Premium Audio,Electronics,East,Mainstream,32,3080.3976586645217,1664.1699800299443,1416.2276786345774,0.20034807547424488,Organic Search
2024-11-01 00:00:00,Nov,Q4,Premium Audio,Electronics,East,Mainstream,45,4174.324436011975,2138.7406999633567,2035.5837360486184,0.23173090299072188,Email
2024-11-01 00:00:00,Nov,Q4,Premium Audio,Electronics,East,Mainstream,36,2771.1508285193327,1464.6445850137638,1306.5062435055688,0.2985765822162985,Paid Social
2024-11-01 00:00:00,Nov,Q4,Premium Audio,Electronics,East,Mainstream,35,2774.6295624443633,1418.7118403581287,1355.9177220862346,0.2976358936685215,Paid Search
2024-11-01 00:00:00,Nov,Q4,Premium Audio,Electronics,East,Premium,25,2241.734915324968,1147.2856379738387,1094.4492773511292,0.25539978798698454,Organic Search
2024-11-01 00:00:00,Nov,Q4,Premium Audio,Electronics,East,Premium,26,2239.5385056234136,1238.3641842700836,1001.17432135333,0.2428304336892907,Email
2024-11-01 00:00:00,Nov,Q4,Premium Audio,Electronics,East,Premium,15,1274.8660159367055,672.8750326408295,601.9909832958759,0.30533615189973,Paid Social
2024-11-01 00:00:00,Nov,Q4,Premium Audio,Electronics,East,Premium,24,1878.4832214699754,995.2918223183357,883.1913991516398,0.29441907592014244,Paid Search
2024-11-01 00:00:00,Nov,Q4,Premium Audio,Electronics,West,Value Seekers,37,3227.496483622873,1758.6697723404363,1468.8267112824365,0.25713061933919446,Organic Search
2024-11-01 00:00:00,Nov,Q4,Premium Audio,Electronics,West,Value Seekers,38,3449.250957508537,1806.146677461337,1643.1042800471998,0.2398259138149716,Email
2024-11-01 00:00:00,Nov,Q4,Premium Audio,Electronics,West,Value Seekers,34,2560.8321360215295,1337.273416323609,1223.5587196979207,0.3098418943007748,Paid Social
2024-11-01 00:00:00,Nov,Q4,Premium Audio,Electronics,West,Value Seekers,31,2455.41808082805,1307.9021656619077,1147.5159151661421,0.30892183283294733,Paid Search
2024-11-01 00:00:00,Nov,Q4,Premium Audio,Electronics,West,Mainstream,33,2949.3703342118074,1548.1297406881863,1401.240593523621,0.27474115870838867,Organic Search
2024-11-01 00:00:00,Nov,Q4,Premium Audio,Electronics,West,Mainstream,41,4026.9082596487615,1979.837959418899,2047.0703002298626,0.19703913422088445,Email
2024-11-01 00:00:00,Nov,Q4,Premium Audio,Electronics,West,Mainstream,29,2563.611904570202,1255.9189521227404,1307.6929524474617,0.24289476726784337,Paid Social
2024-11-01 00:00:00,Nov,Q4,Premium Audio,Electronics,West,Mainstream,30,2473.228446667836,1269.0870034835016,1204.1414431843345,0.29125289602287996,Paid Search
2024-11-01 00:00:00,Nov,Q4,Premium Audio,Electronics,West,Premium,25,2323.450217835095,1181.8896332108918,1141.560584624203,0.2033289864544841,Organic Search
2024-11-01 00:00:00,Nov,Q4,Premium Audio,Electronics,West,Premium,24,2241.023619509381,1158.719580187816,1082.3040393215651,0.2393670987857289,Email
2024-11-01 00:00:00,Nov,Q4,Premium Audio,Electronics,West,Premium,23,1874.5344148090303,997.716276492324,876.8181383167063,0.30987951548933396,Paid Social
2024-11-01 00:00:00,Nov,Q4,Premium Audio,Electronics,West,Premium,23,1964.9687200715875,1024.7603670464096,940.208353025178,0.2804065508672279,Paid Search
2024-11-01 00:00:00,Nov,Q4,Pro Camera,Electronics,North,Value Seekers,24,3336.6603476182986,1708.5492643010955,1628.111083317203,0.22581343287672392,Organic Search
2024-11-01 00:00:00,Nov,Q4,Pro Camera,Electronics,North,Value Seekers,27,3719.995982709541,1940.5868581737393,1779.4091245358015,0.23684400814082407,Email
2024-11-01 00:00:00,Nov,Q4,Pro Camera,Electronics,North,Value Seekers,23,2854.7656412314614,1398.7213297424942,1456.0443114889672,0.30990681668345105,Paid Social
2024-11-01 00:00:00,Nov,Q4,Pro Camera,Electronics,North,Value Seekers,27,3362.0832729716994,1659.4806324341205,1702.602640537579,0.2855987384809849,Paid Search
2024-11-01 00:00:00,Nov,Q4,Pro Camera,Electronics,North,Mainstream,27,3669.866816255606,1773.0872134514414,1896.7796028041646,0.23578564219110373,Organic Search
2024-11-01 00:00:00,Nov,Q4,Pro Camera,Electronics,North,Mainstream,18,2358.668242609311,1171.1483563490601,1187.519886260251,0.2709160931201847,Email
2024-11-01 00:00:00,Nov,Q4,Pro Camera,Electronics,North,Mainstream,22,2588.12563473419,1287.4724364282442,1300.6531983059458,0.35633279842155435,Paid Social
2024-11-01 00:00:00,Nov,Q4,Pro Camera,Electronics,North,Mainstream,23,2723.4735616859402,1370.3288184071755,1353.1447432787647,0.31542767727237747,Paid Search
2024-11-01 00:00:00,Nov,Q4,Pro Camera,Electronics,North,Premium,14,2104.042236492669,1049.3796530075322,1054.6625834851368,0.20146514064382326,Organic Search
2024-11-01 00:00:00,Nov,Q4,Pro Camera,Electronics,North,Premium,9,1329.159683079809,685.462577918195,643.6971051616139,0.1685261095068575,Email
2024-11-01 00:00:00,Nov,Q4,Pro Camera,Electronics,North,Premium,12,1535.1820322718693,713.2257333952035,821.9562988766658,0.2584882167549157,Paid Social
2024-11-01 00:00:00,Nov,Q4,Pro Camera,Electronics,North,Premium,20,2574.186709243738,1290.9543681242108,1283.232341119527,0.23985707054698457,Paid Search
2024-11-01 00:00:00,Nov,Q4,Pro Camera,Electronics,South,Value Seekers,33,5067.9034185234605,2404.67829329194,2663.2251252315205,0.2039834640333945,Organic Search
2024-11-01 00:00:00,Nov,Q4,Pro Camera,Electronics,South,Value Seekers,18,2379.4196270065963,1112.4950566745572,1266.9245703320391,0.2343647641316838,Email
2024-11-01 00:00:00,Nov,Q4,Pro Camera,Electronics,South,Value Seekers,18,2289.75464518575,1113.1466506788256,1176.6079945069246,0.315815117976797,Paid Social
2024-11-01 00:00:00,Nov,Q4,Pro Camera,Electronics,South,Value Seekers,16,2086.6364867181837,1104.384529999474,982.2519567187098,0.30060604431288873,Paid Search
2024-11-01 00:00:00,Nov,Q4,Pro Camera,Electronics,South,Mainstream,23,3116.825951583673,1559.1395624074673,1557.6863891762057,0.2288592105510105,Organic Search
2024-11-01 00:00:00,Nov,Q4,Pro Camera,Electronics,South,Mainstream,18,2590.573376267816,1220.911463932802,1369.661912335014,0.21740548877638025,Email
2024-11-01 00:00:00,Nov,Q4,Pro Camera,Electronics,South,Mainstream,21,2406.768807310145,1138.7930320446842,1267.9757752654607,0.30329850602312886,Paid Social
2024-11-01 00:00:00,Nov,Q4,Pro Camera,Electronics,South,Mainstream,23,2883.8997701436956,1403.7111017274312,1480.1886684162644,0.3264321047031944,Paid Search
2024-11-01 00:00:00,Nov,Q4,Pro Camera,Electronics,South,Premium,11,1629.9896878230752,801.209150307492,828.7805375155832,0.19482351287913138,Organic Search
2024-11-01 00:00:00,Nov,Q4,Pro Camera,Electronics,South,Premium,14,1938.3673409524645,966.1510667381506,972.2162742143139,0.24129700603787207,Email
2024-11-01 00:00:00,Nov,Q4,Pro Camera,Electronics,South,Premium,8,957.8697101824264,460.5393957081723,497.33031447425407,0.33389035943434914,Paid Social
2024-11-01 00:00:00,Nov,Q4,Pro Camera,Electronics,South,Premium,11,1408.039587662233,703.5743861462363,704.4652015159968,0.2816023300705804,Paid Search
2024-11-01 00:00:00,Nov,Q4,Pro Camera,Electronics,East,Value Seekers,17,2526.0202970644623,1327.3855755568488,1198.6347215076134,0.20283874564627774,Organic Search
2024-11-01 00:00:00,Nov,Q4,Pro Camera,Electronics,East,Value Seekers,28,3609.332995908181,1855.035174171063,1754.297821737118,0.26374900812720076,Email
2024-11-01 00:00:00,Nov,Q4,Pro Camera,Electronics,East,Value Seekers,17,2039.3327042246026,1043.0552305892384,996.2774736353642,0.31168021034440435,Paid Social
2024-11-01 00:00:00,Nov,Q4,Pro Camera,Electronics,East,Value Seekers,24,3135.23635492506,1455.7304193823695,1679.5059355426904,0.2673917062772008,Paid Search
2024-11-01 00:00:00,Nov,Q4,Pro Camera,Electronics,East,Mainstream,20,2868.816317993468,1446.0254942263566,1422.7908237671115,0.19251350693652372,Organic Search
2024-11-01 00:00:00,Nov,Q4,Pro Camera,Electronics,East,Mainstream,24,3663.662807328928,1779.9230725022749,1883.7397348266531,0.17272546404063938,Email
2024-11-01 00:00:00,Nov,Q4,Pro Camera,Electronics,East,Mainstream,24,2733.050605335829,1320.3001472479202,1412.7504580879088,0.3336222025509733,Paid Social
2024-11-01 00:00:00,Nov,Q4,Pro Camera,Electronics,East,Mainstream,16,2037.3862758819057,984.3028375764216,1053.0834383054842,0.27114444255548414,Paid Search
2024-11-01 00:00:00,Nov,Q4,Pro Camera,Electronics,East,Premium,18,2505.7869344986543,1228.0861241863572,1277.700810312297,0.2073587589883764,Organic Search
2024-11-01 00:00:00,Nov,Q4,Pro Camera,Electronics,East,Premium,6,781.8393781466866,395.92817006708066,385.91120807960596,0.23321726005790405,Email
2024-11-01 00:00:00,Nov,Q4,Pro Camera,Electronics,East,Premium,15,1827.0102805217289,888.8645387015346,938.1457418201943,0.29077668522564926,Paid Social
2024-11-01 00:00:00,Nov,Q4,Pro Camera,Electronics,East,Premium,11,1408.0000721122285,671.1670309341459,736.8330411780826,0.28375477092887985,Paid Search
2024-11-01 00:00:00,Nov,Q4,Pro Camera,Electronics,West,Value Seekers,29,3973.2365896551573,1837.7208253840645,2135.515764271093,0.2466909968878335,Organic Search
2024-11-01 00:00:00,Nov,Q4,Pro Camera,Electronics,West,Value Seekers,21,2959.1990637611975,1401.3598682204672,1557.8391955407303,0.21973210501056364,Email
2024-11-01 00:00:00,Nov,Q4,Pro Camera,Electronics,West,Value Seekers,28,3353.4733598966604,1731.2550050822872,1622.2183548143732,0.29503185178140806,Paid Social
2024-11-01 00:00:00,Nov,Q4,Pro Camera,Electronics,West,Value Seekers,26,3152.60894945697,1497.7405881792006,1654.8683612777695,0.2768174946268701,Paid Search
2024-11-01 00:00:00,Nov,Q4,Pro Camera,Electronics,West,Mainstream,23,3575.1696838711327,1804.3712592751515,1770.7984245959813,0.19395987622358465,Organic Search
2024-11-01 00:00:00,Nov,Q4,Pro Camera,Electronics,West,Mainstream,19,2749.769277319119,1452.2306476524084,1297.5386296667104,0.20989219338877788,Email
2024-11-01 00:00:00,Nov,Q4,Pro Camera,Electronics,West,Mainstream,20,2212.073191866316,1097.9502365491198,1114.122955317196,0.32541729657126234,Paid Social
2024-11-01 00:00:00,Nov,Q4,Pro Camera,Electronics,West,Mainstream,20,2688.757402156255,1301.5951774998005,1387.1622246564546,0.2544962654760816,Paid Search
2024-11-01 00:00:00,Nov,Q4,Pro Camera,Electronics,West,Premium,7,1013.5925966642608,516.0316126850364,497.5609839792244,0.18185932219857923,Organic Search
2024-11-01 00:00:00,Nov,Q4,Pro Camera,Electronics,West,Premium,9,1220.3704671723317,630.3205089026262,590.0499582697055,0.21585481346911467,Email
2024-11-01 00:00:00,Nov,Q4,Pro Camera,Electronics,West,Premium,13,1544.6797442702778,752.2191393907389,792.4606048795389,0.3249486090859825,Paid Social
2024-11-01 00:00:00,Nov,Q4,Pro Camera,Electronics,West,Premium,13,1672.9912791264821,819.0768378750945,853.9144412513876,0.27080154682649255,Paid Search
2024-11-01 00:00:00,Nov,Q4,Luxury Set,Lifestyle,North,Value Seekers,28,2937.066314151296,1272.5123881093857,1664.5539260419102,0.28597963912641744,Organic Search
2024-11-01 00:00:00,Nov,Q4,Luxury Set,Lifestyle,North,Value Seekers,14,1546.2703898977989,757.8526304557386,788.4177594420603,0.22474257188537042,Email
2024-11-01 00:00:00,Nov,Q4,Luxury Set,Lifestyle,North,Value Seekers,14,1325.3204674522417,550.2231999522952,775.0972674999465,0.3242446942974924,Paid Social
2024-11-01 00:00:00,Nov,Q4,Luxury Set,Lifestyle,North,Value Seekers,22,2072.358867883833,949.7239670997434,1122.63490078409,0.3155084644186026,Paid Search
2024-11-01 00:00:00,Nov,Q4,Luxury Set,Lifestyle,North,Mainstream,22,2481.307413271945,1211.7707783525548,1269.53663491939,0.21646173908181593,Organic Search
2024-11-01 00:00:00,Nov,Q4,Luxury Set,Lifestyle,North,Mainstream,23,2784.9663059026725,1313.5013387107015,1471.464967191971,0.22219292164675364,Email
2024-11-01 00:00:00,Nov,Q4,Luxury Set,Lifestyle,North,Mainstream,15,1454.603397564441,684.8369335095119,769.766464054929,0.3073391533473641,Paid Social
2024-11-01 00:00:00,Nov,Q4,Luxury Set,Lifestyle,North,Mainstream,17,1701.4837178368136,799.0427166946182,902.4410011421954,0.287428747897302,Paid Search
2024-11-01 00:00:00,Nov,Q4,Luxury Set,Lifestyle,North,Premium,15,1692.9137267712188,752.7678012556836,940.1459255155352,0.19602089129636768,Organic Search
2024-11-01 00:00:00,Nov,Q4,Luxury Set,Lifestyle,North,Premium,7,825.2751916480007,377.9303211981817,447.34487044981904,0.20062505876766662,Email
2024-11-01 00:00:00,Nov,Q4,Luxury Set,Lifestyle,North,Premium,13,1392.6851472804917,651.5131848680942,741.1719624123975,0.27683902751360545,Paid Social
2024-11-01 00:00:00,Nov,Q4,Luxury Set,Lifestyle,North,Premium,11,1163.4681505228098,562.109758261086,601.3583922617238,0.2701401724458105,Paid Search
2024-11-01 00:00:00,Nov,Q4,Luxury Set,Lifestyle,South,Value Seekers,13,1406.222944556691,686.4615008655247,719.7614436911662,0.2236965262722186,Organic Search
2024-11-01 00:00:00,Nov,Q4,Luxury Set,Lifestyle,South,Value Seekers,21,2345.565202663879,1109.9646985712275,1235.6005040926516,0.2220209541423388,Email
2024-11-01 00:00:00,Nov,Q4,Luxury Set,Lifestyle,South,Value Seekers,15,1395.663176791196,671.873553788789,723.7896230024071,0.33165304048124666,Paid Social
2024-11-01 00:00:00,Nov,Q4,Luxury Set,Lifestyle,South,Value Seekers,13,1246.8997316182672,585.4685466686503,661.4311849496169,0.3341857393565283,Paid Search
2024-11-01 00:00:00,Nov,Q4,Luxury Set,Lifestyle,South,Mainstream,16,1869.9717551805686,832.6908212047387,1037.28093397583,0.22217069070277756,Organic Search
2024-11-01 00:00:00,Nov,Q4,Luxury Set,Lifestyle,South,Mainstream,12,1171.7076138356372,551.7001485448505,620.0074652907866,0.2812160954791737,Email
2024-11-01 00:00:00,Nov,Q4,Luxury Set,Lifestyle,South,Mainstream,12,1279.7281083139685,608.0717096280576,671.6563986859109,0.2626313219345102,Paid Social
2024-11-01 00:00:00,Nov,Q4,Luxury Set,Lifestyle,South,Mainstream,15,1514.5737742007593,699.1417757884523,815.431998412307,0.2843959129136119,Paid Search
2024-11-01 00:00:00,Nov,Q4,Luxury Set,Lifestyle,South,Premium,7,800.462150821602,385.8978948414149,414.5642559801871,0.20309540533097103,Organic Search
2024-11-01 00:00:00,Nov,Q4,Luxury Set,Lifestyle,South,Premium,7,847.0728606666942,365.5462352637579,481.52662540293625,0.19457646311851498,Email
2024-11-01 00:00:00,Nov,Q4,Luxury Set,Lifestyle,South,Premium,13,1285.635677037406,588.3833483438704,697.2523286935356,0.3075293235721872,Paid Social
2024-11-01 00:00:00,Nov,Q4,Luxury Set,Lifestyle,South,Premium,10,1049.431023852026,504.0204476822622,545.4105761697639,0.24525002126049356,Paid Search
2024-11-01 00:00:00,Nov,Q4,Luxury Set,Lifestyle,East,Value Seekers,13,1598.903123831719,716.8810164675899,882.0221073641292,0.20997897709593027,Organic Search
2024-11-01 00:00:00,Nov,Q4,Luxury Set,Lifestyle,East,Value Seekers,16,1733.7308474842503,740.6191972568731,993.1116502273771,0.2733582186681499,Email
2024-11-01 00:00:00,Nov,Q4,Luxury Set,Lifestyle,East,Value Seekers,15,1550.755938955275,676.2688847098491,874.487054245426,0.301892310905403,Paid Social
2024-11-01 00:00:00,Nov,Q4,Luxury Set,Lifestyle,East,Value Seekers,15,1417.372174160647,707.6141821503904,709.7579920102567,0.3141313764064497,Paid Search
2024-11-01 00:00:00,Nov,Q4,Luxury Set,Lifestyle,East,Mainstream,16,2077.7733207048104,981.1725242989542,1096.6007964058563,0.16682909629949622,Organic Search
2024-11-01 00:00:00,Nov,Q4,Luxury Set,Lifestyle,East,Mainstream,15,1710.2415059641962,799.3173772639652,910.924128700231,0.2334243272399667,Email
2024-11-01 00:00:00,Nov,Q4,Luxury Set,Lifestyle,East,Mainstream,10,1037.9934798537256,487.84937180566993,550.1441080480556,0.29464281731591674,Paid Social
2024-11-01 00:00:00,Nov,Q4,Luxury Set,Lifestyle,East,Mainstream,15,1515.6894414209937,731.7298013128565,783.9596401081373,0.2771439021474469,Paid Search
2024-11-01 00:00:00,Nov,Q4,Luxury Set,Lifestyle,East,Premium,7,790.865266044556,386.76175740542817,404.1035086391279,0.2413068869382654,Organic Search
2024-11-01 00:00:00,Nov,Q4,Luxury Set,Lifestyle,East,Premium,8,924.3174480182358,421.79581765686834,502.5216303613675,0.22543978248160204,Email
2024-11-01 00:00:00,Nov,Q4,Luxury Set,Lifestyle,East,Premium,11,1046.8025044119777,492.532120137608,554.2703842743697,0.2905177546603467,Paid Social
2024-11-01 00:00:00,Nov,Q4,Luxury Set,Lifestyle,East,Premium,14,1389.690815190082,685.0598293464897,704.6309858435924,0.28454376351896493,Paid Search
2024-11-01 00:00:00,Nov,Q4,Luxury Set,Lifestyle,West,Value Seekers,19,2109.2951387417247,1042.1291715607942,1067.1659671809305,0.24708543078097228,Organic Search
2024-11-01 00:00:00,Nov,Q4,Luxury Set,Lifestyle,West,Value Seekers,18,1975.6916700330753,897.3054033605038,1078.3862666725715,0.2329758291021755,Email
2024-11-01 00:00:00,Nov,Q4,Luxury Set,Lifestyle,West,Value Seekers,10,923.7711662400824,437.55322702806285,486.21793921201953,0.3161156752945501,Paid Social
2024-11-01 00:00:00,Nov,Q4,Luxury Set,Lifestyle,West,Value Seekers,17,1869.3163947667476,881.8268962777087,987.489498489039,0.2620724158204223,Paid Search
2024-11-01 00:00:00,Nov,Q4,Luxury Set,Lifestyle,West,Mainstream,9,1061.4734665782464,464.66449457107586,596.8089720071705,0.19067740840644498,Organic Search
2024-11-01 00:00:00,Nov,Q4,Luxury Set,Lifestyle,West,Mainstream,18,2032.4360552445887,910.9346230192413,1121.5014322253473,0.2363112138738416,Email
2024-11-01 00:00:00,Nov,Q4,Luxury Set,Lifestyle,West,Mainstream,14,1344.3998882455994,625.1137612127046,719.2861270328948,0.31729604510022147,Paid Social
2024-11-01 00:00:00,Nov,Q4,Luxury Set,Lifestyle,West,Mainstream,16,1601.099205676977,729.9698042269688,871.1294014500081,0.2956843167546856,Paid Search
2024-11-01 00:00:00,Nov,Q4,Luxury Set,Lifestyle,West,Premium,7,756.2815901557044,360.3640363029271,395.9175538527773,0.23310742330770282,Organic Search
2024-11-01 00:00:00,Nov,Q4,Luxury Set,Lifestyle,West,Premium,8,872.1560821290759,410.8433184099482,461.3127637191277,0.21379316114568345,Email
2024-11-01 00:00:00,Nov,Q4,Luxury Set,Lifestyle,West,Premium,7,779.1828433344857,342.3958415933914,436.7870017410943,0.2734432182663747,Paid Social
2024-11-01 00:00:00,Nov,Q4,Luxury Set,Lifestyle,West,Premium,11,1172.3761255578597,561.5444122444407,610.8317133134191,0.2675381610753963,Paid Search
2024-12-01 00:00:00,Dec,Q4,Eco Basics,Essentials,North,Value Seekers,261,3967.571378813374,2580.5938601805333,1386.9775186328407,0.2271307483213872,Organic Search
2024-12-01 00:00:00,Dec,Q4,Eco Basics,Essentials,North,Value Seekers,249,3611.078042459699,2227.714704792786,1383.3633376669131,0.2551864503399603,Email
2024-12-01 00:00:00,Dec,Q4,Eco Basics,Essentials,North,Value Seekers,212,2764.2189478403225,1718.7045211322484,1045.514426708074,0.31048696886031285,Paid Social
2024-12-01 00:00:00,Dec,Q4,Eco Basics,Essentials,North,Value Seekers,220,3077.4127798838754,2019.7403171541732,1057.6724627297021,0.25664126665027953,Paid Search
2024-12-01 00:00:00,Dec,Q4,Eco Basics,Essentials,North,Mainstream,285,4610.742728022586,3010.8558368388026,1599.886891183783,0.16604459991988646,Organic Search
2024-12-01 00:00:00,Dec,Q4,Eco Basics,Essentials,North,Mainstream,203,2806.538223859149,1878.1349091997906,928.4033146593586,0.2741133781019541,Email
2024-12-01 00:00:00,Dec,Q4,Eco Basics,Essentials,North,Mainstream,185,2603.321972908991,1741.5857418713879,861.7362310376031,0.2841764700812778,Paid Social
2024-12-01 00:00:00,Dec,Q4,Eco Basics,Essentials,North,Mainstream,193,2682.574138062204,1736.3425831161564,946.2315549460475,0.26699300849357815,Paid Search
2024-12-01 00:00:00,Dec,Q4,Eco Basics,Essentials,North,Premium,171,2660.659727580925,1741.3408648681157,919.3188627128093,0.1930983191657595,Organic Search
2024-12-01 00:00:00,Dec,Q4,Eco Basics,Essentials,North,Premium,169,2549.1831950226847,1653.5654452777644,895.6177497449203,0.22596782915814498,Email
2024-12-01 00:00:00,Dec,Q4,Eco Basics,Essentials,North,Premium,135,1934.9923385781324,1237.9368890714688,697.0554495066635,0.30749953006906444,Paid Social
2024-12-01 00:00:00,Dec,Q4,Eco Basics,Essentials,North,Premium,123,1699.498059725314,1056.9684308297865,642.5296288955276,0.28481793358724333,Paid Search
2024-12-01 00:00:00,Dec,Q4,Eco Basics,Essentials,South,Value Seekers,221,3509.3404812292874,2280.0864371846083,1229.2540440446792,0.22176920417107573,Organic Search
2024-12-01 00:00:00,Dec,Q4,Eco Basics,Essentials,South,Value Seekers,212,3064.4552909563654,2050.527510832374,1013.9277801239914,0.25024525070678644,Email
2024-12-01 00:00:00,Dec,Q4,Eco Basics,Essentials,South,Value Seekers,163,2116.8176196154436,1329.692109656648,787.1255099587956,0.3189489058008923,Paid Social
2024-12-01 00:00:00,Dec,Q4,Eco Basics,Essentials,South,Value Seekers,189,2689.9002357774516,1694.604965432568,995.2952703448836,0.3014963007648583,Paid Search
2024-12-01 00:00:00,Dec,Q4,Eco Basics,Essentials,South,Mainstream,166,2591.9748703427736,1766.3655867201685,825.6092836226051,0.1839920425563669,Organic Search
2024-12-01 00:00:00,Dec,Q4,Eco Basics,Essentials,South,Mainstream,183,2532.594991250155,1627.927172693699,904.667818556456,0.27341215009604913,Email
2024-12-01 00:00:00,Dec,Q4,Eco Basics,Essentials,South,Mainstream,164,2056.464057222836,1357.5276696104984,698.9363876123375,0.3274579641738424,Paid Social
2024-12-01 00:00:00,Dec,Q4,Eco Basics,Essentials,South,Mainstream,163,2254.8506943314346,1450.0562437677495,804.7944505636851,0.2700004584997931,Paid Search
2024-12-01 00:00:00,Dec,Q4,Eco Basics,Essentials,South,Premium,136,2111.3572788515526,1381.9835635425507,729.3737153090019,0.20289352363573832,Organic Search
2024-12-01 00:00:00,Dec,Q4,Eco Basics,Essentials,South,Premium,106,1597.311479836659,995.8929841264123,601.4184957102466,0.23650522484896985,Email
2024-12-01 00:00:00,Dec,Q4,Eco Basics,Essentials,South,Premium,105,1379.6927744487748,919.2695245713246,460.4232498774502,0.2876832040340332,Paid Social
2024-12-01 00:00:00,Dec,Q4,Eco Basics,Essentials,South,Premium,110,1605.1673737443148,1019.9952640519024,585.1721096924124,0.2616196405399367,Paid Search
2024-12-01 00:00:00,Dec,Q4,Eco Basics,Essentials,East,Value Seekers,266,3775.801385695607,2508.963504382926,1266.837881312681,0.2495460828310893,Organic Search
2024-12-01 00:00:00,Dec,Q4,Eco Basics,Essentials,East,Value Seekers,203,3000.479521729765,1967.217823878325,1033.2616978514402,0.2212817842947675,Email
2024-12-01 00:00:00,Dec,Q4,Eco Basics,Essentials,East,Value Seekers,214,2721.1199231928367,1738.3073338468669,982.8125893459699,0.30455558459715604,Paid Social
2024-12-01 00:00:00,Dec,Q4,Eco Basics,Essentials,East,Value Seekers,193,2661.5952752179633,1663.2940210151799,998.3012542027834,0.299565481676959,Paid Search
2024-12-01 00:00:00,Dec,Q4,Eco Basics,Essentials,East,Mainstream,212,3450.1357094350974,2210.264856577499,1239.8708528575985,0.22004132309299096,Organic Search
2024-12-01 00:00:00,Dec,Q4,Eco Basics,Essentials,East,Mainstream,198,3218.7165285188676,2043.7000335983143,1175.0164949205532,0.20900806884559534,Email
2024-12-01 00:00:00,Dec,Q4,Eco Basics,Essentials,East,Mainstream,201,2578.826704667606,1679.3408486167402,899.4858560508658,0.315598782946915,Paid Social
2024-12-01 00:00:00,Dec,Q4,Eco Basics,Essentials,East,Mainstream,204,2863.5663512111314,1963.31327427579,900.2530769353414,0.3028963264578521,Paid Search
2024-12-01 00:00:00,Dec,Q4,Eco Basics,Essentials,East,Premium,146,2083.9329328037143,1303.0408579200318,780.8920748836824,0.2554656943008892,Organic Search
2024-12-01 00:00:00,Dec,Q4,Eco Basics,Essentials,East,Premium,141,2123.370670396568,1401.9438832182275,721.4267871783406,0.23280903839359637,Email
2024-12-01 00:00:00,Dec,Q4,Eco Basics,Essentials,East,Premium,130,1709.105368442555,1122.919474686104,586.1858937564509,0.2926160661827952,Paid Social
2024-12-01 00:00:00,Dec,Q4,Eco Basics,Essentials,East,Premium,146,1996.766328064039,1300.4013404078748,696.3649876561642,0.2769362392270259,Paid Search
2024-12-01 00:00:00,Dec,Q4,Eco Basics,Essentials,West,Value Seekers,240,3909.707471733671,2539.81681649326,1369.890655240411,0.20270259044894529,Organic Search
2024-12-01 00:00:00,Dec,Q4,Eco Basics,Essentials,West,Value Seekers,221,3294.0496230116337,2196.6662765447554,1097.3833464668783,0.248475295339466,Email
2024-12-01 00:00:00,Dec,Q4,Eco Basics,Essentials,West,Value Seekers,194,2464.8974008089504,1634.326117020876,830.5712837880744,0.33031190847870395,Paid Social
2024-12-01 00:00:00,Dec,Q4,Eco Basics,Essentials,West,Value Seekers,191,2305.6226515679414,1478.4200547756238,827.2025967923175,0.35257125052851723,Paid Search
2024-12-01 00:00:00,Dec,Q4,Eco Basics,Essentials,West,Mainstream,197,3107.694738552726,2059.8986972758576,1047.7960412768684,0.21297287665936404,Organic Search
2024-12-01 00:00:00,Dec,Q4,Eco Basics,Essentials,West,Mainstream,181,2750.265457704318,1926.9518360934794,823.3136216108387,0.23330279332770315,Email
2024-12-01 00:00:00,Dec,Q4,Eco Basics,Essentials,West,Mainstream,176,2467.0213831165456,1575.9865085310526,891.0348745854931,0.25536810575543406,Paid Social
2024-12-01 00:00:00,Dec,Q4,Eco Basics,Essentials,West,Mainstream,176,2489.7030136351086,1662.5888056094482,827.1142080256604,0.2617536004515407,Paid Search
2024-12-01 00:00:00,Dec,Q4,Eco Basics,Essentials,West,Premium,138,2173.1004087918764,1449.7342797494466,723.3661290424297,0.21277716044242373,Organic Search
2024-12-01 00:00:00,Dec,Q4,Eco Basics,Essentials,West,Premium,120,1830.1165643859842,1172.7096868220622,657.4068775639221,0.20446829831040514,Email
2024-12-01 00:00:00,Dec,Q4,Eco Basics,Essentials,West,Premium,113,1458.566434635006,951.6923352175831,506.87409941742294,0.3028670289814128,Paid Social
2024-12-01 00:00:00,Dec,Q4,Eco Basics,Essentials,West,Premium,126,1744.0207395887808,1087.9277254627455,656.0930141260353,0.257329366747452,Paid Search
2024-12-01 00:00:00,Dec,Q4,Daily Care,Essentials,North,Value Seekers,237,4787.224658086607,2945.587340877452,1841.6373172091548,0.24132028483262677,Organic Search
2024-12-01 00:00:00,Dec,Q4,Daily Care,Essentials,North,Value Seekers,223,4183.552509365075,2598.0738899089515,1585.4786194561234,0.27326206127308816,Email
2024-12-01 00:00:00,Dec,Q4,Daily Care,Essentials,North,Value Seekers,209,3634.5484959984915,2448.871886710067,1185.6766092884245,0.28479679205373626,Paid Social
2024-12-01 00:00:00,Dec,Q4,Daily Care,Essentials,North,Value Seekers,224,3804.5923550931193,2510.9023100994004,1293.6900449937189,0.2880783299319133,Paid Search
2024-12-01 00:00:00,Dec,Q4,Daily Care,Essentials,North,Mainstream,229,4553.479003582445,2906.086837057104,1647.3921665253415,0.198027594258044,Organic Search
2024-12-01 00:00:00,Dec,Q4,Daily Care,Essentials,North,Mainstream,241,4331.597336043605,2660.452603593746,1671.1447324498586,0.2536949069708226,Email
2024-12-01 00:00:00,Dec,Q4,Daily Care,Essentials,North,Mainstream,188,3399.6949393740106,2187.4362090514114,1212.2587303225991,0.31159997822624635,Paid Social
2024-12-01 00:00:00,Dec,Q4,Daily Care,Essentials,North,Mainstream,185,3369.3007803309756,2189.5920007895556,1179.70877954142,0.2836867258895729,Paid Search
2024-12-01 00:00:00,Dec,Q4,Daily Care,Essentials,North,Premium,158,3114.5908011165757,1966.9122693246106,1147.678531791965,0.21728361152785391,Organic Search
2024-12-01 00:00:00,Dec,Q4,Daily Care,Essentials,North,Premium,152,3218.957491662011,2022.0896082102738,1196.867883451737,0.19535533358987023,Email
2024-12-01 00:00:00,Dec,Q4,Daily Care,Essentials,North,Premium,119,2165.3029873745595,1360.4684915223825,804.834495852177,0.2802055555870499,Paid Social
2024-12-01 00:00:00,Dec,Q4,Daily Care,Essentials,North,Premium,113,2241.939643120924,1466.7762993763115,775.1633437446123,0.2444961549476607,Paid Search
2024-12-01 00:00:00,Dec,Q4,Daily Care,Essentials,South,Value Seekers,208,4029.666745398173,2644.807690570333,1384.8590548278403,0.2264759116171875,Organic Search
2024-12-01 00:00:00,Dec,Q4,Daily Care,Essentials,South,Value Seekers,155,2986.7532837298463,1855.522640137973,1131.2306435918733,0.29035286290235696,Email
2024-12-01 00:00:00,Dec,Q4,Daily Care,Essentials,South,Value Seekers,161,2427.3184803961585,1577.207447924182,850.1110324719766,0.38191015578463167,Paid Social
2024-12-01 00:00:00,Dec,Q4,Daily Care,Essentials,South,Value Seekers,162,2869.1542824861513,1775.5333940968624,1093.620888389289,0.2976866326534535,Paid Search
2024-12-01 00:00:00,Dec,Q4,Daily Care,Essentials,South,Mainstream,185,4011.0687554227775,2551.055609361026,1460.0131460617513,0.18202384054377896,Organic Search
2024-12-01 00:00:00,Dec,Q4,Daily Care,Essentials,South,Mainstream,167,3475.632403115746,2209.4223320720694,1266.2100710436766,0.20615486883603368,Email
2024-12-01 00:00:00,Dec,Q4,Daily Care,Essentials,South,Mainstream,130,2433.525935378524,1568.4646378094847,865.0612975690394,0.29946094705278253,Paid Social
2024-12-01 00:00:00,Dec,Q4,Daily Care,Essentials,South,Mainstream,147,2617.6888433089944,1624.6985448217729,992.9902984872215,0.2767277623424222,Paid Search
2024-12-01 00:00:00,Dec,Q4,Daily Care,Essentials,South,Premium,119,2321.236079369694,1504.3776167502658,816.8584626194281,0.26169317848252494,Organic Search
2024-12-01 00:00:00,Dec,Q4,Daily Care,Essentials,South,Premium,99,1843.20897685133,1176.9708926670828,666.2380841842471,0.2539949615518354,Email
2024-12-01 00:00:00,Dec,Q4,Daily Care,Essentials,South,Premium,83,1378.9056741422078,946.2777823979606,432.6278917442472,0.3287135753755801,Paid Social
2024-12-01 00:00:00,Dec,Q4,Daily Care,Essentials,South,Premium,109,1811.2622333301395,1140.8199073437574,670.442325986382,0.2900861572503075,Paid Search
2024-12-01 00:00:00,Dec,Q4,Daily Care,Essentials,East,Value Seekers,214,4356.892285023733,2784.3600879881783,1572.5321970355549,0.21916132069811517,Organic Search
2024-12-01 00:00:00,Dec,Q4,Daily Care,Essentials,East,Value Seekers,209,4212.154882440113,2709.772849692149,1502.3820327479643,0.24473555096157623,Email
2024-12-01 00:00:00,Dec,Q4,Daily Care,Essentials,East,Value Seekers,190,3130.057836143375,2037.5048869006457,1092.5529492427293,0.32591166689827616,Paid Social
2024-12-01 00:00:00,Dec,Q4,Daily Care,Essentials,East,Value Seekers,194,3595.171525350107,2322.9090203526275,1272.2625049974795,0.24906465866615862,Paid Search
2024-12-01 00:00:00,Dec,Q4,Daily Care,Essentials,East,Mainstream,207,3860.563647165305,2432.6923839308547,1427.8712632344505,0.2545544053917061,Organic Search
2024-12-01 00:00:00,Dec,Q4,Daily Care,Essentials,East,Mainstream,193,3829.696768601373,2427.5004724375235,1402.1962961638496,0.2072586412994838,Email
2024-12-01 00:00:00,Dec,Q4,Daily Care,Essentials,East,Mainstream,180,3288.5479834735147,2063.3036384967736,1225.244344976741,0.31023713644709,Paid Social
2024-12-01 00:00:00,Dec,Q4,Daily Care,Essentials,East,Mainstream,163,3029.102612253757,1992.7335370338494,1036.3690752199075,0.27708376882777364,Paid Search
2024-12-01 00:00:00,Dec,Q4,Daily Care,Essentials,East,Premium,135,2562.4557327727066,1667.2379356265883,895.2177971461183,0.2636883283194997,Organic Search
2024-12-01 00:00:00,Dec,Q4,Daily Care,Essentials,East,Premium,131,2684.6889459968365,1766.8259310911542,917.8630149056823,0.21764009829793088,Email
2024-12-01 00:00:00,Dec,Q4,Daily Care,Essentials,East,Premium,103,1810.6448595974089,1167.7225450462333,642.9223145511755,0.31880035115154365,Paid Social
2024-12-01 00:00:00,Dec,Q4,Daily Care,Essentials,East,Premium,104,1892.3742955411967,1187.8782865949138,704.4960089462829,0.3072160885824703,Paid Search
2024-12-01 00:00:00,Dec,Q4,Daily Care,Essentials,West,Value Seekers,252,5285.4405300153185,3360.563575943314,1924.8769540720045,0.24057336079613006,Organic Search
2024-12-01 00:00:00,Dec,Q4,Daily Care,Essentials,West,Value Seekers,209,4145.680629410543,2659.537993837678,1486.1426355728645,0.23764768334309921,Email
2024-12-01 00:00:00,Dec,Q4,Daily Care,Essentials,West,Value Seekers,155,2821.1127707967275,1799.0346034593313,1022.0781673373963,0.3127984027532459,Paid Social
2024-12-01 00:00:00,Dec,Q4,Daily Care,Essentials,West,Value Seekers,184,3254.655029048852,2046.91814836243,1207.7368806864222,0.3357042316558322,Paid Search
2024-12-01 00:00:00,Dec,Q4,Daily Care,Essentials,West,Mainstream,170,3494.302927431721,2251.2241598041933,1243.0787676275277,0.22483887847100295,Organic Search
2024-12-01 00:00:00,Dec,Q4,Daily Care,Essentials,West,Mainstream,172,3692.081685638127,2389.227860352499,1302.8538252856279,0.19599680953979282,Email
2024-12-01 00:00:00,Dec,Q4,Daily Care,Essentials,West,Mainstream,155,2672.451700135583,1762.7842645029662,909.6674356326168,0.30521605044495353,Paid Social
2024-12-01 00:00:00,Dec,Q4,Daily Care,Essentials,West,Mainstream,163,3227.838548882425,2060.307518917165,1167.5310299652601,0.262266268854329,Paid Search
2024-12-01 00:00:00,Dec,Q4,Daily Care,Essentials,West,Premium,110,2197.537271902402,1415.6869389952935,781.8503329071086,0.2641754268121147,Organic Search
2024-12-01 00:00:00,Dec,Q4,Daily Care,Essentials,West,Premium,128,2560.1086825180314,1628.319667015612,931.7890155024195,0.235988865534909,Email
2024-12-01 00:00:00,Dec,Q4,Daily Care,Essentials,West,Premium,112,2093.356935307485,1298.4262723939694,794.9306629135156,0.30045376915401956,Paid Social
2024-12-01 00:00:00,Dec,Q4,Daily Care,Essentials,West,Premium,144,2711.4731196547154,1729.2060620739103,982.2670575808052,0.23862808027864885,Paid Search
2024-12-01 00:00:00,Dec,Q4,Home Comfort,Home,North,Value Seekers,124,4022.8491685662066,2444.8144453953887,1578.0347231708179,0.3221866700374575,Organic Search
2024-12-01 00:00:00,Dec,Q4,Home Comfort,Home,North,Value Seekers,119,4639.705873785729,2908.2795380182183,1731.4263357675104,0.21775913730411806,Email
2024-12-01 00:00:00,Dec,Q4,Home Comfort,Home,North,Value Seekers,100,3325.0544771682676,1981.4837945373706,1343.570682630897,0.3130618747215023,Paid Social
2024-12-01 00:00:00,Dec,Q4,Home Comfort,Home,North,Value Seekers,106,3622.8155026569925,2047.8683334024008,1574.9471692545917,0.27744893046751223,Paid Search
2024-12-01 00:00:00,Dec,Q4,Home Comfort,Home,North,Mainstream,100,3921.8113932618908,2280.7978936172094,1641.0134996446814,0.1966114504183226,Organic Search
2024-12-01 00:00:00,Dec,Q4,Home Comfort,Home,North,Mainstream,121,4514.266890107145,2777.6026419776717,1736.664248129473,0.2344982577952835,Email
2024-12-01 00:00:00,Dec,Q4,Home Comfort,Home,North,Mainstream,92,2707.5409764290835,1656.1113025900127,1051.4296738390708,0.33414184211192843,Paid Social
2024-12-01 00:00:00,Dec,Q4,Home Comfort,Home,North,Mainstream,137,4375.897205939299,2602.512451719988,1773.3847542193112,0.26297771066950293,Paid Search
2024-12-01 00:00:00,Dec,Q4,Home Comfort,Home,North,Premium,90,3172.3330052131387,1839.9451526436974,1332.3878525694413,0.2554918142826386,Organic Search
2024-12-01 00:00:00,Dec,Q4,Home Comfort,Home,North,Premium,81,3026.376756516058,1766.9921276483992,1259.3846288676586,0.19734698102838116,Email
2024-12-01 00:00:00,Dec,Q4,Home Comfort,Home,North,Premium,63,2099.9519664993045,1194.838443769364,905.1135227299405,0.28889219522907716,Paid Social
2024-12-01 00:00:00,Dec,Q4,Home Comfort,Home,North,Premium,71,2276.3519673471988,1379.0091454600397,897.3428218871591,0.30383370638090157,Paid Search
2024-12-01 00:00:00,Dec,Q4,Home Comfort,Home,South,Value Seekers,90,3374.0023535152677,2050.599982181078,1323.4023713341899,0.20189168353601294,Organic Search
2024-12-01 00:00:00,Dec,Q4,Home Comfort,Home,South,Value Seekers,95,3338.016031499925,2059.864140570453,1278.1518909294718,0.22503973899908375,Email
2024-12-01 00:00:00,Dec,Q4,Home Comfort,Home,South,Value Seekers,90,2654.5212356247876,1614.7737449969545,1039.747490627833,0.35533824512739626,Paid Social
2024-12-01 00:00:00,Dec,Q4,Home Comfort,Home,South,Value Seekers,102,3241.21406590462,1912.5993603436584,1328.6147055609615,0.2967770072998453,Paid Search
2024-12-01 00:00:00,Dec,Q4,Home Comfort,Home,South,Mainstream,91,3387.307399654168,2030.7762015058372,1356.5311981483308,0.20286441197611962,Organic Search
2024-12-01 00:00:00,Dec,Q4,Home Comfort,Home,South,Mainstream,98,3704.397582919327,2218.695421815923,1485.7021611034038,0.21779040576111477,Email
2024-12-01 00:00:00,Dec,Q4,Home Comfort,Home,South,Mainstream,89,2939.6987817985823,1654.3063127892492,1285.3924690093331,0.3090232180747537,Paid Social
2024-12-01 00:00:00,Dec,Q4,Home Comfort,Home,South,Mainstream,75,2506.8479187322428,1557.9285496068394,948.9193691254034,0.280669109943806,Paid Search
2024-12-01 00:00:00,Dec,Q4,Home Comfort,Home,South,Premium,79,3007.102927161524,1882.2021649975118,1124.9007621640121,0.2355688332167662,Organic Search
2024-12-01 00:00:00,Dec,Q4,Home Comfort,Home,South,Premium,53,1694.290183941657,992.5608929203904,701.7292910212666,0.26414016915626715,Email
2024-12-01 00:00:00,Dec,Q4,Home Comfort,Home,South,Premium,51,1636.4250714368736,1026.5823872549663,609.8426841819073,0.30993970932128,Paid Social
2024-12-01 00:00:00,Dec,Q4,Home Comfort,Home,South,Premium,47,1690.4342677227833,1032.947657383282,657.4866103395013,0.22949044324254383,Paid Search
2024-12-01 00:00:00,Dec,Q4,Home Comfort,Home,East,Value Seekers,131,5202.152981200447,2945.4468258098095,2256.706155390638,0.19502411758523605,Organic Search
2024-12-01 00:00:00,Dec,Q4,Home Comfort,Home,East,Value Seekers,129,4430.297600607303,2763.4972302398082,1666.800370367495,0.22737699357953794,Email
2024-12-01 00:00:00,Dec,Q4,Home Comfort,Home,East,Value Seekers,108,3213.880411576425,1882.4231728300329,1331.4572387463922,0.33755278998722843,Paid Social
2024-12-01 00:00:00,Dec,Q4,Home Comfort,Home,East,Value Seekers,106,3483.7247475227996,2194.1553906337854,1289.5693568890142,0.28948521163899904,Paid Search
2024-12-01 00:00:00,Dec,Q4,Home Comfort,Home,East,Mainstream,114,4354.441407135167,2701.239765355124,1653.2016417800428,0.22290857501360142,Organic Search
2024-12-01 00:00:00,Dec,Q4,Home Comfort,Home,East,Mainstream,97,3663.921860393523,2338.9698986799085,1324.9519617136143,0.22853272117676715,Email
2024-12-01 00:00:00,Dec,Q4,Home Comfort,Home,East,Mainstream,87,2886.3186299160016,1795.4521141548457,1090.8665157611558,0.2606524143950433,Paid Social
2024-12-01 00:00:00,Dec,Q4,Home Comfort,Home,East,Mainstream,93,2802.849128328015,1651.9483395480468,1150.9007887799683,0.3129047792579107,Paid Search
2024-12-01 00:00:00,Dec,Q4,Home Comfort,Home,East,Premium,60,2068.1436629301174,1231.8496933610659,836.2939695690516,0.22284548059440978,Organic Search
2024-12-01 00:00:00,Dec,Q4,Home Comfort,Home,East,Premium,85,3120.937059365247,1981.6871206461142,1139.2499387191328,0.26416002423773594,Email
2024-12-01 00:00:00,Dec,Q4,Home Comfort,Home,East,Premium,52,1815.4835507869086,1081.0293856985593,734.4541650883493,0.30437155856237214,Paid Social
2024-12-01 00:00:00,Dec,Q4,Home Comfort,Home,East,Premium,65,2066.391435486418,1264.0623687217615,802.3290667646563,0.3258209173007271,Paid Search
2024-12-01 00:00:00,Dec,Q4,Home Comfort,Home,West,Value Seekers,129,4583.035315295526,2750.3777679788195,1832.6575473167063,0.24424972262829697,Organic Search
2024-12-01 00:00:00,Dec,Q4,Home Comfort,Home,West,Value Seekers,115,4549.925792259898,2685.459748270494,1864.4660439894042,0.2159796043415743,Email
2024-12-01 00:00:00,Dec,Q4,Home Comfort,Home,West,Value Seekers,99,3300.7664838830274,1865.9358129474713,1434.830670935556,0.29110934693711266,Paid Social
2024-12-01 00:00:00,Dec,Q4,Home Comfort,Home,West,Value Seekers,95,2978.62063354873,1807.1568598146937,1171.4637737340363,0.32718023654428496,Paid Search
2024-12-01 00:00:00,Dec,Q4,Home Comfort,Home,West,Mainstream,115,4574.511278455995,2760.2484841004525,1814.2627943555426,0.14959219725816136,Organic Search
2024-12-01 00:00:00,Dec,Q4,Home Comfort,Home,West,Mainstream,107,3716.332789120318,2228.882828791636,1487.4499603286822,0.2226156881115543,Email
2024-12-01 00:00:00,Dec,Q4,Home Comfort,Home,West,Mainstream,81,2908.513169217687,1810.8827490240385,1097.6304201936484,0.27556715028809325,Paid Social
2024-12-01 00:00:00,Dec,Q4,Home Comfort,Home,West,Mainstream,99,3033.8700330577853,1920.8508089202799,1113.0192241375055,0.3352883852485898,Paid Search
2024-12-01 00:00:00,Dec,Q4,Home Comfort,Home,West,Premium,67,2262.1673621269315,1338.8001725726087,923.3671895543227,0.25616429125735996,Organic Search
2024-12-01 00:00:00,Dec,Q4,Home Comfort,Home,West,Premium,63,2171.370916481826,1273.6917309921905,897.6791854896355,0.30026544810615596,Email
2024-12-01 00:00:00,Dec,Q4,Home Comfort,Home,West,Premium,61,1982.0363193802536,1177.4655815476356,804.5707378326181,0.34138790561666676,Paid Social
2024-12-01 00:00:00,Dec,Q4,Home Comfort,Home,West,Premium,73,2418.7367889137518,1545.1149839625489,873.6218049512029,0.27272233556012815,Paid Search
2024-12-01 00:00:00,Dec,Q4,Smart Kitchen,Home,North,Value Seekers,100,5485.927685790556,3178.667933162435,2307.259752628121,0.21050025857469598,Organic Search
2024-12-01 00:00:00,Dec,Q4,Smart Kitchen,Home,North,Value Seekers,90,4792.509664119417,2812.453055237186,1980.0566088822306,0.2385220987297795,Email
2024-12-01 00:00:00,Dec,Q4,Smart Kitchen,Home,North,Value Seekers,79,3747.3167835163895,2268.0813317354614,1479.235451780928,0.3363000363963188,Paid Social
2024-12-01 00:00:00,Dec,Q4,Smart Kitchen,Home,North,Value Seekers,94,4210.476240768492,2416.897598516919,1793.578642251573,0.33794785715557535,Paid Search
2024-12-01 00:00:00,Dec,Q4,Smart Kitchen,Home,North,Mainstream,75,4029.62880904537,2231.004050576002,1798.6247584693679,0.2192160785112437,Organic Search
2024-12-01 00:00:00,Dec,Q4,Smart Kitchen,Home,North,Mainstream,84,4406.75147413133,2484.9689459847946,1921.7825281465352,0.24987285154273114,Email
2024-12-01 00:00:00,Dec,Q4,Smart Kitchen,Home,North,Mainstream,61,3132.5181930653966,1733.5650824577137,1398.953110607683,0.29759402406528146,Paid Social
2024-12-01 00:00:00,Dec,Q4,Smart Kitchen,Home,North,Mainstream,80,4016.487299407906,2252.690491354616,1763.79680805329,0.3156539575179049,Paid Search
2024-12-01 00:00:00,Dec,Q4,Smart Kitchen,Home,North,Premium,49,2871.7406375467936,1672.4019340701877,1199.3387034766058,0.1737657391786023,Organic Search
2024-12-01 00:00:00,Dec,Q4,Smart Kitchen,Home,North,Premium,47,2680.1551807639794,1584.4076030181923,1095.747577745787,0.21582712326194597,Email
2024-12-01 00:00:00,Dec,Q4,Smart Kitchen,Home,North,Premium,42,2183.194931911907,1319.8308961721273,863.3640357397799,0.27311095756847,Paid Social
2024-12-01 00:00:00,Dec,Q4,Smart Kitchen,Home,North,Premium,42,2144.532545954701,1313.2348539021134,831.2976920525878,0.2668773075648411,Paid Search
2024-12-01 00:00:00,Dec,Q4,Smart Kitchen,Home,South,Value Seekers,77,4040.3446298244503,2432.6007718348283,1607.743857989622,0.22024039751474273,Organic Search
2024-12-01 00:00:00,Dec,Q4,Smart Kitchen,Home,South,Value Seekers,71,3654.4842233942672,2027.6678486589635,1626.8163747353037,0.2542951122679001,Email
2024-12-01 00:00:00,Dec,Q4,Smart Kitchen,Home,South,Value Seekers,55,2361.676568889142,1368.6549133103565,993.0216555787854,0.3455587672249109,Paid Social
2024-12-01 00:00:00,Dec,Q4,Smart Kitchen,Home,South,Value Seekers,56,2631.7506834628225,1578.325589010936,1053.4250944518865,0.3079169914947496,Paid Search
2024-12-01 00:00:00,Dec,Q4,Smart Kitchen,Home,South,Mainstream,56,3024.4132178947675,1620.2653239753552,1404.1478939194124,0.19887322252161352,Organic Search
2024-12-01 00:00:00,Dec,Q4,Smart Kitchen,Home,South,Mainstream,76,4218.363881814976,2472.229748296264,1746.1341335187117,0.22558897706617562,Email
2024-12-01 00:00:00,Dec,Q4,Smart Kitchen,Home,South,Mainstream,59,2876.2611760307395,1739.7222462115,1136.5389298192395,0.27896247821151726,Paid Social
2024-12-01 00:00:00,Dec,Q4,Smart Kitchen,Home,South,Mainstream,77,3998.728175798154,2309.489673807219,1689.2385019909352,0.2702522201730003,Paid Search
2024-12-01 00:00:00,Dec,Q4,Smart Kitchen,Home,South,Premium,41,2221.920138190219,1258.914581339037,963.0055568511818,0.22350015262255338,Organic Search
2024-12-01 00:00:00,Dec,Q4,Smart Kitchen,Home,South,Premium,40,2228.715149300806,1308.786258369635,919.9288909311708,0.20670000556174797,Email
2024-12-01 00:00:00,Dec,Q4,Smart Kitchen,Home,South,Premium,49,2462.806986179792,1482.8457205925827,979.9612655872095,0.26594099915286296,Paid Social
2024-12-01 00:00:00,Dec,Q4,Smart Kitchen,Home,South,Premium,40,2143.9247391961007,1241.6818280786945,902.2429111174063,0.27840416278184266,Paid Search
2024-12-01 00:00:00,Dec,Q4,Smart Kitchen,Home,East,Value Seekers,92,4924.2534168290385,2726.107613278073,2198.1458035509654,0.2247328465574071,Organic Search
2024-12-01 00:00:00,Dec,Q4,Smart Kitchen,Home,East,Value Seekers,67,3418.0222787358657,1943.0097366370344,1475.0125420988313,0.26196897764812027,Email
2024-12-01 00:00:00,Dec,Q4,Smart Kitchen,Home,East,Value Seekers,76,3621.864042452763,2075.639101716078,1546.2249407366849,0.31638649448879025,Paid Social
2024-12-01 00:00:00,Dec,Q4,Smart Kitchen,Home,East,Value Seekers,65,3104.242228077801,1793.521345616936,1310.720882460865,0.3051641653126237,Paid Search
2024-12-01 00:00:00,Dec,Q4,Smart Kitchen,Home,East,Mainstream,79,4269.417433440435,2522.741700098481,1746.6757333419541,0.197701333039505,Organic Search
2024-12-01 00:00:00,Dec,Q4,Smart Kitchen,Home,East,Mainstream,73,4168.962873174406,2380.9162208616503,1788.0466523127557,0.2382917775214649,Email
2024-12-01 00:00:00,Dec,Q4,Smart Kitchen,Home,East,Mainstream,78,3659.3629518846765,1999.3306497071146,1660.0323021775619,0.3215753950809468,Paid Social
2024-12-01 00:00:00,Dec,Q4,Smart Kitchen,Home,East,Mainstream,66,3222.9337180541124,1851.4575718053168,1371.4761462487957,0.2358008598546996,Paid Search
2024-12-01 00:00:00,Dec,Q4,Smart Kitchen,Home,East,Premium,64,3484.7810309247475,2022.261218218379,1462.5198127063684,0.22627967797256812,Organic Search
2024-12-01 00:00:00,Dec,Q4,Smart Kitchen,Home,East,Premium,49,2542.9330419370863,1451.2877109464469,1091.6453309906394,0.24469543911144273,Email
2024-12-01 00:00:00,Dec,Q4,Smart Kitchen,Home,East,Premium,49,2561.410652336401,1583.0872790870326,978.3233732493686,0.2706895109332023,Paid Social
2024-12-01 00:00:00,Dec,Q4,Smart Kitchen,Home,East,Premium,51,2553.7651976700063,1455.9175079509043,1097.847689719102,0.2412219981531101,Paid Search
2024-12-01 00:00:00,Dec,Q4,Smart Kitchen,Home,West,Value Seekers,64,3581.0656550440685,2054.064623718793,1527.0010313252756,0.23204957846842975,Organic Search
2024-12-01 00:00:00,Dec,Q4,Smart Kitchen,Home,West,Value Seekers,78,4323.311177345897,2409.5012378220777,1913.8099395238191,0.22403363966179804,Email
2024-12-01 00:00:00,Dec,Q4,Smart Kitchen,Home,West,Value Seekers,65,3202.898236074397,1802.2342292281612,1400.664006846236,0.30519681311896624,Paid Social
2024-12-01 00:00:00,Dec,Q4,Smart Kitchen,Home,West,Value Seekers,75,3642.315997273048,2127.732032660299,1514.5839646127492,0.27610168447737227,Paid Search
2024-12-01 00:00:00,Dec,Q4,Smart Kitchen,Home,West,Mainstream,68,4057.033187912926,2325.2786581467067,1731.7545297662195,0.16449724230468357,Organic Search
2024-12-01 00:00:00,Dec,Q4,Smart Kitchen,Home,West,Mainstream,47,2532.290274572832,1474.233340198964,1058.056934373868,0.2132018168852112,Email
2024-12-01 00:00:00,Dec,Q4,Smart Kitchen,Home,West,Mainstream,55,2757.3832595585172,1576.5947081709971,1180.78855138752,0.2634834658610012,Paid Social
2024-12-01 00:00:00,Dec,Q4,Smart Kitchen,Home,West,Mainstream,59,2937.1954241505955,1705.2745099491597,1231.9209142014358,0.2593596479924649,Paid Search
2024-12-01 00:00:00,Dec,Q4,Smart Kitchen,Home,West,Premium,55,2723.878946690496,1570.5757829858371,1153.3031637046588,0.26246272798949644,Organic Search
2024-12-01 00:00:00,Dec,Q4,Smart Kitchen,Home,West,Premium,37,1939.9682008926277,1030.2207443985114,909.7474564941162,0.24369756982500368,Email
2024-12-01 00:00:00,Dec,Q4,Smart Kitchen,Home,West,Premium,35,1610.1206956328542,904.1547964119142,705.9658992209401,0.31139152352401955,Paid Social
2024-12-01 00:00:00,Dec,Q4,Smart Kitchen,Home,West,Premium,52,2521.6891114788245,1445.1697756730935,1076.519335805731,0.28416375644008524,Paid Search
2024-12-01 00:00:00,Dec,Q4,Activewear,Lifestyle,North,Value Seekers,117,5619.314491247389,3417.5511542234813,2201.7633370239078,0.20663898857449314,Organic Search
2024-12-01 00:00:00,Dec,Q4,Activewear,Lifestyle,North,Value Seekers,88,3836.075052110298,2151.002388622974,1685.072663487324,0.25999756636819943,Email
2024-12-01 00:00:00,Dec,Q4,Activewear,Lifestyle,North,Value Seekers,104,4076.9477641576486,2350.6289928217566,1726.318771335892,0.3143537127781942,Paid Social
2024-12-01 00:00:00,Dec,Q4,Activewear,Lifestyle,North,Value Seekers,106,4387.577743967842,2717.984803766292,1669.5929402015504,0.30464218272105686,Paid Search
2024-12-01 00:00:00,Dec,Q4,Activewear,Lifestyle,North,Mainstream,105,4727.40780215854,2914.296557186209,1813.111244972331,0.2261747486221825,Organic Search
2024-12-01 00:00:00,Dec,Q4,Activewear,Lifestyle,North,Mainstream,88,3848.082761708661,2296.101050550404,1551.981711158257,0.24036113625830466,Email
2024-12-01 00:00:00,Dec,Q4,Activewear,Lifestyle,North,Mainstream,88,3872.0484365803754,2283.328651336572,1588.7197852438035,0.2762915504623125,Paid Social
2024-12-01 00:00:00,Dec,Q4,Activewear,Lifestyle,North,Mainstream,81,3173.524733246324,1881.5869983234088,1291.9377349229153,0.25709163734352414,Paid Search
2024-12-01 00:00:00,Dec,Q4,Activewear,Lifestyle,North,Premium,70,3204.912485010894,1909.4605092193624,1295.4519757915318,0.23460706625608024,Organic Search
2024-12-01 00:00:00,Dec,Q4,Activewear,Lifestyle,North,Premium,66,3305.803946172663,1887.7805491953068,1418.0233969773562,0.19147860527627075,Email
2024-12-01 00:00:00,Dec,Q4,Activewear,Lifestyle,North,Premium,58,2152.303525477352,1263.4060940864886,888.8974313908636,0.3541270554358652,Paid Social
2024-12-01 00:00:00,Dec,Q4,Activewear,Lifestyle,North,Premium,56,2362.884927137992,1413.9271791049791,948.9577480330126,0.2874475841580984,Paid Search
2024-12-01 00:00:00,Dec,Q4,Activewear,Lifestyle,South,Value Seekers,91,4065.478807913886,2492.2589187888802,1573.219889125006,0.1988543859219023,Organic Search
2024-12-01 00:00:00,Dec,Q4,Activewear,Lifestyle,South,Value Seekers,79,3745.776946190071,2203.9438695183203,1541.8330766717509,0.2239618333130014,Email
2024-12-01 00:00:00,Dec,Q4,Activewear,Lifestyle,South,Value Seekers,82,3248.5313770797297,2011.8932836579788,1236.638093421751,0.34604874734603,Paid Social
2024-12-01 00:00:00,Dec,Q4,Activewear,Lifestyle,South,Value Seekers,86,3456.4820894645636,2172.0684441995595,1284.413645265004,0.3264729008973821,Paid Search
2024-12-01 00:00:00,Dec,Q4,Activewear,Lifestyle,South,Mainstream,100,4559.026672950864,2640.0668334696998,1918.9598394811642,0.2142781156265782,Organic Search
2024-12-01 00:00:00,Dec,Q4,Activewear,Lifestyle,South,Mainstream,76,3242.0904312372986,1919.7695155889276,1322.320915648371,0.2544857588087456,Email
2024-12-01 00:00:00,Dec,Q4,Activewear,Lifestyle,South,Mainstream,62,2453.5030174999883,1416.4506316141187,1037.0523858858696,0.297086414851008,Paid Social
2024-12-01 00:00:00,Dec,Q4,Activewear,Lifestyle,South,Mainstream,74,3172.939050472671,1937.9081760802821,1235.030874392389,0.26126215570599753,Paid Search
2024-12-01 00:00:00,Dec,Q4,Activewear,Lifestyle,South,Premium,70,3475.384806792364,2087.6971570839128,1387.6876497084513,0.15732860680752803,Organic Search
2024-12-01 00:00:00,Dec,Q4,Activewear,Lifestyle,South,Premium,64,2633.818499320613,1512.7508431333524,1121.0676561872604,0.274740767415993,Email
2024-12-01 00:00:00,Dec,Q4,Activewear,Lifestyle,South,Premium,53,2184.085438845269,1293.582518196435,890.5029206488339,0.24322586802180915,Paid Social
2024-12-01 00:00:00,Dec,Q4,Activewear,Lifestyle,South,Premium,48,2069.2777844167263,1231.6860560359507,837.5917283807755,0.2618991724753553,Paid Search
2024-12-01 00:00:00,Dec,Q4,Activewear,Lifestyle,East,Value Seekers,104,4738.2478892937825,2769.443938000652,1968.8039512931305,0.22812668450941978,Organic Search
2024-12-01 00:00:00,Dec,Q4,Activewear,Lifestyle,East,Value Seekers,102,4278.291862816221,2589.6163089445963,1688.6755538716243,0.24486318080917713,Email
2024-12-01 00:00:00,Dec,Q4,Activewear,Lifestyle,East,Value Seekers,96,3410.595722559198,2018.2901887622952,1392.3055337969026,0.3504465878750556,Paid Social
2024-12-01 00:00:00,Dec,Q4,Activewear,Lifestyle,East,Value Seekers,91,3449.7105910622154,2033.8107458296968,1415.8998452325186,0.30689438801496977,Paid Search
2024-12-01 00:00:00,Dec,Q4,Activewear,Lifestyle,East,Mainstream,111,5244.728257524083,3139.5696621097445,2105.158595414339,0.2149872749656023,Organic Search
2024-12-01 00:00:00,Dec,Q4,Activewear,Lifestyle,East,Mainstream,79,3440.151682849834,1950.0398815479807,1490.1118013018531,0.20629715078874516,Email
2024-12-01 00:00:00,Dec,Q4,Activewear,Lifestyle,East,Mainstream,82,3195.54815260015,1898.9636970370639,1296.584455563086,0.31383195400313596,Paid Social
2024-12-01 00:00:00,Dec,Q4,Activewear,Lifestyle,East,Mainstream,82,3512.775546272067,2017.3661029289067,1495.4094433431603,0.27328256442417936,Paid Search
2024-12-01 00:00:00,Dec,Q4,Activewear,Lifestyle,East,Premium,65,3075.7017315992935,1908.3016528365906,1167.4000787627028,0.21857371910272225,Organic Search
2024-12-01 00:00:00,Dec,Q4,Activewear,Lifestyle,East,Premium,47,2138.2266495156605,1255.7028169050989,882.5238326105616,0.20355223465951364,Email
2024-12-01 00:00:00,Dec,Q4,Activewear,Lifestyle,East,Premium,55,2042.882506896757,1229.9582861859806,812.9242207107764,0.29812941383969593,Paid Social
2024-12-01 00:00:00,Dec,Q4,Activewear,Lifestyle,East,Premium,60,2359.622501195724,1439.1321159862935,920.4903852094305,0.2892418038664686,Paid Search
2024-12-01 00:00:00,Dec,Q4,Activewear,Lifestyle,West,Value Seekers,90,4160.447949802789,2497.944779611729,1662.5031701910598,0.22096308671153223,Organic Search
2024-12-01 00:00:00,Dec,Q4,Activewear,Lifestyle,West,Value Seekers,88,3836.09726488724,2393.505448073646,1442.5918168135936,0.2758294285342245,Email
2024-12-01 00:00:00,Dec,Q4,Activewear,Lifestyle,West,Value Seekers,78,3149.5734128587096,1885.6624080657543,1263.9110047929553,0.2786216258655333,Paid Social
2024-12-01 00:00:00,Dec,Q4,Activewear,Lifestyle,West,Value Seekers,75,3225.1252667045173,1851.093879645435,1374.0313870590824,0.24709634400034686,Paid Search
2024-12-01 00:00:00,Dec,Q4,Activewear,Lifestyle,West,Mainstream,95,4139.480880845434,2553.430092642698,1586.0507882027355,0.20000489586950843,Organic Search
2024-12-01 00:00:00,Dec,Q4,Activewear,Lifestyle,West,Mainstream,102,4568.4911000995135,2853.3826540173936,1715.1084460821198,0.2435611961680324,Email
2024-12-01 00:00:00,Dec,Q4,Activewear,Lifestyle,West,Mainstream,68,2743.754118945746,1677.4943679315288,1066.2597510142173,0.33729887354139293,Paid Social
2024-12-01 00:00:00,Dec,Q4,Activewear,Lifestyle,West,Mainstream,82,3376.947204606175,2007.6543779963838,1369.2928266097913,0.2901732397232212,Paid Search
2024-12-01 00:00:00,Dec,Q4,Activewear,Lifestyle,West,Premium,61,2897.0836909395157,1654.351537162351,1242.7321537771647,0.22371957603968662,Organic Search
2024-12-01 00:00:00,Dec,Q4,Activewear,Lifestyle,West,Premium,58,2784.8521988566413,1693.410546407479,1091.4416524491623,0.20438311509867965,Email
2024-12-01 00:00:00,Dec,Q4,Activewear,Lifestyle,West,Premium,46,1972.9494388684645,1205.7804698403443,767.1689690281203,0.24904298987451368,Paid Social
2024-12-01 00:00:00,Dec,Q4,Activewear,Lifestyle,West,Premium,49,1949.3604694055568,1138.382536831418,810.9779325741388,0.27506017598417637,Paid Search
2024-12-01 00:00:00,Dec,Q4,Premium Audio,Electronics,North,Value Seekers,49,4667.079159322191,2368.185161005299,2298.893998316892,0.2163104648346738,Organic Search
2024-12-01 00:00:00,Dec,Q4,Premium Audio,Electronics,North,Value Seekers,51,4640.327246017766,2481.4671448257377,2158.860101192028,0.2563836721936282,Email
2024-12-01 00:00:00,Dec,Q4,Premium Audio,Electronics,North,Value Seekers,31,2296.5776102563973,1193.6360165972064,1102.9415936591909,0.3412684262139775,Paid Social
2024-12-01 00:00:00,Dec,Q4,Premium Audio,Electronics,North,Value Seekers,39,3217.394497345522,1642.0165804933258,1575.377916852196,0.2784586696773933,Paid Search
2024-12-01 00:00:00,Dec,Q4,Premium Audio,Electronics,North,Mainstream,45,4199.704504521354,2153.7461908385458,2045.9583136828078,0.21831745691757604,Organic Search
2024-12-01 00:00:00,Dec,Q4,Premium Audio,Electronics,North,Mainstream,37,3327.404437002132,1789.6412724008926,1537.7631646012394,0.23344604657203324,Email
2024-12-01 00:00:00,Dec,Q4,Premium Audio,Electronics,North,Mainstream,33,2811.297624717335,1431.7565499047785,1379.5410748125566,0.2870277532545322,Paid Social
2024-12-01 00:00:00,Dec,Q4,Premium Audio,Electronics,North,Mainstream,30,2481.939993236295,1273.8882042891726,1208.0517889471223,0.2710893325443051,Paid Search
2024-12-01 00:00:00,Dec,Q4,Premium Audio,Electronics,North,Premium,24,2357.352509834435,1304.7723770138114,1052.5801328206235,0.20356790903315436,Organic Search
2024-12-01 00:00:00,Dec,Q4,Premium Audio,Electronics,North,Premium,31,2942.447701086414,1554.386251040038,1388.061450046376,0.26124538219649507,Email
2024-12-01 00:00:00,Dec,Q4,Premium Audio,Electronics,North,Premium,28,2283.3851461012337,1113.1831066265138,1170.2020394747199,0.2699128666844832,Paid Social
2024-12-01 00:00:00,Dec,Q4,Premium Audio,Electronics,North,Premium,26,2236.655936596356,1243.8042962758157,992.8516403205401,0.29818533381295165,Paid Search
2024-12-01 00:00:00,Dec,Q4,Premium Audio,Electronics,South,Value Seekers,36,3468.19675014908,1895.9528601526783,1572.2438899964015,0.2139378697672773,Organic Search
2024-12-01 00:00:00,Dec,Q4,Premium Audio,Electronics,South,Value Seekers,37,3172.4091646031734,1621.0898077981672,1551.3193568050062,0.266612487113714,Email
2024-12-01 00:00:00,Dec,Q4,Premium Audio,Electronics,South,Value Seekers,34,2760.2135609511515,1426.7270923288086,1333.486468622343,0.3155112227726657,Paid Social
2024-12-01 00:00:00,Dec,Q4,Premium Audio,Electronics,South,Value Seekers,30,2360.7816046643266,1167.1576098912349,1193.6239947730917,0.315719552490758,Paid Search
2024-12-01 00:00:00,Dec,Q4,Premium Audio,Electronics,South,Mainstream,47,4857.178069604421,2550.445642988919,2306.7324266155015,0.18529721057786894,Organic Search
2024-12-01 00:00:00,Dec,Q4,Premium Audio,Electronics,South,Mainstream,36,3265.8987343472672,1732.120828478116,1533.7779058691513,0.21432994556070123,Email
2024-12-01 00:00:00,Dec,Q4,Premium Audio,Electronics,South,Mainstream,32,2711.419424281274,1431.097953296796,1280.321470984478,0.28593306756079945,Paid Social
2024-12-01 00:00:00,Dec,Q4,Premium Audio,Electronics,South,Mainstream,28,2447.5941485052,1298.6209495721698,1148.97319893303,0.23700145203493972,Paid Search
2024-12-01 00:00:00,Dec,Q4,Premium Audio,Electronics,South,Premium,29,2762.478479517661,1511.2498131547436,1251.2286663629175,0.18240398934957214,Organic Search
2024-12-01 00:00:00,Dec,Q4,Premium Audio,Electronics,South,Premium,22,2040.804679851378,1013.1608575686547,1027.6438222827232,0.23063192532871174,Email
2024-12-01 00:00:00,Dec,Q4,Premium Audio,Electronics,South,Premium,21,1675.4643467247217,880.310738056303,795.1536086684188,0.30300001857787406,Paid Social
2024-12-01 00:00:00,Dec,Q4,Premium Audio,Electronics,South,Premium,22,1709.8911252714627,925.005145404459,784.8859798670037,0.302326274628434,Paid Search
2024-12-01 00:00:00,Dec,Q4,Premium Audio,Electronics,East,Value Seekers,46,4085.0940574000388,2056.11132131394,2028.9827360860986,0.2449758354320929,Organic Search
2024-12-01 00:00:00,Dec,Q4,Premium Audio,Electronics,East,Value Seekers,43,3585.091697310025,1962.6724792912705,1622.4192180187547,0.29718196405514213,Email
2024-12-01 00:00:00,Dec,Q4,Premium Audio,Electronics,East,Value Seekers,46,3463.215711247252,1826.5489795701487,1636.6667316771031,0.33122136134770785,Paid Social
2024-12-01 00:00:00,Dec,Q4,Premium Audio,Electronics,East,Value Seekers,46,3768.1685693621403,1908.706676085052,1859.4618932770882,0.296426739790252,Paid Search
2024-12-01 00:00:00,Dec,Q4,Premium Audio,Electronics,East,Mainstream,40,3598.1632701047597,1926.0536862975755,1672.1095838071842,0.21453880277609633,Organic Search
2024-12-01 00:00:00,Dec,Q4,Premium Audio,Electronics,East,Mainstream,33,3001.822262722797,1531.2163780376543,1470.6058846851427,0.24537611504940066,Email
2024-12-01 00:00:00,Dec,Q4,Premium Audio,Electronics,East,Mainstream,35,2582.2810255437066,1451.01525370761,1131.2657718360965,0.3509413124393076,Paid Social
2024-12-01 00:00:00,Dec,Q4,Premium Audio,Electronics,East,Mainstream,40,3449.0037539609352,1831.7768089706537,1617.2269449902815,0.27809359259210176,Paid Search
2024-12-01 00:00:00,Dec,Q4,Premium Audio,Electronics,East,Premium,35,3193.9921756324493,1757.8569714795071,1436.1352041529422,0.2206001857100079,Organic Search
2024-12-01 00:00:00,Dec,Q4,Premium Audio,Electronics,East,Premium,20,1927.5445725008994,994.8692267445058,932.6753457563937,0.24143496594590524,Email
2024-12-01 00:00:00,Dec,Q4,Premium Audio,Electronics,East,Premium,25,2002.3675114399916,1044.1471349075507,958.2203765324409,0.32493290202959674,Paid Social
2024-12-01 00:00:00,Dec,Q4,Premium Audio,Electronics,East,Premium,23,1945.7112443797132,1031.6127384007484,914.0985059789648,0.2633856696545836,Paid Search
2024-12-01 00:00:00,Dec,Q4,Premium Audio,Electronics,West,Value Seekers,47,4033.7794383664245,2069.8391855628165,1963.940252803608,0.2434901708757748,Organic Search
2024-12-01 00:00:00,Dec,Q4,Premium Audio,Electronics,West,Value Seekers,35,3173.9429972171097,1708.1006850592626,1465.8423121578471,0.25026773523598544,Email
2024-12-01 00:00:00,Dec,Q4,Premium Audio,Electronics,West,Value Seekers,35,2562.4708592086968,1388.9075388032793,1173.5633204054175,0.3462309967989606,Paid Social
2024-12-01 00:00:00,Dec,Q4,Premium Audio,Electronics,West,Value Seekers,31,2584.653867940504,1397.4590678674656,1187.1948000730383,0.2984588518299454,Paid Search
2024-12-01 00:00:00,Dec,Q4,Premium Audio,Electronics,West,Mainstream,38,3517.5503951054593,1859.2134572183745,1658.3369378870848,0.18851385702911605,Organic Search
2024-12-01 00:00:00,Dec,Q4,Premium Audio,Electronics,West,Mainstream,26,2336.725802601782,1174.2140093786288,1162.5117932231533,0.23509681318736533,Email
2024-12-01 00:00:00,Dec,Q4,Premium Audio,Electronics,West,Mainstream,36,3065.2211831208033,1526.5056203192612,1538.715562801542,0.2756211312740966,Paid Social
2024-12-01 00:00:00,Dec,Q4,Premium Audio,Electronics,West,Mainstream,28,2340.0229578715143,1268.5237252454324,1071.499232626082,0.24409460491070267,Paid Search
2024-12-01 00:00:00,Dec,Q4,Premium Audio,Electronics,West,Premium,21,1804.1909519974927,978.3572343833868,825.8337176141059,0.21928287292884568,Organic Search
2024-12-01 00:00:00,Dec,Q4,Premium Audio,Electronics,West,Premium,22,2080.6900573362245,1095.2602109014363,985.4298464347883,0.2034028859124661,Email
2024-12-01 00:00:00,Dec,Q4,Premium Audio,Electronics,West,Premium,20,1617.2659327088368,871.2411781032581,746.0247546055787,0.28097735549950437,Paid Social
2024-12-01 00:00:00,Dec,Q4,Premium Audio,Electronics,West,Premium,26,2231.488764124826,1048.054446777667,1183.434317347159,0.2696669603637852,Paid Search
2024-12-01 00:00:00,Dec,Q4,Pro Camera,Electronics,North,Value Seekers,26,3354.324143644037,1614.2566211067806,1740.0675225372565,0.22863940560285437,Organic Search
2024-12-01 00:00:00,Dec,Q4,Pro Camera,Electronics,North,Value Seekers,26,3582.088712607737,1718.1337125937484,1863.9550000139884,0.21594389473687406,Email
2024-12-01 00:00:00,Dec,Q4,Pro Camera,Electronics,North,Value Seekers,16,1861.1837587199439,868.7690087678052,992.4147499521387,0.3249922477163364,Paid Social
2024-12-01 00:00:00,Dec,Q4,Pro Camera,Electronics,North,Value Seekers,19,2292.5119911408096,1162.7126726852055,1129.7993184556042,0.27422294202972886,Paid Search
2024-12-01 00:00:00,Dec,Q4,Pro Camera,Electronics,North,Mainstream,19,2619.719623978932,1336.9875892460377,1282.7320347328941,0.20590773092227302,Organic Search
2024-12-01 00:00:00,Dec,Q4,Pro Camera,Electronics,North,Mainstream,29,3644.524535807161,1769.1422067201581,1875.382329087003,0.2817232589105282,Email
2024-12-01 00:00:00,Dec,Q4,Pro Camera,Electronics,North,Mainstream,22,2602.5964786215904,1203.832975671411,1398.7635029501794,0.31717459216841015,Paid Social
2024-12-01 00:00:00,Dec,Q4,Pro Camera,Electronics,North,Mainstream,28,3156.750781024649,1606.919896642839,1549.83088438181,0.3384352950769258,Paid Search
2024-12-01 00:00:00,Dec,Q4,Pro Camera,Electronics,North,Premium,15,2191.435267241514,1132.1126916275846,1059.3225756139293,0.2142774896826219,Organic Search
2024-12-01 00:00:00,Dec,Q4,Pro Camera,Electronics,North,Premium,14,1821.9965800957414,891.6929086515437,930.3036714441977,0.24616122443094537,Email
2024-12-01 00:00:00,Dec,Q4,Pro Camera,Electronics,North,Premium,13,1580.6343140378303,797.558283983838,783.0760300539923,0.2811505676153221,Paid Social
2024-12-01 00:00:00,Dec,Q4,Pro Camera,Electronics,North,Premium,17,2308.313954371437,1113.9812053639946,1194.3327490074423,0.25468181841467774,Paid Search
2024-12-01 00:00:00,Dec,Q4,Pro Camera,Electronics,South,Value Seekers,17,2199.699789090209,1130.9126116873,1068.787177402909,0.23543389485279928,Organic Search
2024-12-01 00:00:00,Dec,Q4,Pro Camera,Electronics,South,Value Seekers,29,3930.334893965452,1889.0419824151138,2041.2929115503382,0.23387761690404463,Email
2024-12-01 00:00:00,Dec,Q4,Pro Camera,Electronics,South,Value Seekers,28,3418.747948796548,1741.146613426568,1677.60133536998,0.316325364284457,Paid Social
2024-12-01 00:00:00,Dec,Q4,Pro Camera,Electronics,South,Value Seekers,27,3461.411011885302,1692.0101544510994,1769.4008574342024,0.29518867795597703,Paid Search
2024-12-01 00:00:00,Dec,Q4,Pro Camera,Electronics,South,Mainstream,22,3203.722822651915,1521.2191821930915,1682.5036404588236,0.19158472666231208,Organic Search
2024-12-01 00:00:00,Dec,Q4,Pro Camera,Electronics,South,Mainstream,24,3475.462131379447,1723.3366211938405,1752.1255101856063,0.19634981820966632,Email
2024-12-01 00:00:00,Dec,Q4,Pro Camera,Electronics,South,Mainstream,20,2355.728080185333,1162.8603327535154,1192.8677474318176,0.34953696927161143,Paid Social
2024-12-01 00:00:00,Dec,Q4,Pro Camera,Electronics,South,Mainstream,24,2999.3570305157414,1408.5004238084096,1590.8566067073318,0.27592026613097703,Paid Search
2024-12-01 00:00:00,Dec,Q4,Pro Camera,Electronics,South,Premium,19,2760.3438995398005,1310.8120693714225,1449.531830168378,0.18669954341312436,Organic Search
2024-12-01 00:00:00,Dec,Q4,Pro Camera,Electronics,South,Premium,15,2103.587035443982,1029.0310962784042,1074.555939165578,0.2496361157513794,Email
2024-12-01 00:00:00,Dec,Q4,Pro Camera,Electronics,South,Premium,15,1812.6529555245024,894.8565755109114,917.796380013591,0.34006062864066017,Paid Social
2024-12-01 00:00:00,Dec,Q4,Pro Camera,Electronics,South,Premium,10,1272.6534742784759,640.2844693038152,632.3690049746607,0.25792043576296053,Paid Search
2024-12-01 00:00:00,Dec,Q4,Pro Camera,Electronics,East,Value Seekers,20,2756.9271074027247,1402.1700294939167,1354.757077908808,0.2286127848908192,Organic Search
2024-12-01 00:00:00,Dec,Q4,Pro Camera,Electronics,East,Value Seekers,20,2913.0054272285047,1470.4115274209457,1442.593899807559,0.21683109498638914,Email
2024-12-01 00:00:00,Dec,Q4,Pro Camera,Electronics,East,Value Seekers,22,2505.8705706312903,1203.256977069243,1302.6135935620473,0.3053755974260454,Paid Social
2024-12-01 00:00:00,Dec,Q4,Pro Camera,Electronics,East,Value Seekers,29,3403.3848197693483,1640.1781880363908,1763.2066317329575,0.3358576038145164,Paid Search
2024-12-01 00:00:00,Dec,Q4,Pro Camera,Electronics,East,Mainstream,24,3385.680384136886,1585.4412008177917,1800.2391833190943,0.23766936563150667,Organic Search
2024-12-01 00:00:00,Dec,Q4,Pro Camera,Electronics,East,Mainstream,27,3824.958106126588,1817.3030444103056,2007.6550617162825,0.22682833049905285,Email
2024-12-01 00:00:00,Dec,Q4,Pro Camera,Electronics,East,Mainstream,15,1806.1334792229852,894.8431544744808,911.2903247485044,0.29904070164264185,Paid Social
2024-12-01 00:00:00,Dec,Q4,Pro Camera,Electronics,East,Mainstream,19,2372.8623128199097,1192.6031998659425,1180.2591129539671,0.2587307547914705,Paid Search
2024-12-01 00:00:00,Dec,Q4,Pro Camera,Electronics,East,Premium,20,2941.4072421115393,1458.4883304477573,1482.918911663782,0.2042882735669414,Organic Search
2024-12-01 00:00:00,Dec,Q4,Pro Camera,Electronics,East,Premium,28,3960.5632528148844,2001.9730271607434,1958.590225654141,0.2374899558189903,Email
2024-12-01 00:00:00,Dec,Q4,Pro Camera,Electronics,East,Premium,18,2159.6384064852755,1100.9517087508518,1058.6866977344237,0.30438330993171175,Paid Social
2024-12-01 00:00:00,Dec,Q4,Pro Camera,Electronics,East,Premium,28,3649.006556138274,1741.838871241317,1907.1676848969569,0.2453719152328849,Paid Search
2024-12-01 00:00:00,Dec,Q4,Pro Camera,Electronics,West,Value Seekers,32,4068.000133230107,1968.3553362761072,2099.644796954,0.24602199093141192,Organic Search
2024-12-01 00:00:00,Dec,Q4,Pro Camera,Electronics,West,Value Seekers,21,2991.2007448446593,1487.3230129146239,1503.8777319300355,0.21252338173116303,Email
2024-12-01 00:00:00,Dec,Q4,Pro Camera,Electronics,West,Value Seekers,21,2417.10500526344,1233.2660027793015,1183.8390024841385,0.32902818591598704,Paid Social
2024-12-01 00:00:00,Dec,Q4,Pro Camera,Electronics,West,Value Seekers,18,2101.3377134783004,1073.8388120820377,1027.4989013962627,0.30506903172690664,Paid Search
2024-12-01 00:00:00,Dec,Q4,Pro Camera,Electronics,West,Mainstream,32,4925.711474986912,2424.5681659503866,2501.143309036526,0.177693522700798,Organic Search
2024-12-01 00:00:00,Dec,Q4,Pro Camera,Electronics,West,Mainstream,17,2336.362752365342,1052.6436379970532,1283.719114368289,0.22686155800272192,Email
2024-12-01 00:00:00,Dec,Q4,Pro Camera,Electronics,West,Mainstream,15,1735.8703755974832,862.6321880158382,873.238187581645,0.3143799266412885,Paid Social
2024-12-01 00:00:00,Dec,Q4,Pro Camera,Electronics,West,Mainstream,15,1885.3725686313355,925.5932609223298,959.7793077090057,0.259494707000975,Paid Search
2024-12-01 00:00:00,Dec,Q4,Pro Camera,Electronics,West,Premium,11,1467.148066048064,741.0819169360796,726.0661491119845,0.23932176859638993,Organic Search
2024-12-01 00:00:00,Dec,Q4,Pro Camera,Electronics,West,Premium,12,1619.3877506440465,796.7045241448967,822.6832264991498,0.24670596520598653,Email
2024-12-01 00:00:00,Dec,Q4,Pro Camera,Electronics,West,Premium,11,1292.4642229256528,636.6966857768036,655.7675371488492,0.32792990410854495,Paid Social
2024-12-01 00:00:00,Dec,Q4,Pro Camera,Electronics,West,Premium,13,1676.619637156739,805.2526606368164,871.3669765199226,0.28848769420931986,Paid Search
2024-12-01 00:00:00,Dec,Q4,Luxury Set,Lifestyle,North,Value Seekers,13,1459.7760787774423,697.1422196435366,762.6338591339057,0.22071719963367592,Organic Search
2024-12-01 00:00:00,Dec,Q4,Luxury Set,Lifestyle,North,Value Seekers,15,1687.6952528028205,829.0579691402651,858.6372836625554,0.2375688965112687,Email
2024-12-01 00:00:00,Dec,Q4,Luxury Set,Lifestyle,North,Value Seekers,14,1373.797463810457,654.1672864164714,719.6301773939856,0.31384478807911287,Paid Social
2024-12-01 00:00:00,Dec,Q4,Luxury Set,Lifestyle,North,Value Seekers,13,1313.9344739530748,618.7441156375712,695.1903583155035,0.3010746223273089,Paid Search
2024-12-01 00:00:00,Dec,Q4,Luxury Set,Lifestyle,North,Mainstream,17,2031.7074707907855,906.0286595008399,1125.6788112899455,0.20983164635594073,Organic Search
2024-12-01 00:00:00,Dec,Q4,Luxury Set,Lifestyle,North,Mainstream,15,1871.8488175411367,938.7818554377388,933.0669621033978,0.18512550245691695,Email
2024-12-01 00:00:00,Dec,Q4,Luxury Set,Lifestyle,North,Mainstream,16,1660.3779809990504,780.4409480681393,879.9370329309111,0.2868285548081853,Paid Social
2024-12-01 00:00:00,Dec,Q4,Luxury Set,Lifestyle,North,Mainstream,15,1661.0917616071654,752.8595554539063,908.2322061532591,0.25808540028913224,Paid Search
2024-12-01 00:00:00,Dec,Q4,Luxury Set,Lifestyle,North,Premium,14,1541.3688019900849,725.235864241125,816.1329377489599,0.22243232955333048,Organic Search
2024-12-01 00:00:00,Dec,Q4,Luxury Set,Lifestyle,North,Premium,15,1692.115943195921,796.1387216721507,895.9772215237704,0.25029168407400004,Email
2024-12-01 00:00:00,Dec,Q4,Luxury Set,Lifestyle,North,Premium,10,978.2959511679807,456.7665000689513,521.5294510990293,0.3237383316972495,Paid Social
2024-12-01 00:00:00,Dec,Q4,Luxury Set,Lifestyle,North,Premium,15,1617.3968061579083,766.7741605556829,850.6226456022254,0.2722990523089746,Paid Search
2024-12-01 00:00:00,Dec,Q4,Luxury Set,Lifestyle,South,Value Seekers,14,1698.7365779456793,781.4774294753975,917.2591484702818,0.24849395459943596,Organic Search
2024-12-01 00:00:00,Dec,Q4,Luxury Set,Lifestyle,South,Value Seekers,12,1419.5680753214024,670.6345980188844,748.933477302518,0.23840966655490992,Email
2024-12-01 00:00:00,Dec,Q4,Luxury Set,Lifestyle,South,Value Seekers,7,648.8203380042695,309.9842095684919,338.8361284357776,0.3420517249330796,Paid Social
2024-12-01 00:00:00,Dec,Q4,Luxury Set,Lifestyle,South,Value Seekers,15,1642.6843695968143,780.2578068781513,862.426562718663,0.3099772336233072,Paid Search
2024-12-01 00:00:00,Dec,Q4,Luxury Set,Lifestyle,South,Mainstream,12,1342.9729783993607,605.767213424731,737.2057649746297,0.23191676338167444,Organic Search
2024-12-01 00:00:00,Dec,Q4,Luxury Set,Lifestyle,South,Mainstream,16,1865.0008844875706,845.0354496227857,1019.9654348647849,0.218282882208643,Email
2024-12-01 00:00:00,Dec,Q4,Luxury Set,Lifestyle,South,Mainstream,13,1325.0974857968133,580.5892190499939,744.5082667468195,0.33236908578530655,Paid Social
2024-12-01 00:00:00,Dec,Q4,Luxury Set,Lifestyle,South,Mainstream,22,2624.6577605274724,1187.9941081714169,1436.6636523560555,0.2206226181887452,Paid Search
2024-12-01 00:00:00,Dec,Q4,Luxury Set,Lifestyle,South,Premium,10,1169.251936104462,561.7125844959501,607.5393516085119,0.18580972849550176,Organic Search
2024-12-01 00:00:00,Dec,Q4,Luxury Set,Lifestyle,South,Premium,10,1153.3634861960547,528.1642275957712,625.1992586002835,0.22101507410265514,Email
2024-12-01 00:00:00,Dec,Q4,Luxury Set,Lifestyle,South,Premium,10,1010.8581567213263,463.9943229579212,546.8638337634051,0.2989100991387297,Paid Social
2024-12-01 00:00:00,Dec,Q4,Luxury Set,Lifestyle,South,Premium,10,1027.4927764890256,486.9238672859079,540.5689092031178,0.3111660826571587,Paid Search
2024-12-01 00:00:00,Dec,Q4,Luxury Set,Lifestyle,East,Value Seekers,11,1225.4238578216202,550.8660730613412,674.557784760279,0.23076262036251072,Organic Search
2024-12-01 00:00:00,Dec,Q4,Luxury Set,Lifestyle,East,Value Seekers,17,1971.1137377225386,921.9492598441716,1049.164477878367,0.2229985631174565,Email
2024-12-01 00:00:00,Dec,Q4,Luxury Set,Lifestyle,East,Value Seekers,18,1707.7888689783485,779.3155778706454,928.4732911077032,0.33102297069520903,Paid Social
2024-12-01 00:00:00,Dec,Q4,Luxury Set,Lifestyle,East,Value Seekers,15,1526.5233911482937,665.7859860253055,860.7374051229882,0.279617991765222,Paid Search
2024-12-01 00:00:00,Dec,Q4,Luxury Set,Lifestyle,East,Mainstream,19,2164.9711630254205,1095.2336683743026,1069.737494651118,0.21560448712134483,Organic Search
2024-12-01 00:00:00,Dec,Q4,Luxury Set,Lifestyle,East,Mainstream,15,1845.3589696460954,861.7109778353897,983.6479918107057,0.1887937570321743,Email
2024-12-01 00:00:00,Dec,Q4,Luxury Set,Lifestyle,East,Mainstream,15,1370.6498409158914,685.3151467492723,685.3346941666191,0.30838889636599,Paid Social
2024-12-01 00:00:00,Dec,Q4,Luxury Set,Lifestyle,East,Mainstream,12,1252.5863177035244,607.0172085564006,645.5691091471238,0.2877801898543193,Paid Search
2024-12-01 00:00:00,Dec,Q4,Luxury Set,Lifestyle,East,Premium,11,1329.5216930670715,597.8888746567256,731.6328184103459,0.19719926214351802,Organic Search
2024-12-01 00:00:00,Dec,Q4,Luxury Set,Lifestyle,East,Premium,10,1139.7402774468098,515.5406105725117,624.1996668742981,0.24411626803758896,Email
2024-12-01 00:00:00,Dec,Q4,Luxury Set,Lifestyle,East,Premium,12,1212.3946022571095,552.9006734514829,659.4939288056265,0.2759577096243538,Paid Social
2024-12-01 00:00:00,Dec,Q4,Luxury Set,Lifestyle,East,Premium,16,1623.956959892956,782.3843329177826,841.5726269751735,0.29385739743641176,Paid Search
2024-12-01 00:00:00,Dec,Q4,Luxury Set,Lifestyle,West,Value Seekers,21,2388.054944470169,1186.4003955582484,1201.6545489119208,0.2385949144969988,Organic Search
2024-12-01 00:00:00,Dec,Q4,Luxury Set,Lifestyle,West,Value Seekers,19,2056.012828191391,904.4389731457538,1151.573855045637,0.2799350652849637,Email
2024-12-01 00:00:00,Dec,Q4,Luxury Set,Lifestyle,West,Value Seekers,17,1573.6239299441286,741.7593480273314,831.8645819167972,0.3363481205050224,Paid Social
2024-12-01 00:00:00,Dec,Q4,Luxury Set,Lifestyle,West,Value Seekers,12,1291.5965771227739,610.2386552960177,681.3579218267562,0.2771713606731707,Paid Search
2024-12-01 00:00:00,Dec,Q4,Luxury Set,Lifestyle,West,Mainstream,8,971.1068484414063,447.61275594214567,523.4940924992607,0.19430082354686762,Organic Search
2024-12-01 00:00:00,Dec,Q4,Luxury Set,Lifestyle,West,Mainstream,19,2199.866478532429,965.4540302881795,1234.4124482442494,0.23784633328583846,Email
2024-12-01 00:00:00,Dec,Q4,Luxury Set,Lifestyle,West,Mainstream,17,1727.9833876769078,780.7958589614489,947.1875287154589,0.27290450407971867,Paid Social
2024-12-01 00:00:00,Dec,Q4,Luxury Set,Lifestyle,West,Mainstream,16,1624.117190495896,780.6155248103943,843.5016656855017,0.2759412774774304,Paid Search
2024-12-01 00:00:00,Dec,Q4,Luxury Set,Lifestyle,West,Premium,9,1026.2931805374558,486.88041104834684,539.412769489109,0.22830871334514902,Organic Search
2024-12-01 00:00:00,Dec,Q4,Luxury Set,Lifestyle,West,Premium,7,801.09707623591,372.7551215808722,428.3419546550378,0.26984368985110074,Email
2024-12-01 00:00:00,Dec,Q4,Luxury Set,Lifestyle,West,Premium,8,756.0736250211818,351.5978469414456,404.4757780797362,0.33644676419878694,Paid Social
2024-12-01 00:00:00,Dec,Q4,Luxury Set,Lifestyle,West,Premium,10,999.1150347703895,492.69068452020775,506.4243502501817,0.29274168188658994,Paid Search
2024-01-01 00:00:00,Jan,Q1,Eco Basics,Essentials,North,Premium,42,880.2908212283164,562.1167386557474,318.174082572569,0.12307694999235104,Paid Social
2024-01-01 00:00:00,Jan,Q1,Premium Audio,Electronics,North,Premium,18,2179.2767115462902,1060.577313218958,1118.6993983273323,0.15584442202330248,Paid Social
2024-03-01 00:00:00,Mar,Q1,Activewear,Lifestyle,West,Value Seekers,44,2696.9363715083027,1448.4583426563743,1248.4780288519285,0.13623464963425166,Paid Search
